timestamp,person,sign,pulgar,indice,medio,anular,menique,lm0_x,lm0_y,lm0_z,lm1_x,lm1_y,lm1_z,lm2_x,lm2_y,lm2_z,lm3_x,lm3_y,lm3_z,lm4_x,lm4_y,lm4_z,lm5_x,lm5_y,lm5_z,lm6_x,lm6_y,lm6_z,lm7_x,lm7_y,lm7_z,lm8_x,lm8_y,lm8_z,lm9_x,lm9_y,lm9_z,lm10_x,lm10_y,lm10_z,lm11_x,lm11_y,lm11_z,lm12_x,lm12_y,lm12_z,lm13_x,lm13_y,lm13_z,lm14_x,lm14_y,lm14_z,lm15_x,lm15_y,lm15_z,lm16_x,lm16_y,lm16_z,lm17_x,lm17_y,lm17_z,lm18_x,lm18_y,lm18_z,lm19_x,lm19_y,lm19_z,lm20_x,lm20_y,lm20_z,imu_roll,imu_pitch,imu_yaw
2026-09-29T15:45:39.483220,Alumna,C,162.55096791116694,93.67683770956513,82.70473046667765,82.41997265456077,100.0311850666644,0.0,0.0,0.0,-0.22397,-0.29099,0.09479,-0.33966,-0.53724,0.07589,-0.45065,-0.68195,0.01481,-0.54098,-0.83564,-0.04903,-0.02544,-1.02401,0.10188,-0.16818,-1.40857,0.03155,-0.33516,-1.41888,-0.04141,-0.44887,-1.30539,-0.08474,0.00763,-0.99996,-0.00348,-0.18577,-1.4593,-0.05275,-0.37843,-1.4425,-0.10879,-0.4695,-1.28076,-0.15218,-0.00308,-0.92927,-0.11277,-0.15679,-1.39804,-0.13717,-0.35039,-1.3909,-0.15294,-0.45472,-1.25218,-0.17193,-0.06217,-0.83023,-0.21856,-0.18431,-1.19505,-0.2281,-0.31553,-1.23575,-0.22029,-0.40321,-1.1627,-0.21897,,,
2026-09-29T15:46:18.259668,Alumna2,C,151.36785062823367,122.2159650926778,97.27128225657685,105.53043503693061,145.113343944272,0.0,0.0,0.0,-0.21282,-0.15951,0.01779,-0.37584,-0.44633,0.01093,-0.51688,-0.5842,-0.02177,-0.65509,-0.62909,-0.0522,-0.27695,-0.94645,0.11544,-0.32312,-1.27805,0.06438,-0.41756,-1.36277,0.0055,-0.50843,-1.35984,-0.0355,-0.21874,-0.97435,0.05288,-0.26743,-1.37834,-0.00528,-0.38967,-1.43861,-0.05898,-0.49892,-1.37002,-0.0899,-0.16443,-0.94587,-0.02569,-0.20794,-1.35093,-0.07035,-0.34791,-1.43008,-0.10429,-0.47331,-1.39067,-0.12356,-0.12535,-0.86724,-0.10888,-0.20172,-1.15736,-0.13468,-0.30946,-1.28386,-0.15442,-0.41569,-1.3384,-0.16967,,,
2026-09-29T15:57:01.180332,Experto1,C,135.44112847960918,126.46230812061373,104.65839567257498,112.65866990399846,147.58511191243798,0.0,0.0,0.0,-0.27665,-0.11588,0.02843,-0.47081,-0.30604,0.0075,-0.63401,-0.33215,-0.04594,-0.78853,-0.31253,-0.10043,-0.40382,-0.90099,0.12426,-0.50736,-1.24139,0.06057,-0.62011,-1.32353,-0.01497,-0.72566,-1.31789,-0.06753,-0.33876,-0.93991,0.04255,-0.45775,-1.35383,-0.0342,-0.60439,-1.41146,-0.10717,-0.72566,-1.33369,-0.14863,-0.26616,-0.92616,-0.05531,-0.38532,-1.32377,-0.11093,-0.54184,-1.39228,-0.15181,-0.67404,-1.34881,-0.17306,-0.19401,-0.86566,-0.15797,-0.29993,-1.16655,-0.19181,-0.42167,-1.2971,-0.21265,-0.53839,-1.35282,-0.22627,,,
2026-09-29T15:57:01.423357,Experto1,C,135.7084342173218,134.95996092321604,118.47811179731167,124.7702739091979,154.47767563338883,0.0,0.0,0.0,-0.2735,-0.1138,0.01152,-0.46375,-0.31222,-0.02011,-0.62798,-0.34526,-0.07928,-0.78915,-0.32764,-0.1401,-0.39703,-0.91294,0.08795,-0.50126,-1.25668,0.01794,-0.61491,-1.35938,-0.06077,-0.72444,-1.37783,-0.11688,-0.32879,-0.94432,0.01283,-0.44659,-1.35584,-0.06845,-0.58923,-1.44129,-0.14544,-0.7162,-1.40612,-0.19248,-0.25327,-0.91936,-0.07746,-0.37315,-1.32379,-0.13731,-0.52251,-1.42224,-0.18207,-0.65354,-1.4118,-0.20823,-0.17984,-0.84388,-0.17322,-0.28704,-1.15316,-0.21246,-0.40645,-1.30677,-0.23732,-0.52227,-1.38977,-0.255,,,
2026-09-29T15:57:01.767009,Experto1,C,134.5781028733451,138.80536535599882,123.45897672917562,128.4909107254371,154.68380757164752,0.0,0.0,0.0,-0.27502,-0.11509,0.01067,-0.4677,-0.31086,-0.01798,-0.6326,-0.33668,-0.07287,-0.7919,-0.31489,-0.12924,-0.3962,-0.91361,0.08748,-0.49341,-1.25298,0.02432,-0.60221,-1.36617,-0.04811,-0.71093,-1.39774,-0.10069,-0.32684,-0.94495,0.01562,-0.43587,-1.34019,-0.056,-0.57652,-1.43829,-0.12387,-0.70582,-1.4215,-0.16624,-0.24886,-0.92002,-0.07146,-0.36342,-1.32117,-0.128,-0.51279,-1.43123,-0.16759,-0.64769,-1.43541,-0.1902,-0.17474,-0.8456,-0.16382,-0.28047,-1.15532,-0.20468,-0.40037,-1.31085,-0.22733,-0.51853,-1.39906,-0.2419,,,
2026-09-29T15:57:01.983099,Experto1,C,135.17841307770001,137.6342360569487,119.91421513655044,127.09328441429413,154.39442890879752,0.0,0.0,0.0,-0.27167,-0.10948,0.0092,-0.46395,-0.30991,-0.0221,-0.63017,-0.34296,-0.07973,-0.79399,-0.32161,-0.13933,-0.3974,-0.91364,0.08378,-0.4972,-1.2566,0.01766,-0.60647,-1.367,-0.0573,-0.7143,-1.39328,-0.11138,-0.32592,-0.94533,0.01092,-0.43676,-1.35192,-0.06643,-0.57711,-1.44327,-0.13854,-0.70414,-1.41352,-0.18235,-0.24601,-0.91845,-0.07695,-0.3617,-1.32363,-0.13643,-0.51039,-1.43041,-0.17902,-0.64339,-1.42842,-0.20331,-0.16851,-0.84099,-0.17002,-0.27365,-1.14745,-0.21206,-0.39319,-1.30062,-0.2365,-0.51026,-1.38621,-0.25265,,,
2026-09-29T15:57:02.221508,Experto1,C,137.32079417686012,135.4999700029173,117.11678354216633,124.62001898809267,154.36230686101055,0.0,0.0,0.0,-0.26872,-0.1086,0.00469,-0.46436,-0.30076,-0.02723,-0.62881,-0.33096,-0.08409,-0.78797,-0.31515,-0.14175,-0.39437,-0.91349,0.08109,-0.49195,-1.25505,0.01262,-0.60046,-1.35812,-0.06321,-0.70605,-1.37866,-0.11626,-0.32381,-0.94604,0.01252,-0.43243,-1.35577,-0.06546,-0.57242,-1.44091,-0.13471,-0.69726,-1.40406,-0.17506,-0.24505,-0.92042,-0.07192,-0.36055,-1.32135,-0.1314,-0.51057,-1.42068,-0.17132,-0.643,-1.41177,-0.19221,-0.17042,-0.84334,-0.16211,-0.27982,-1.14727,-0.20355,-0.40266,-1.29914,-0.22708,-0.52272,-1.38511,-0.24145,,,
2026-09-29T15:57:02.448382,Experto1,C,136.69093484312222,134.5481606932622,115.3565846394393,123.37380311384446,153.3088533990418,0.0,0.0,0.0,-0.26832,-0.10941,0.02515,-0.46106,-0.3022,0.00173,-0.62181,-0.33398,-0.05224,-0.78054,-0.31894,-0.10884,-0.39415,-0.91246,0.10624,-0.49552,-1.25039,0.04242,-0.60447,-1.35093,-0.03238,-0.71015,-1.36717,-0.08582,-0.32432,-0.94564,0.0243,-0.43697,-1.35557,-0.05151,-0.57725,-1.4392,-0.12378,-0.70149,-1.39282,-0.16672,-0.24673,-0.92246,-0.07279,-0.36474,-1.32104,-0.13079,-0.51523,-1.41702,-0.17347,-0.64791,-1.4025,-0.19724,-0.17201,-0.84962,-0.1743,-0.28212,-1.15256,-0.21526,-0.40423,-1.29934,-0.24001,-0.52356,-1.37866,-0.25639,,,
2026-09-29T15:57:02.768267,Experto1,C,135.66802679772255,139.96481912884863,123.85625415680086,129.73289672913705,155.57986526409698,0.0,0.0,0.0,-0.27298,-0.11415,0.00712,-0.47108,-0.31218,-0.02366,-0.63836,-0.34019,-0.07956,-0.79856,-0.31979,-0.1371,-0.39562,-0.91311,0.07919,-0.49823,-1.25085,0.01557,-0.60733,-1.36298,-0.05633,-0.71382,-1.39634,-0.10885,-0.32397,-0.94602,0.00916,-0.43836,-1.34081,-0.06405,-0.57783,-1.43639,-0.13164,-0.70413,-1.419,-0.1736,-0.24372,-0.92109,-0.0758,-0.36482,-1.3168,-0.13324,-0.51244,-1.424,-0.17184,-0.64539,-1.43049,-0.1942,-0.16529,-0.84763,-0.16611,-0.27157,-1.14893,-0.20763,-0.38892,-1.30062,-0.23001,-0.50459,-1.39018,-0.24481,,,
2026-09-29T15:57:02.973082,Experto1,C,137.49231351816468,138.7756567133101,119.99929903307924,127.51998143632939,154.82604568770986,0.0,0.0,0.0,-0.26703,-0.11028,0.00594,-0.46437,-0.3079,-0.02496,-0.62911,-0.34152,-0.08038,-0.78766,-0.32679,-0.13739,-0.39124,-0.91506,0.07675,-0.4923,-1.25243,0.01065,-0.60045,-1.36359,-0.06379,-0.7065,-1.39133,-0.11733,-0.32009,-0.94736,0.00754,-0.43401,-1.34643,-0.06919,-0.57261,-1.43624,-0.13978,-0.69847,-1.40434,-0.18258,-0.23921,-0.92245,-0.07648,-0.35818,-1.3202,-0.13664,-0.50778,-1.42566,-0.17949,-0.64306,-1.42439,-0.2038,-0.15935,-0.847,-0.16562,-0.26688,-1.14908,-0.20952,-0.38666,-1.30085,-0.23506,-0.50488,-1.38728,-0.25159,,,
2026-09-29T15:57:03.148415,Experto1,C,137.9790763940438,136.5645322039173,119.43331312603848,125.40232135422644,153.6386205505061,0.0,0.0,0.0,-0.26085,-0.11038,0.00538,-0.45586,-0.30889,-0.0237,-0.62022,-0.34552,-0.07755,-0.77899,-0.33339,-0.13226,-0.39091,-0.91391,0.08615,-0.48706,-1.24749,0.02243,-0.59406,-1.35242,-0.05124,-0.6991,-1.37609,-0.10395,-0.32169,-0.94666,0.0186,-0.42958,-1.34366,-0.05398,-0.5675,-1.43296,-0.12243,-0.69347,-1.40279,-0.16382,-0.24154,-0.92468,-0.06461,-0.35631,-1.31672,-0.12147,-0.50353,-1.41666,-0.1619,-0.63611,-1.40935,-0.18433,-0.16182,-0.85412,-0.15344,-0.2686,-1.15501,-0.19383,-0.38751,-1.30189,-0.217,-0.50454,-1.38214,-0.23172,,,
2026-09-29T15:57:03.347005,Experto1,C,138.51059175618738,136.39289428170702,117.38714902678328,124.68010552065292,154.33984789803227,0.0,0.0,0.0,-0.26476,-0.10351,0.01182,-0.46343,-0.3002,-0.01435,-0.62971,-0.33879,-0.06715,-0.79099,-0.32451,-0.12133,-0.39805,-0.90855,0.09798,-0.49974,-1.23541,0.03708,-0.60683,-1.33657,-0.03524,-0.70942,-1.35671,-0.08712,-0.328,-0.94431,0.02625,-0.44283,-1.33886,-0.04469,-0.5806,-1.42216,-0.11315,-0.70433,-1.38252,-0.15413,-0.24814,-0.92266,-0.06135,-0.36781,-1.30877,-0.11791,-0.51621,-1.40332,-0.15883,-0.64848,-1.3928,-0.18126,-0.17066,-0.85121,-0.15408,-0.28405,-1.14697,-0.19451,-0.4051,-1.29041,-0.21801,-0.52339,-1.37153,-0.233,,,
2026-09-29T15:57:03.588175,Experto1,C,136.0522025796099,137.74495863418053,120.15529698560002,126.96764303695556,154.80091493410956,0.0,0.0,0.0,-0.26103,-0.10927,0.00069,-0.45874,-0.31059,-0.03087,-0.62644,-0.33938,-0.08602,-0.78732,-0.32282,-0.14152,-0.38867,-0.91498,0.08157,-0.49242,-1.24072,0.01946,-0.60101,-1.34485,-0.05299,-0.70714,-1.36931,-0.10519,-0.31962,-0.94739,0.01743,-0.4385,-1.32935,-0.05294,-0.57628,-1.41364,-0.12049,-0.70191,-1.38216,-0.16205,-0.24088,-0.9245,-0.06229,-0.36572,-1.30661,-0.1174,-0.51362,-1.40427,-0.15688,-0.64719,-1.39899,-0.17918,-0.16488,-0.8519,-0.14789,-0.2773,-1.14629,-0.18666,-0.39739,-1.29231,-0.20909,-0.5156,-1.37427,-0.2236,,,
2026-09-29T15:57:03.778236,Experto1,C,134.2738957990168,139.79564925612564,122.94323679680446,129.6368463402011,156.65202425730547,0.0,0.0,0.0,-0.26523,-0.11111,0.00709,-0.46533,-0.31413,-0.02157,-0.63288,-0.33859,-0.07517,-0.79157,-0.31597,-0.13016,-0.39004,-0.9143,0.08376,-0.49742,-1.24716,0.02342,-0.60633,-1.35799,-0.04687,-0.71303,-1.38703,-0.09776,-0.31967,-0.9474,0.01574,-0.44098,-1.33233,-0.05441,-0.58195,-1.42393,-0.12135,-0.71047,-1.40026,-0.16229,-0.23826,-0.92475,-0.06699,-0.36761,-1.31012,-0.1219,-0.51513,-1.41187,-0.16046,-0.64831,-1.41482,-0.18203,-0.1589,-0.85222,-0.15495,-0.27056,-1.14966,-0.1941,-0.38886,-1.30124,-0.21545,-0.50551,-1.39254,-0.22898,,,
2026-09-29T15:57:03.969738,Experto1,C,136.83989110765248,135.67919049015725,116.69388670114279,124.40020767486847,155.0762490110596,0.0,0.0,0.0,-0.27,-0.11161,0.01477,-0.46806,-0.30896,-0.01289,-0.63489,-0.33902,-0.06855,-0.79601,-0.32469,-0.12632,-0.39315,-0.91414,0.09689,-0.49392,-1.24616,0.03132,-0.60312,-1.34985,-0.04507,-0.70744,-1.36719,-0.09981,-0.32321,-0.9461,0.02066,-0.43886,-1.34579,-0.05751,-0.58142,-1.42938,-0.13149,-0.70824,-1.386,-0.17584,-0.24308,-0.92031,-0.07131,-0.36481,-1.31362,-0.13353,-0.51811,-1.40969,-0.17844,-0.65341,-1.39786,-0.20301,-0.1662,-0.84336,-0.168,-0.28196,-1.14298,-0.21275,-0.40599,-1.29176,-0.23923,-0.52675,-1.37718,-0.25628,,,
2026-09-29T15:57:04.138013,Experto1,C,137.12808734046826,135.25799271040535,116.39906642200458,124.4729002875507,155.04401469329667,0.0,0.0,0.0,-0.26546,-0.11427,0.00883,-0.46508,-0.31845,-0.0205,-0.62942,-0.35071,-0.07518,-0.78556,-0.33915,-0.13082,-0.38561,-0.91898,0.08075,-0.48638,-1.25242,0.01213,-0.59772,-1.35515,-0.06325,-0.70414,-1.37146,-0.11599,-0.31676,-0.94844,0.01088,-0.436,-1.34884,-0.0693,-0.57921,-1.42784,-0.13959,-0.70547,-1.3851,-0.18032,-0.23919,-0.91899,-0.07399,-0.36555,-1.30844,-0.13575,-0.51742,-1.39979,-0.17676,-0.65068,-1.38811,-0.19814,-0.16548,-0.83753,-0.16386,-0.27938,-1.13597,-0.20683,-0.40269,-1.28467,-0.23129,-0.52248,-1.3705,-0.2466,,,
2026-09-29T15:57:04.314818,Experto1,C,137.68325807312283,134.36271486620683,116.41223530971014,124.71059411913924,153.97573444262204,0.0,0.0,0.0,-0.26473,-0.11345,0.00592,-0.45993,-0.31448,-0.02551,-0.62288,-0.35263,-0.08204,-0.78143,-0.33917,-0.13939,-0.38897,-0.9185,0.07939,-0.48602,-1.26152,0.00798,-0.59542,-1.36563,-0.07035,-0.70065,-1.37965,-0.1247,-0.31908,-0.94767,0.01024,-0.43242,-1.35036,-0.07007,-0.57065,-1.43212,-0.14276,-0.69385,-1.38948,-0.18572,-0.23937,-0.92069,-0.07435,-0.35898,-1.31335,-0.13613,-0.50951,-1.41047,-0.17993,-0.6438,-1.39967,-0.20399,-0.16075,-0.84265,-0.16423,-0.26818,-1.14244,-0.20747,-0.38769,-1.2904,-0.23318,-0.50468,-1.3711,-0.24961,,,
2026-09-29T15:57:04.506397,Experto1,C,135.58090339048383,137.15292663491167,119.56900654561632,125.90317802325744,154.1615931356789,0.0,0.0,0.0,-0.26372,-0.11886,0.00817,-0.45934,-0.31928,-0.02118,-0.62431,-0.34936,-0.07624,-0.78312,-0.33078,-0.13275,-0.39002,-0.91487,0.08771,-0.48892,-1.24519,0.02464,-0.59553,-1.35061,-0.04926,-0.70055,-1.37445,-0.10299,-0.32092,-0.94694,0.01771,-0.43503,-1.33672,-0.0556,-0.57217,-1.42284,-0.12582,-0.6972,-1.39052,-0.16944,-0.24119,-0.92261,-0.06768,-0.36162,-1.30851,-0.12631,-0.51005,-1.40634,-0.16887,-0.64362,-1.39877,-0.19337,-0.16332,-0.84797,-0.15821,-0.27413,-1.14595,-0.19974,-0.39315,-1.29114,-0.22409,-0.51025,-1.37041,-0.24049,,,
2026-09-29T15:57:04.706666,Experto1,C,138.048817601276,132.59300880132906,114.74194566212641,122.12456105963497,152.74412430338108,0.0,0.0,0.0,-0.26034,-0.11179,0.00774,-0.45639,-0.30938,-0.02007,-0.62081,-0.33932,-0.07318,-0.77727,-0.33288,-0.12672,-0.38781,-0.9127,0.08939,-0.48856,-1.24448,0.02533,-0.59825,-1.33924,-0.04864,-0.7039,-1.34944,-0.10063,-0.31983,-0.94723,0.02145,-0.43423,-1.34015,-0.05062,-0.57397,-1.41698,-0.11883,-0.69849,-1.37044,-0.15992,-0.24086,-0.92469,-0.06212,-0.36038,-1.31105,-0.11743,-0.51086,-1.4002,-0.15701,-0.6442,-1.38246,-0.17882,-0.16434,-0.8524,-0.15115,-0.27949,-1.14696,-0.18961,-0.40344,-1.28677,-0.21208,-0.52368,-1.36078,-0.22634,,,
2026-09-29T15:57:04.915719,Experto1,C,137.51778958588622,134.14070978108535,115.86307094652342,122.68261157458154,152.95698274878424,0.0,0.0,0.0,-0.27033,-0.11756,0.01808,-0.47048,-0.31997,-0.00544,-0.63801,-0.34961,-0.05727,-0.79715,-0.34258,-0.11023,-0.39571,-0.90871,0.10234,-0.49993,-1.23991,0.04041,-0.61111,-1.33778,-0.03217,-0.71771,-1.35176,-0.08391,-0.32623,-0.9449,0.02708,-0.44545,-1.33935,-0.0457,-0.58746,-1.41904,-0.11486,-0.71228,-1.37286,-0.15616,-0.24738,-0.92308,-0.06359,-0.3716,-1.31026,-0.11924,-0.52352,-1.39923,-0.15867,-0.65658,-1.38183,-0.18019,-0.17149,-0.85248,-0.15915,-0.28672,-1.14916,-0.19801,-0.41095,-1.29053,-0.22049,-0.53105,-1.36566,-0.2349,,,
2026-09-29T15:57:05.140493,Experto1,C,135.83428271802887,132.99580441598712,114.09138418758143,121.88201362668866,153.12213659771055,0.0,0.0,0.0,-0.2742,-0.12068,0.02144,-0.46985,-0.31933,-0.00343,-0.63406,-0.35027,-0.05752,-0.79185,-0.33256,-0.11307,-0.39689,-0.90852,0.10361,-0.50023,-1.24507,0.03892,-0.61036,-1.34241,-0.03659,-0.71625,-1.35238,-0.09035,-0.32792,-0.94437,0.02518,-0.44451,-1.34535,-0.05072,-0.58284,-1.4228,-0.12274,-0.70562,-1.37145,-0.16568,-0.24976,-0.92193,-0.0682,-0.37059,-1.31391,-0.12432,-0.51809,-1.40257,-0.16435,-0.6496,-1.38304,-0.18693,-0.17298,-0.84704,-0.16631,-0.2827,-1.1399,-0.20361,-0.40119,-1.28056,-0.22481,-0.51711,-1.35399,-0.23918,,,
2026-09-29T15:57:05.407230,Experto1,C,140.2808917273907,131.70016028197713,109.91031579066042,118.41092138359807,150.4600503345379,0.0,0.0,0.0,-0.2893,-0.11876,0.06273,-0.48637,-0.30258,0.05129,-0.64604,-0.33026,-0.00244,-0.80578,-0.33805,-0.06311,-0.41943,-0.89914,0.14834,-0.52771,-1.24189,0.08819,-0.63682,-1.33885,0.01137,-0.74409,-1.34421,-0.04674,-0.34469,-0.938,0.03652,-0.46163,-1.36342,-0.04658,-0.60271,-1.43799,-0.13476,-0.72735,-1.37093,-0.18974,-0.26563,-0.92197,-0.08927,-0.38642,-1.31999,-0.1565,-0.53709,-1.40085,-0.21447,-0.66885,-1.37048,-0.25009,-0.18679,-0.85625,-0.21641,-0.29874,-1.15081,-0.26468,-0.4208,-1.28322,-0.29894,-0.53782,-1.34642,-0.32521,,,
2026-09-29T15:57:06.205508,Experto1,C,137.259380399703,136.24266361670738,116.55522620066019,119.82696198527195,140.84234689381125,0.0,0.0,0.0,-0.30727,-0.12834,0.10576,-0.49261,-0.2982,0.10273,-0.64889,-0.31075,0.04431,-0.81568,-0.32345,-0.02858,-0.43593,-0.8986,0.18015,-0.55451,-1.23951,0.12486,-0.66698,-1.35054,0.04352,-0.77619,-1.36725,-0.02396,-0.35202,-0.93542,0.03288,-0.48187,-1.34963,-0.05031,-0.62793,-1.43715,-0.15828,-0.75409,-1.38509,-0.23592,-0.26849,-0.91732,-0.12511,-0.3968,-1.31885,-0.20135,-0.55823,-1.40306,-0.28081,-0.69485,-1.37409,-0.33773,-0.1857,-0.84579,-0.28,-0.30817,-1.15386,-0.34277,-0.44101,-1.26173,-0.38998,-0.56126,-1.29092,-0.43066,,,
2026-09-29T15:57:06.339968,Experto1,C,137.44156257734335,134.2010947962283,112.64301121498379,116.77743990982758,137.64025769788896,0.0,0.0,0.0,-0.30278,-0.13429,0.11646,-0.48777,-0.30372,0.12241,-0.64285,-0.31563,0.07061,-0.80789,-0.33159,0.00486,-0.42251,-0.89722,0.20746,-0.53806,-1.23855,0.16104,-0.64902,-1.34566,0.08614,-0.75591,-1.35629,0.02361,-0.3391,-0.93901,0.05724,-0.46746,-1.35338,-0.01788,-0.61105,-1.43512,-0.11811,-0.7324,-1.36944,-0.18844,-0.25702,-0.92415,-0.10432,-0.38928,-1.32273,-0.17558,-0.54815,-1.39517,-0.24634,-0.6836,-1.35756,-0.29566,-0.1769,-0.85707,-0.26231,-0.30406,-1.15946,-0.32236,-0.43675,-1.25255,-0.36333,-0.55718,-1.27201,-0.3978,,,
2026-09-29T15:57:06.748223,Experto1,C,142.07216976894912,133.16907921900628,113.1984558144749,118.35352218148881,139.61572957700298,0.0,0.0,0.0,-0.33288,-0.10157,0.12819,-0.53448,-0.27708,0.13745,-0.70112,-0.30844,0.08699,-0.88097,-0.3298,0.01948,-0.453,-0.88848,0.18454,-0.58124,-1.26295,0.12077,-0.70457,-1.38051,0.03406,-0.81573,-1.3796,-0.03629,-0.36071,-0.93248,0.01907,-0.49609,-1.38425,-0.08158,-0.65514,-1.47075,-0.19736,-0.78952,-1.40119,-0.27763,-0.26621,-0.91482,-0.1558,-0.40657,-1.34321,-0.25067,-0.58357,-1.42733,-0.33726,-0.73209,-1.38783,-0.39687,-0.17975,-0.84432,-0.32476,-0.31814,-1.16429,-0.412,-0.46965,-1.26822,-0.47139,-0.60223,-1.295,-0.51844,,,
2026-09-29T15:57:06.932790,Experto1,C,141.19237025715535,134.80692968322256,114.7423674748439,119.42573580864217,139.10205746479446,0.0,0.0,0.0,-0.33095,-0.11175,0.13079,-0.53413,-0.28988,0.1422,-0.70051,-0.32545,0.09396,-0.87891,-0.33688,0.0288,-0.44857,-0.89559,0.18956,-0.57524,-1.26163,0.13284,-0.69357,-1.38003,0.0531,-0.8013,-1.38325,-0.01274,-0.35466,-0.93466,0.02498,-0.4881,-1.37936,-0.06669,-0.64398,-1.46625,-0.17233,-0.77845,-1.40779,-0.24606,-0.25904,-0.91379,-0.14906,-0.39721,-1.33677,-0.23853,-0.57239,-1.42163,-0.31664,-0.72162,-1.38961,-0.37059,-0.17372,-0.84043,-0.31722,-0.31477,-1.15886,-0.40108,-0.46612,-1.25696,-0.45523,-0.59891,-1.28407,-0.49814,,,
2026-09-29T15:57:07.171655,Experto1,C,143.45818034964162,133.68237126978366,116.2593341528871,121.77108692155157,140.62581648779795,0.0,0.0,0.0,-0.33389,-0.11353,0.12959,-0.53701,-0.29085,0.14039,-0.70281,-0.33001,0.09106,-0.88069,-0.35365,0.02588,-0.44749,-0.89677,0.19255,-0.5739,-1.26802,0.13396,-0.69633,-1.38768,0.05414,-0.8048,-1.38524,-0.00996,-0.35446,-0.93464,0.0283,-0.48756,-1.38313,-0.06297,-0.64746,-1.47469,-0.1653,-0.78242,-1.42219,-0.23513,-0.25951,-0.91349,-0.14636,-0.39755,-1.33313,-0.23445,-0.57536,-1.42553,-0.30822,-0.72263,-1.40048,-0.35816,-0.17513,-0.84182,-0.3158,-0.31625,-1.15764,-0.3986,-0.46988,-1.2593,-0.44982,-0.6006,-1.29163,-0.48925,,,
2026-09-29T16:31:39.800161,invitado,C,141.29693637215726,138.13499945741304,119.55597443796852,132.06174093286134,166.43445692006725,0.0,0.0,0.0,-0.27047,-0.11829,0.0614,-0.49293,-0.24428,0.03653,-0.67717,-0.22473,-0.01726,-0.81937,-0.19905,-0.07372,-0.2934,-0.95843,0.09383,-0.51739,-1.19124,0.06416,-0.65911,-1.23707,0.01187,-0.80192,-1.21798,-0.0311,-0.26037,-0.96541,0.01361,-0.54645,-1.26728,-0.02203,-0.69938,-1.28771,-0.07837,-0.82642,-1.19852,-0.12425,-0.24785,-0.8861,-0.06845,-0.49359,-1.22428,-0.07612,-0.65704,-1.28553,-0.09173,-0.78884,-1.25679,-0.11272,-0.27527,-0.74827,-0.14944,-0.45669,-0.9813,-0.14657,-0.58705,-1.09918,-0.1441,-0.70051,-1.17578,-0.14955,,,
2026-09-29T16:31:39.968863,invitado,C,143.56903619574948,138.95296877744187,121.45031480321799,129.23094402035449,160.5965408615783,0.0,0.0,0.0,-0.25938,-0.10585,0.04536,-0.47914,-0.23516,0.01731,-0.66271,-0.22684,-0.03736,-0.80972,-0.20721,-0.09227,-0.30115,-0.94009,0.08382,-0.50959,-1.2053,0.05121,-0.6488,-1.2649,0.00224,-0.78127,-1.26152,-0.03728,-0.25753,-0.96623,0.00946,-0.5237,-1.2933,-0.02528,-0.67837,-1.33435,-0.07277,-0.79912,-1.25647,-0.11234,-0.23278,-0.91365,-0.07046,-0.46643,-1.25946,-0.08237,-0.62873,-1.32087,-0.09643,-0.75293,-1.28589,-0.11552,-0.24449,-0.80796,-0.15161,-0.41284,-1.05991,-0.15399,-0.54018,-1.17549,-0.15505,-0.65302,-1.24015,-0.16319,,,
2026-09-29T16:31:40.139113,invitado,C,148.7183088146268,140.55808472132622,121.42283164729501,128.1293879417082,160.7361424497104,0.0,0.0,0.0,-0.26125,-0.10854,0.04913,-0.47863,-0.2343,0.02642,-0.66092,-0.22294,-0.02751,-0.81119,-0.23946,-0.08235,-0.32503,-0.92327,0.11278,-0.51846,-1.18894,0.07947,-0.65087,-1.25662,0.0262,-0.77484,-1.26251,-0.01697,-0.27543,-0.96085,0.03019,-0.51552,-1.28862,-0.00973,-0.66826,-1.34063,-0.0654,-0.7885,-1.26572,-0.10847,-0.24082,-0.92534,-0.06102,-0.45828,-1.26974,-0.08065,-0.61557,-1.33454,-0.10091,-0.73771,-1.2985,-0.12144,-0.23733,-0.83091,-0.15424,-0.39769,-1.08514,-0.16451,-0.52161,-1.20585,-0.17063,-0.63397,-1.27312,-0.18057,,,
2026-09-29T16:31:40.542147,invitado,C,148.46116267522444,139.34873962733607,116.3331496040758,124.85108198394713,160.39647428576674,0.0,0.0,0.0,-0.26221,-0.10611,0.05447,-0.4855,-0.23203,0.0318,-0.67042,-0.22075,-0.02271,-0.8199,-0.23271,-0.07896,-0.33176,-0.92415,0.11007,-0.5327,-1.17695,0.0745,-0.66533,-1.23801,0.01775,-0.79503,-1.23432,-0.02825,-0.28425,-0.95843,0.02459,-0.53865,-1.28579,-0.02139,-0.68903,-1.32344,-0.08307,-0.80843,-1.22839,-0.12924,-0.2496,-0.91899,-0.06751,-0.47394,-1.26511,-0.08804,-0.63338,-1.32237,-0.10979,-0.75854,-1.27446,-0.13118,-0.24453,-0.81885,-0.16075,-0.40782,-1.06963,-0.16912,-0.5334,-1.18891,-0.17379,-0.64824,-1.25304,-0.18301,,,
2026-09-29T16:31:40.704093,invitado,C,146.67124505838825,138.73952878664852,114.01358744134228,121.80306918917775,157.9927793883382,0.0,0.0,0.0,-0.26632,-0.11261,0.06519,-0.49175,-0.23972,0.04745,-0.67436,-0.22856,-0.00443,-0.82124,-0.23113,-0.05903,-0.33587,-0.92308,0.12386,-0.53736,-1.17443,0.09468,-0.66792,-1.23209,0.04191,-0.79817,-1.22817,-0.00188,-0.28744,-0.95718,0.03451,-0.54352,-1.28748,-0.00562,-0.69387,-1.31796,-0.06482,-0.81373,-1.21924,-0.10976,-0.25323,-0.91806,-0.06041,-0.47998,-1.2692,-0.07497,-0.64085,-1.31794,-0.09301,-0.76719,-1.26402,-0.11247,-0.24961,-0.81812,-0.15568,-0.41867,-1.07679,-0.15749,-0.54593,-1.18997,-0.15648,-0.66196,-1.24608,-0.16213,,,
2026-09-29T16:31:40.900656,invitado,C,148.18583467967625,138.39415705572492,116.68407667278709,122.73853245563252,154.72800300092027,0.0,0.0,0.0,-0.25949,-0.09785,0.05593,-0.48198,-0.22544,0.0408,-0.66053,-0.21834,-0.00721,-0.80632,-0.22778,-0.0565,-0.34256,-0.90929,0.12997,-0.5388,-1.16169,0.10145,-0.67153,-1.21711,0.04959,-0.79849,-1.2171,0.00705,-0.29216,-0.9553,0.04513,-0.53778,-1.27455,0.00775,-0.69206,-1.31075,-0.05031,-0.81077,-1.22115,-0.09411,-0.25651,-0.9293,-0.04792,-0.48127,-1.26356,-0.06649,-0.64335,-1.31068,-0.08882,-0.76723,-1.25757,-0.10923,-0.24957,-0.84108,-0.14237,-0.4219,-1.09976,-0.14909,-0.55039,-1.20374,-0.15174,-0.66464,-1.24595,-0.15861,,,
2026-09-29T16:31:41.086774,invitado,C,148.4937228174499,139.02267155374423,117.02509713185445,123.2119447747746,156.53240242036867,0.0,0.0,0.0,-0.26346,-0.09717,0.06071,-0.48481,-0.22116,0.043,-0.66424,-0.21022,-0.01017,-0.81559,-0.22429,-0.06631,-0.35109,-0.90529,0.12916,-0.54658,-1.16523,0.09651,-0.67668,-1.2262,0.04231,-0.80338,-1.22733,-0.00157,-0.29813,-0.95378,0.03783,-0.54249,-1.28119,-0.00576,-0.69782,-1.32368,-0.06596,-0.82043,-1.23148,-0.10999,-0.25873,-0.92612,-0.06143,-0.48545,-1.27211,-0.08486,-0.64783,-1.32341,-0.1051,-0.77519,-1.27135,-0.12326,-0.24825,-0.83362,-0.16183,-0.42352,-1.0951,-0.17357,-0.55245,-1.20468,-0.17594,-0.66973,-1.25311,-0.18166,,,
2026-09-29T16:31:41.337170,invitado,C,148.7928139440856,139.64622445675298,119.21978336653495,125.38047364869125,157.61868245864184,0.0,0.0,0.0,-0.25899,-0.09044,0.04911,-0.48258,-0.21728,0.03145,-0.66319,-0.20669,-0.0165,-0.81023,-0.21979,-0.06518,-0.34075,-0.90792,0.11038,-0.54323,-1.16374,0.07756,-0.67797,-1.22241,0.02704,-0.80456,-1.22129,-0.01334,-0.28919,-0.95681,0.0297,-0.54184,-1.27409,-0.01135,-0.69859,-1.3129,-0.06572,-0.82077,-1.22685,-0.10615,-0.25256,-0.92934,-0.05909,-0.48555,-1.26408,-0.08243,-0.65008,-1.31411,-0.10366,-0.77733,-1.26631,-0.1224,-0.24761,-0.83872,-0.1493,-0.42443,-1.09339,-0.16296,-0.55421,-1.2016,-0.16918,-0.67039,-1.25203,-0.17744,,,
2026-09-29T16:31:41.570057,invitado,C,147.93490256107032,139.16880584602725,118.46467227024019,125.16417999256164,157.86654101729303,0.0,0.0,0.0,-0.26307,-0.09651,0.05443,-0.48596,-0.22168,0.03529,-0.66689,-0.21016,-0.01643,-0.8168,-0.219,-0.06988,-0.34549,-0.91142,0.11846,-0.54877,-1.16469,0.08537,-0.68194,-1.22172,0.03199,-0.81051,-1.21919,-0.01104,-0.29366,-0.95533,0.03325,-0.54761,-1.27239,-0.00909,-0.70244,-1.31045,-0.06742,-0.82432,-1.22092,-0.11104,-0.25646,-0.9235,-0.05974,-0.48858,-1.26009,-0.08148,-0.65164,-1.31126,-0.10284,-0.77882,-1.26266,-0.12264,-0.24956,-0.82872,-0.15404,-0.42507,-1.08227,-0.16471,-0.55374,-1.19098,-0.1691,-0.66991,-1.24226,-0.17692,,,
2026-09-29T16:31:41.775265,invitado,C,148.2580964287371,137.02197710139913,113.97163902114706,120.51862985294476,155.91371083898903,0.0,0.0,0.0,-0.2619,-0.09112,0.055,-0.48857,-0.2132,0.03573,-0.67173,-0.19809,-0.01618,-0.82097,-0.20658,-0.06952,-0.34415,-0.91137,0.11838,-0.54842,-1.17237,0.08575,-0.68275,-1.22696,0.03303,-0.81172,-1.21943,-0.00944,-0.2935,-0.95539,0.03306,-0.55006,-1.28561,-0.01072,-0.70649,-1.31606,-0.07001,-0.82728,-1.21396,-0.11311,-0.25623,-0.925,-0.05962,-0.4895,-1.27095,-0.08093,-0.65565,-1.31391,-0.10245,-0.78335,-1.25259,-0.12178,-0.24832,-0.83212,-0.15345,-0.42813,-1.08289,-0.16319,-0.56007,-1.1854,-0.16722,-0.67749,-1.22838,-0.17434,,,
2026-09-29T16:31:41.975863,invitado,C,148.51034620036154,139.77203576176086,117.15804782830827,122.19348275956524,156.19444009724617,0.0,0.0,0.0,-0.26428,-0.09555,0.05555,-0.48812,-0.21925,0.03824,-0.66704,-0.21089,-0.01272,-0.81526,-0.21927,-0.06568,-0.3559,-0.9035,0.12481,-0.54757,-1.15997,0.09128,-0.67894,-1.22425,0.03661,-0.80612,-1.22696,-0.00859,-0.30243,-0.95249,0.03617,-0.54159,-1.27915,-0.0086,-0.69706,-1.32154,-0.06829,-0.81964,-1.23239,-0.113,-0.26181,-0.92553,-0.06132,-0.4804,-1.27206,-0.08657,-0.64412,-1.3235,-0.11108,-0.77162,-1.2711,-0.13341,-0.2488,-0.83568,-0.16037,-0.4184,-1.08423,-0.17519,-0.549,-1.18963,-0.18358,-0.66682,-1.23867,-0.19499,,,
2026-09-29T16:31:42.145945,invitado,C,149.71151217413535,138.62949497394837,115.97193698760887,121.79264680390078,156.1620086536837,0.0,0.0,0.0,-0.26529,-0.09827,0.05363,-0.48723,-0.22088,0.03475,-0.66643,-0.21345,-0.0177,-0.8177,-0.22844,-0.07247,-0.35458,-0.89983,0.12221,-0.54607,-1.15821,0.08573,-0.67625,-1.22005,0.02894,-0.80221,-1.21961,-0.01676,-0.30009,-0.95328,0.03465,-0.54033,-1.28101,-0.0129,-0.69514,-1.32039,-0.07438,-0.81704,-1.22744,-0.1196,-0.25842,-0.93034,-0.0619,-0.47969,-1.27422,-0.08909,-0.64211,-1.32218,-0.11401,-0.76871,-1.26842,-0.13607,-0.2439,-0.84373,-0.1601,-0.41408,-1.0914,-0.17548,-0.5431,-1.19424,-0.18345,-0.65923,-1.24245,-0.19431,,,
2026-09-29T16:31:42.312042,invitado,C,147.39541546477008,137.21758423291445,114.57401164993206,121.41684870363424,155.8018020066961,0.0,0.0,0.0,-0.26204,-0.09887,0.05135,-0.48752,-0.2241,0.03042,-0.66915,-0.21259,-0.02144,-0.81441,-0.21564,-0.07409,-0.33934,-0.91703,0.11069,-0.54151,-1.17025,0.0759,-0.67771,-1.22537,0.02103,-0.80958,-1.21602,-0.02334,-0.29085,-0.95635,0.02825,-0.54834,-1.28076,-0.01599,-0.70216,-1.31025,-0.07498,-0.82124,-1.21034,-0.11935,-0.25557,-0.92292,-0.06142,-0.48436,-1.26535,-0.08153,-0.64936,-1.31152,-0.10377,-0.77657,-1.25316,-0.12541,-0.24925,-0.83017,-0.15258,-0.42014,-1.0772,-0.16017,-0.55091,-1.18114,-0.16487,-0.6681,-1.22706,-0.17426,,,
2026-09-29T16:31:42.478866,invitado,C,147.95175527924852,139.68754946309454,115.5752580168263,121.13298163326958,154.91847230262843,0.0,0.0,0.0,-0.26241,-0.10367,0.04448,-0.48825,-0.22411,0.0212,-0.6679,-0.21194,-0.03295,-0.81013,-0.21462,-0.08846,-0.35275,-0.90859,0.10664,-0.54682,-1.1649,0.06778,-0.68063,-1.22792,0.01,-0.80863,-1.22948,-0.03691,-0.29895,-0.95396,0.02442,-0.53785,-1.28272,-0.02945,-0.69289,-1.3192,-0.09325,-0.81453,-1.22673,-0.13914,-0.25744,-0.92632,-0.06632,-0.47067,-1.27457,-0.09632,-0.63623,-1.32687,-0.12498,-0.76497,-1.27158,-0.14889,-0.24272,-0.83799,-0.15905,-0.40913,-1.08457,-0.17453,-0.5424,-1.1891,-0.18477,-0.66246,-1.23613,-0.1973,,,
2026-09-29T16:31:42.653907,invitado,C,148.49710239692112,142.70783644076144,120.81218294897431,124.08282530629224,153.33044088044008,0.0,0.0,0.0,-0.26461,-0.09178,0.04774,-0.487,-0.22006,0.032,-0.66243,-0.21624,-0.01595,-0.80933,-0.22516,-0.06573,-0.37675,-0.88149,0.12276,-0.56013,-1.14437,0.08851,-0.68596,-1.21759,0.03318,-0.80699,-1.23326,-0.01244,-0.31762,-0.94742,0.0389,-0.53969,-1.26878,-0.00633,-0.68818,-1.32398,-0.06557,-0.80566,-1.2497,-0.10978,-0.26828,-0.94158,-0.05534,-0.47361,-1.28116,-0.08364,-0.63084,-1.33864,-0.11051,-0.75374,-1.29465,-0.13357,-0.24118,-0.87607,-0.15202,-0.40372,-1.12893,-0.17057,-0.53503,-1.23205,-0.18222,-0.65446,-1.27696,-0.1954,,,
2026-09-29T16:37:16.753847,ale,C,135.89736764348862,138.97741193598156,131.9577313820789,135.71950551078768,157.47806838716974,0.0,0.0,0.0,-0.29504,-0.2155,0.12965,-0.49055,-0.38583,0.13445,-0.66615,-0.38583,0.08128,-0.84526,-0.39244,0.01216,-0.33387,-0.97357,0.19931,-0.4953,-1.29691,0.14032,-0.62025,-1.40586,0.04763,-0.75087,-1.41983,-0.02584,-0.25447,-0.96599,0.04586,-0.43466,-1.346,-0.03291,-0.58939,-1.46227,-0.15051,-0.73926,-1.44581,-0.23946,-0.18379,-0.92987,-0.11595,-0.35263,-1.31795,-0.18071,-0.51238,-1.43133,-0.25338,-0.66243,-1.44512,-0.3099,-0.12594,-0.87295,-0.27277,-0.27183,-1.19003,-0.329,-0.40439,-1.33876,-0.36823,-0.5364,-1.4329,-0.40476,,,
2026-09-29T16:37:16.941724,ale,C,134.9558576928046,140.5240817688643,133.83440381889025,137.72170158723898,158.36883863410387,0.0,0.0,0.0,-0.2964,-0.21554,0.12475,-0.49137,-0.38775,0.13063,-0.66752,-0.38981,0.07921,-0.84667,-0.38938,0.01221,-0.33632,-0.96513,0.20583,-0.49529,-1.28607,0.15158,-0.61738,-1.39874,0.0629,-0.74796,-1.41886,-0.00805,-0.25473,-0.96538,0.05612,-0.43053,-1.33952,-0.01838,-0.58219,-1.46107,-0.13149,-0.73115,-1.45217,-0.21658,-0.18199,-0.935,-0.10304,-0.34721,-1.3161,-0.16526,-0.50489,-1.43479,-0.23427,-0.65466,-1.45563,-0.28728,-0.12269,-0.88074,-0.25802,-0.2671,-1.19544,-0.31269,-0.39806,-1.34642,-0.34967,-0.52867,-1.44355,-0.38363,,,
2026-09-29T16:37:17.106992,ale,C,136.1414705491009,141.25258917478163,135.00549274027304,137.6896677081031,157.48357527367185,0.0,0.0,0.0,-0.29907,-0.22117,0.11908,-0.49208,-0.3944,0.11785,-0.66921,-0.40026,0.05922,-0.85317,-0.40676,-0.01514,-0.3298,-0.97035,0.19766,-0.48527,-1.30111,0.13742,-0.6066,-1.4203,0.04119,-0.73425,-1.44614,-0.03569,-0.24753,-0.96772,0.04729,-0.41914,-1.34921,-0.03112,-0.57193,-1.47739,-0.15191,-0.72203,-1.47883,-0.24471,-0.17331,-0.93672,-0.11262,-0.33301,-1.32385,-0.17623,-0.49204,-1.44708,-0.24911,-0.6434,-1.47205,-0.30685,-0.11197,-0.88098,-0.26904,-0.24787,-1.20403,-0.32165,-0.37815,-1.3606,-0.35786,-0.50921,-1.4606,-0.39321,,,
2026-09-29T16:37:17.279895,ale,C,134.81862543097435,141.84839463296214,135.27659429039096,139.8355357068444,159.3196261116402,0.0,0.0,0.0,-0.29369,-0.22754,0.11591,-0.48558,-0.40583,0.11302,-0.66206,-0.41023,0.05415,-0.8422,-0.41421,-0.02019,-0.32523,-0.9727,0.18979,-0.48155,-1.29885,0.13033,-0.60169,-1.41527,0.03753,-0.73358,-1.44407,-0.03687,-0.24308,-0.96911,0.0416,-0.41709,-1.34196,-0.03845,-0.56655,-1.4667,-0.1551,-0.71556,-1.46377,-0.24327,-0.16916,-0.93443,-0.11586,-0.33239,-1.31485,-0.17988,-0.48908,-1.43997,-0.24826,-0.64059,-1.47002,-0.30169,-0.10905,-0.87262,-0.27006,-0.24828,-1.18951,-0.32255,-0.37714,-1.34715,-0.35645,-0.50709,-1.45175,-0.38906,,,
2026-09-29T16:37:17.427605,ale,C,135.72519980848898,142.69787739390864,135.84372923949078,139.41804826756936,159.21340023311012,0.0,0.0,0.0,-0.29532,-0.23161,0.10838,-0.48675,-0.41156,0.10062,-0.66546,-0.42116,0.03765,-0.84952,-0.42721,-0.04117,-0.3243,-0.9746,0.18196,-0.48373,-1.3069,0.11819,-0.60428,-1.42647,0.0201,-0.73534,-1.45949,-0.0581,-0.24183,-0.96964,0.03631,-0.41581,-1.35128,-0.04945,-0.56676,-1.48093,-0.17383,-0.71734,-1.4824,-0.26775,-0.16705,-0.93519,-0.11875,-0.32718,-1.32346,-0.18603,-0.48449,-1.45357,-0.26101,-0.63537,-1.48228,-0.31916,-0.10465,-0.87607,-0.27103,-0.24452,-1.19945,-0.32401,-0.37509,-1.3614,-0.36056,-0.50574,-1.46667,-0.39589,,,
2026-09-29T16:37:17.589597,ale,C,135.7346538637101,141.9831926110791,134.09971905557302,139.0774728687709,159.24164396339776,0.0,0.0,0.0,-0.28827,-0.23426,0.12149,-0.47562,-0.41725,0.12197,-0.64973,-0.43075,0.06523,-0.82817,-0.44233,-0.00723,-0.31069,-0.97905,0.19669,-0.46551,-1.30644,0.1413,-0.58604,-1.42435,0.05322,-0.71626,-1.45275,-0.01759,-0.23109,-0.97182,0.04662,-0.4029,-1.352,-0.02973,-0.55452,-1.47405,-0.14168,-0.70587,-1.47071,-0.2261,-0.16074,-0.93464,-0.11261,-0.32307,-1.32113,-0.17565,-0.48051,-1.44513,-0.24228,-0.63115,-1.47381,-0.29419,-0.10466,-0.87462,-0.26798,-0.24663,-1.19253,-0.32073,-0.37622,-1.34779,-0.35439,-0.50527,-1.45074,-0.38662,,,
2026-09-29T16:37:17.752529,ale,C,135.6423627613307,141.63751089878355,132.72927818740015,138.1942894091791,159.39413626488738,0.0,0.0,0.0,-0.28908,-0.23759,0.11467,-0.4773,-0.42406,0.11138,-0.65292,-0.43606,0.05221,-0.83135,-0.44973,-0.02237,-0.31081,-0.98128,0.1874,-0.46699,-1.30815,0.12576,-0.58724,-1.42431,0.03075,-0.71863,-1.45233,-0.04477,-0.23103,-0.97213,0.03988,-0.40378,-1.35474,-0.04679,-0.5545,-1.47401,-0.16927,-0.70493,-1.4627,-0.25986,-0.16037,-0.93249,-0.11646,-0.32258,-1.31989,-0.18515,-0.47937,-1.44403,-0.25988,-0.62802,-1.46612,-0.31633,-0.10339,-0.86873,-0.26918,-0.24303,-1.18745,-0.32333,-0.37298,-1.34711,-0.36088,-0.50184,-1.45119,-0.39615,,,
2026-09-29T16:37:17.914036,ale,C,135.48857563328667,141.35912293862353,131.08632631536452,137.6163916791129,159.79818847140425,0.0,0.0,0.0,-0.28377,-0.23344,0.11854,-0.47288,-0.41705,0.11893,-0.64774,-0.42947,0.06332,-0.8236,-0.43842,-0.00761,-0.31344,-0.97636,0.19311,-0.46715,-1.29881,0.13469,-0.58543,-1.4125,0.04484,-0.71397,-1.43751,-0.02618,-0.23297,-0.97142,0.04551,-0.40412,-1.3523,-0.03781,-0.55182,-1.46542,-0.15279,-0.69835,-1.44641,-0.23609,-0.16126,-0.93408,-0.11118,-0.32455,-1.31767,-0.17874,-0.47877,-1.43482,-0.24777,-0.62495,-1.45416,-0.29844,-0.10339,-0.87259,-0.26387,-0.24618,-1.18597,-0.31806,-0.37414,-1.33963,-0.35309,-0.50072,-1.4411,-0.38485,,,
2026-09-29T16:37:18.076332,ale,C,136.09124782736504,140.69256788878218,131.57759721768042,136.53505468493813,157.6825786668843,0.0,0.0,0.0,-0.28724,-0.24186,0.11279,-0.47312,-0.42162,0.10849,-0.64848,-0.42974,0.04803,-0.82626,-0.44637,-0.02777,-0.30977,-0.97703,0.19315,-0.4663,-1.30229,0.13203,-0.58628,-1.41359,0.03646,-0.71975,-1.44032,-0.03887,-0.22938,-0.9722,0.0471,-0.40105,-1.35215,-0.03741,-0.55108,-1.46776,-0.15973,-0.70123,-1.4525,-0.24981,-0.15823,-0.93518,-0.10831,-0.31907,-1.32222,-0.17456,-0.47681,-1.44141,-0.24774,-0.62682,-1.45914,-0.3024,-0.10107,-0.87218,-0.26049,-0.24469,-1.19158,-0.31073,-0.37648,-1.34272,-0.34437,-0.50566,-1.43731,-0.3761,,,
2026-09-29T16:37:18.246216,ale,C,134.9515198131073,141.41213542653878,131.85322426698386,137.4479527883324,159.20740295900308,0.0,0.0,0.0,-0.29005,-0.23303,0.11209,-0.47937,-0.41766,0.10844,-0.65622,-0.42861,0.04914,-0.83531,-0.43537,-0.0256,-0.3184,-0.97535,0.18831,-0.47512,-1.30308,0.12481,-0.59521,-1.419,0.02844,-0.72763,-1.44558,-0.0474,-0.23576,-0.97092,0.0415,-0.41041,-1.35227,-0.04728,-0.56054,-1.46769,-0.17078,-0.71114,-1.45128,-0.26072,-0.16129,-0.93521,-0.11467,-0.32694,-1.32008,-0.18543,-0.48428,-1.4395,-0.26009,-0.63425,-1.45731,-0.31504,-0.10043,-0.87506,-0.26745,-0.24554,-1.19112,-0.32252,-0.37693,-1.34586,-0.35904,-0.50664,-1.44601,-0.39241,,,
2026-09-29T16:37:18.388138,ale,C,135.87168557453234,141.6587847832001,134.36929426309416,139.00795580919987,158.44756223681858,0.0,0.0,0.0,-0.29246,-0.23897,0.10823,-0.48359,-0.42555,0.10141,-0.6619,-0.43975,0.03875,-0.8453,-0.44963,-0.03942,-0.31607,-0.9756,0.19069,-0.47428,-1.3094,0.12789,-0.59665,-1.42892,0.02938,-0.73127,-1.45876,-0.04868,-0.23251,-0.97156,0.04478,-0.40708,-1.35489,-0.04062,-0.55822,-1.48015,-0.16585,-0.70877,-1.47589,-0.2591,-0.15756,-0.93774,-0.11109,-0.32043,-1.32838,-0.1779,-0.47861,-1.45752,-0.25239,-0.63044,-1.48359,-0.30908,-0.09566,-0.87866,-0.2644,-0.23691,-1.20464,-0.31543,-0.36779,-1.36372,-0.34972,-0.49803,-1.46434,-0.38283,,,
2026-09-29T16:37:18.544090,ale,C,135.87854155814708,141.45544549535109,131.9894542201009,138.2117843616853,159.6635212697496,0.0,0.0,0.0,-0.28582,-0.23522,0.11909,-0.47242,-0.42009,0.11897,-0.64724,-0.43711,0.06223,-0.82434,-0.44818,-0.01008,-0.30994,-0.97877,0.19538,-0.46529,-1.30326,0.13428,-0.58659,-1.41987,0.04057,-0.71952,-1.44557,-0.03309,-0.22904,-0.97232,0.04621,-0.40421,-1.35514,-0.03855,-0.55392,-1.47013,-0.15722,-0.70359,-1.45527,-0.24367,-0.15764,-0.93665,-0.11219,-0.32419,-1.32336,-0.18087,-0.48089,-1.44344,-0.25206,-0.63009,-1.46502,-0.30458,-0.10045,-0.87804,-0.26663,-0.24432,-1.19487,-0.32132,-0.37308,-1.34869,-0.35641,-0.50044,-1.45103,-0.38844,,,
2026-09-29T16:37:18.670868,ale,C,135.37588912953768,141.72708655106416,132.36084190341393,137.78979028946955,159.36818255929117,0.0,0.0,0.0,-0.28629,-0.24831,0.11702,-0.47176,-0.4307,0.11565,-0.64662,-0.44149,0.05771,-0.82394,-0.45385,-0.01567,-0.30882,-0.97881,0.19618,-0.46365,-1.30381,0.13476,-0.58265,-1.41901,0.04,-0.71413,-1.44805,-0.03475,-0.22791,-0.9725,0.04792,-0.40229,-1.35323,-0.03788,-0.55031,-1.47021,-0.15914,-0.69862,-1.45562,-0.24774,-0.15623,-0.93522,-0.10962,-0.32142,-1.32359,-0.17844,-0.47714,-1.44298,-0.2502,-0.62573,-1.46353,-0.30306,-0.09836,-0.87133,-0.26342,-0.24307,-1.18952,-0.31717,-0.37232,-1.34301,-0.35142,-0.50039,-1.44398,-0.38284,,,
2026-09-29T16:40:11.997713,exp3,C,149.262621757883,103.01253706617729,75.48459788002727,75.73482823852702,111.95127809573425,-0.0,0.0,0.0,-0.19816,-0.11856,-0.02971,-0.39381,-0.3867,-0.0721,-0.56448,-0.49916,-0.13039,-0.72248,-0.53588,-0.19195,-0.25745,-0.96325,-0.02978,-0.3262,-1.37077,-0.11529,-0.45488,-1.42503,-0.18631,-0.56595,-1.36826,-0.2297,-0.17204,-0.98214,-0.07617,-0.23494,-1.4825,-0.17517,-0.40056,-1.49351,-0.25206,-0.519,-1.33601,-0.2922,-0.08175,-0.94585,-0.13076,-0.13905,-1.43268,-0.22104,-0.31361,-1.43519,-0.27791,-0.44206,-1.29565,-0.30201,0.00506,-0.86254,-0.18944,-0.06759,-1.20942,-0.27266,-0.20909,-1.28497,-0.31833,-0.33162,-1.24584,-0.33985,,,
2026-09-29T16:40:12.175695,exp3,C,147.08761828374756,115.5647683872011,77.8983996199979,74.8940613919405,111.34267353995259,-0.0,0.0,0.0,-0.2016,-0.11059,-0.04003,-0.40417,-0.38051,-0.08873,-0.58612,-0.48666,-0.15247,-0.75035,-0.51471,-0.22038,-0.26468,-0.96442,-0.035,-0.33139,-1.38264,-0.11988,-0.46164,-1.46571,-0.19399,-0.57785,-1.44417,-0.24167,-0.18139,-0.98035,-0.07756,-0.24777,-1.48604,-0.17908,-0.41815,-1.49851,-0.26403,-0.54429,-1.34434,-0.31079,-0.09151,-0.94704,-0.12849,-0.15205,-1.44004,-0.2169,-0.32485,-1.43817,-0.2806,-0.45229,-1.29375,-0.31103,-0.00338,-0.86883,-0.18471,-0.08021,-1.21646,-0.26153,-0.22013,-1.28994,-0.30845,-0.33868,-1.24637,-0.33351,,,
2026-09-29T16:40:12.339281,exp3,C,151.49396004057184,105.47812926252715,84.88156031828566,89.75652214918958,124.05419741291239,-0.0,0.0,0.0,-0.19768,-0.11555,-0.04074,-0.39892,-0.36527,-0.08541,-0.57609,-0.46867,-0.14314,-0.73819,-0.51373,-0.20391,-0.27517,-0.94981,-0.02353,-0.35812,-1.33241,-0.10543,-0.47584,-1.38523,-0.1775,-0.57884,-1.32919,-0.22259,-0.1888,-0.9801,-0.06133,-0.26738,-1.45313,-0.14945,-0.411,-1.48807,-0.22751,-0.52181,-1.36053,-0.27278,-0.0976,-0.9496,-0.10912,-0.16354,-1.40837,-0.19055,-0.31614,-1.45013,-0.25212,-0.43976,-1.35079,-0.28402,-0.00788,-0.86954,-0.16207,-0.08752,-1.19232,-0.23746,-0.21684,-1.28658,-0.28324,-0.33697,-1.27526,-0.30806,,,
2026-09-29T16:40:12.505609,exp3,C,155.08282746741725,107.54821115588811,88.04674666921176,92.61120963138134,126.96971555634862,-0.0,0.0,0.0,-0.20378,-0.11303,-0.03832,-0.40841,-0.36235,-0.08057,-0.5839,-0.47828,-0.13632,-0.74727,-0.5345,-0.19482,-0.2791,-0.94805,-0.01783,-0.36671,-1.32169,-0.09357,-0.48355,-1.37229,-0.16065,-0.58725,-1.32542,-0.20452,-0.1931,-0.97949,-0.05749,-0.27573,-1.44973,-0.14021,-0.41895,-1.48576,-0.21537,-0.53413,-1.37273,-0.2608,-0.10243,-0.94964,-0.10711,-0.17222,-1.40639,-0.18747,-0.32624,-1.44946,-0.24871,-0.45576,-1.3606,-0.28187,-0.01486,-0.86915,-0.16159,-0.10604,-1.18907,-0.23655,-0.23766,-1.28352,-0.28238,-0.35971,-1.27835,-0.3087,,,
2026-09-29T16:40:12.672288,exp3,C,162.58414761638983,96.85007253914108,83.0761886893347,91.04692992077379,126.74269265310141,-0.0,0.0,0.0,-0.20598,-0.10961,-0.04227,-0.4134,-0.35168,-0.08725,-0.58641,-0.47314,-0.14463,-0.74608,-0.57342,-0.20377,-0.27952,-0.94619,-0.02352,-0.35933,-1.3406,-0.10671,-0.47635,-1.37765,-0.17884,-0.57774,-1.30296,-0.22315,-0.19242,-0.97941,-0.06114,-0.27032,-1.46333,-0.14712,-0.41559,-1.49146,-0.22593,-0.52912,-1.36152,-0.27276,-0.10107,-0.94908,-0.10916,-0.16854,-1.41755,-0.19259,-0.32365,-1.4616,-0.25498,-0.45163,-1.36555,-0.28757,-0.01389,-0.86553,-0.16172,-0.10792,-1.19062,-0.23975,-0.24099,-1.28609,-0.28565,-0.3614,-1.27746,-0.31009,,,
2026-09-29T16:40:12.855665,exp3,C,166.33238854620848,103.96936298771242,87.77083947679947,92.58791251160076,127.59882750705486,-0.0,0.0,0.0,-0.20862,-0.10405,-0.04239,-0.41891,-0.32547,-0.08635,-0.58706,-0.44285,-0.14235,-0.73865,-0.55039,-0.19984,-0.28643,-0.94071,-0.01712,-0.37918,-1.32156,-0.09421,-0.4958,-1.36202,-0.16345,-0.59954,-1.30776,-0.20794,-0.19953,-0.97842,-0.05364,-0.28489,-1.45885,-0.1362,-0.42808,-1.4919,-0.21438,-0.54472,-1.379,-0.26231,-0.10998,-0.95479,-0.10062,-0.17802,-1.42901,-0.182,-0.32985,-1.47472,-0.2449,-0.45878,-1.38596,-0.27911,-0.02416,-0.87763,-0.15238,-0.11858,-1.20364,-0.22833,-0.25083,-1.30039,-0.27422,-0.37332,-1.29548,-0.3002,,,
2026-09-29T16:40:13.020102,exp3,C,166.5222314149113,91.30648961849347,80.8211365994047,90.53369168470303,125.65515556480672,-0.0,0.0,0.0,-0.20719,-0.10779,-0.04331,-0.41566,-0.33426,-0.0902,-0.58222,-0.45273,-0.14963,-0.73628,-0.56978,-0.20987,-0.28031,-0.94212,-0.02209,-0.36294,-1.33646,-0.10716,-0.48116,-1.36285,-0.18025,-0.57988,-1.27198,-0.22342,-0.19248,-0.97949,-0.05961,-0.27078,-1.46934,-0.14548,-0.41808,-1.4946,-0.22372,-0.52913,-1.35579,-0.26942,-0.10149,-0.95353,-0.10821,-0.1704,-1.42677,-0.19205,-0.32852,-1.47079,-0.25464,-0.45581,-1.37138,-0.28665,-0.01604,-0.8727,-0.16132,-0.11242,-1.20112,-0.23894,-0.24647,-1.29485,-0.28406,-0.36497,-1.28131,-0.30729,,,
2026-09-29T16:40:13.175991,exp3,C,166.9370922232467,99.19223639634777,84.93587366914294,92.55333495988555,128.84531325748645,-0.0,0.0,0.0,-0.2119,-0.11071,-0.03523,-0.42122,-0.32757,-0.07878,-0.58547,-0.43933,-0.13672,-0.73281,-0.55477,-0.19675,-0.28396,-0.94263,-0.01445,-0.37,-1.33713,-0.09502,-0.48751,-1.37626,-0.1662,-0.58932,-1.30733,-0.21047,-0.19736,-0.9787,-0.05655,-0.27923,-1.46623,-0.14117,-0.42562,-1.49811,-0.22209,-0.53893,-1.37231,-0.27132,-0.10697,-0.95335,-0.10871,-0.17634,-1.42736,-0.19033,-0.33112,-1.4738,-0.25529,-0.45718,-1.3827,-0.29105,-0.02106,-0.87291,-0.16497,-0.11562,-1.19993,-0.24178,-0.25028,-1.29983,-0.28967,-0.37238,-1.29898,-0.31693,,,
2026-09-29T16:40:13.328177,exp3,C,167.72208804757238,101.66539743728649,84.8582221059105,92.27463564632191,127.86231254643995,-0.0,0.0,0.0,-0.21181,-0.11319,-0.03686,-0.42059,-0.3264,-0.08106,-0.58488,-0.4383,-0.13922,-0.73378,-0.55794,-0.1993,-0.2844,-0.94103,-0.01107,-0.3738,-1.3265,-0.09017,-0.49129,-1.3681,-0.16185,-0.59379,-1.3044,-0.20737,-0.19731,-0.97895,-0.05211,-0.28164,-1.45849,-0.13741,-0.4272,-1.48715,-0.2205,-0.54147,-1.3605,-0.27133,-0.10643,-0.95575,-0.10344,-0.17685,-1.42499,-0.18424,-0.33035,-1.46902,-0.25042,-0.4571,-1.37744,-0.28766,-0.02041,-0.87718,-0.15916,-0.11288,-1.20113,-0.23465,-0.24672,-1.29824,-0.28288,-0.36995,-1.29601,-0.31112,,,
2026-09-29T16:40:13.506396,exp3,C,168.784870698395,109.45604193358379,89.5460694557438,95.81947273375259,129.76514424912656,-0.0,0.0,0.0,-0.21006,-0.10983,-0.04072,-0.4192,-0.32302,-0.0856,-0.58318,-0.43881,-0.14337,-0.73127,-0.56307,-0.20314,-0.28767,-0.93849,-0.01446,-0.37807,-1.32025,-0.09405,-0.49475,-1.37914,-0.16595,-0.59761,-1.33083,-0.21125,-0.19984,-0.97841,-0.05269,-0.28104,-1.45971,-0.13667,-0.42363,-1.50447,-0.21929,-0.53809,-1.3906,-0.27029,-0.10874,-0.95417,-0.10138,-0.17533,-1.42329,-0.1831,-0.32676,-1.4798,-0.25107,-0.45341,-1.39636,-0.28945,-0.02204,-0.87385,-0.15438,-0.11628,-1.19629,-0.2308,-0.24828,-1.29733,-0.27974,-0.3693,-1.29763,-0.30829,,,
2026-09-29T16:40:13.651303,exp3,C,168.6369275802951,107.0113439547113,87.01340316793615,95.95293267245836,130.5434283769833,-0.0,0.0,0.0,-0.20579,-0.1061,-0.04497,-0.41486,-0.32234,-0.09301,-0.57908,-0.43796,-0.15236,-0.72994,-0.56379,-0.2133,-0.28328,-0.94047,-0.02634,-0.3721,-1.33132,-0.10843,-0.48893,-1.38644,-0.18007,-0.59062,-1.33308,-0.22439,-0.19491,-0.9788,-0.06291,-0.27558,-1.46962,-0.14773,-0.42047,-1.51029,-0.22841,-0.53385,-1.38866,-0.27759,-0.10281,-0.95083,-0.10975,-0.17026,-1.42186,-0.19124,-0.32441,-1.47756,-0.25737,-0.45232,-1.39563,-0.29472,-0.01413,-0.86596,-0.161,-0.10396,-1.18623,-0.23761,-0.2361,-1.28945,-0.28611,-0.35734,-1.29514,-0.3142,,,
2026-09-29T16:40:13.842784,exp3,C,167.7243073698855,103.43085507913175,86.05795498137563,93.9780979573339,128.54309919385727,-0.0,0.0,0.0,-0.20717,-0.10627,-0.04412,-0.41746,-0.32269,-0.09294,-0.58282,-0.43512,-0.15378,-0.73332,-0.55648,-0.21669,-0.28559,-0.9428,-0.03039,-0.37196,-1.34781,-0.11498,-0.4927,-1.39632,-0.18898,-0.59754,-1.3366,-0.23535,-0.19819,-0.97774,-0.06894,-0.28009,-1.47355,-0.15762,-0.42965,-1.50703,-0.24277,-0.54569,-1.38286,-0.29566,-0.10566,-0.95098,-0.11732,-0.1758,-1.42522,-0.20027,-0.3333,-1.47411,-0.26995,-0.46194,-1.38564,-0.3104,-0.01525,-0.86888,-0.17012,-0.10535,-1.19411,-0.24745,-0.23983,-1.29403,-0.29825,-0.3619,-1.29415,-0.32883,,,
2026-09-29T16:40:14.007197,exp3,C,168.00764387370953,106.64833157536775,88.60428849698937,95.78954884923039,130.32569889326044,-0.0,0.0,0.0,-0.20523,-0.11253,-0.03994,-0.41334,-0.32754,-0.08597,-0.5768,-0.44027,-0.14442,-0.72477,-0.56154,-0.20442,-0.28153,-0.94272,-0.0195,-0.3683,-1.33233,-0.09953,-0.4862,-1.38269,-0.17048,-0.59036,-1.33404,-0.21571,-0.19471,-0.97912,-0.05836,-0.2758,-1.46151,-0.14299,-0.42045,-1.49868,-0.22323,-0.53535,-1.38757,-0.27294,-0.10371,-0.95343,-0.1073,-0.17227,-1.42389,-0.18727,-0.32475,-1.47456,-0.25071,-0.45241,-1.39697,-0.28708,-0.01644,-0.87145,-0.16078,-0.10678,-1.19099,-0.23476,-0.23856,-1.29077,-0.28094,-0.36049,-1.29879,-0.30839,,,
2026-09-29T16:40:14.144672,exp3,C,169.12131877164157,106.6688988397631,87.27191879574818,96.6233481172237,131.19163844773857,-0.0,0.0,0.0,-0.20951,-0.10782,-0.04341,-0.41968,-0.32279,-0.09036,-0.5829,-0.44064,-0.14908,-0.73191,-0.56646,-0.20974,-0.28554,-0.94189,-0.0249,-0.37338,-1.33707,-0.1073,-0.49061,-1.39188,-0.17989,-0.59269,-1.3384,-0.22524,-0.19665,-0.97848,-0.06243,-0.27768,-1.47263,-0.1484,-0.4226,-1.51193,-0.2318,-0.5362,-1.39192,-0.28347,-0.10401,-0.95121,-0.11002,-0.17202,-1.42219,-0.1924,-0.32658,-1.47913,-0.26181,-0.45418,-1.39821,-0.30187,-0.01472,-0.86799,-0.16175,-0.10497,-1.18922,-0.2383,-0.23702,-1.29382,-0.28837,-0.35805,-1.30124,-0.31839,,,
2026-09-29T16:40:14.313780,exp3,C,169.2489086923386,109.37665962624381,89.474508040179,97.49400521309818,132.33014021983166,-0.0,0.0,0.0,-0.20842,-0.11006,-0.04378,-0.41429,-0.32163,-0.09078,-0.57594,-0.43834,-0.1494,-0.72402,-0.56473,-0.20963,-0.2877,-0.93814,-0.02129,-0.37476,-1.32685,-0.10219,-0.49079,-1.38587,-0.17413,-0.593,-1.33964,-0.21926,-0.19947,-0.9782,-0.05783,-0.27898,-1.46438,-0.14121,-0.42082,-1.5107,-0.22233,-0.53384,-1.39736,-0.27274,-0.107,-0.95259,-0.10481,-0.17549,-1.41818,-0.18547,-0.3272,-1.47689,-0.25196,-0.45472,-1.39895,-0.2901,-0.01755,-0.86979,-0.15615,-0.10855,-1.1837,-0.23157,-0.23802,-1.28816,-0.27949,-0.35752,-1.29776,-0.30767,,,
2026-09-29T16:40:14.472316,exp3,C,168.2867332404352,109.70449981757893,91.5067133721713,96.84565008242573,131.0660969693755,-0.0,0.0,0.0,-0.20945,-0.10857,-0.03694,-0.41961,-0.31841,-0.07995,-0.58302,-0.42862,-0.13603,-0.7277,-0.5468,-0.19432,-0.28967,-0.94088,-0.01483,-0.37862,-1.32622,-0.09196,-0.49253,-1.38388,-0.16169,-0.59472,-1.33977,-0.20644,-0.20185,-0.97789,-0.05472,-0.28364,-1.45743,-0.136,-0.42318,-1.50524,-0.21695,-0.53661,-1.39974,-0.26831,-0.10958,-0.9532,-0.10443,-0.17918,-1.41635,-0.18259,-0.32826,-1.47139,-0.24936,-0.45421,-1.39322,-0.28889,-0.01988,-0.87317,-0.15831,-0.11056,-1.19099,-0.23194,-0.24003,-1.29276,-0.28038,-0.36087,-1.3003,-0.31006,,,
2026-09-29T16:40:14.639327,exp3,C,168.72867598511854,112.72783623679977,90.29778622975759,97.8465507861939,131.12197153460733,-0.0,0.0,0.0,-0.21045,-0.10317,-0.04204,-0.42166,-0.31544,-0.08507,-0.58631,-0.42826,-0.13974,-0.73284,-0.5486,-0.19663,-0.29378,-0.9389,-0.01908,-0.38352,-1.32037,-0.096,-0.49629,-1.38471,-0.1659,-0.59808,-1.34571,-0.21075,-0.20362,-0.97746,-0.05574,-0.2836,-1.45733,-0.13622,-0.42108,-1.50484,-0.2175,-0.5343,-1.39481,-0.26911,-0.11004,-0.9499,-0.10241,-0.17747,-1.41034,-0.18225,-0.32592,-1.47024,-0.2522,-0.45288,-1.39238,-0.29355,-0.01973,-0.86679,-0.15315,-0.11212,-1.18152,-0.22908,-0.24081,-1.28251,-0.27954,-0.36099,-1.28759,-0.31031,,,
2026-09-29T16:40:14.784843,exp3,C,168.00263478887763,112.42446321077557,89.64768579398589,96.24615340286776,129.93470556701405,-0.0,0.0,0.0,-0.20579,-0.10156,-0.04467,-0.41465,-0.31409,-0.09031,-0.57784,-0.42657,-0.14708,-0.72642,-0.54247,-0.20547,-0.28936,-0.93704,-0.0236,-0.37798,-1.32027,-0.10299,-0.49342,-1.38298,-0.17333,-0.59752,-1.34517,-0.21767,-0.1996,-0.97809,-0.05907,-0.27813,-1.46107,-0.1408,-0.42027,-1.50647,-0.21922,-0.53684,-1.39563,-0.2679,-0.10763,-0.95246,-0.10479,-0.17543,-1.41671,-0.18531,-0.32746,-1.47252,-0.25036,-0.45708,-1.39146,-0.28708,-0.01947,-0.87009,-0.15499,-0.11234,-1.18636,-0.23056,-0.24267,-1.28597,-0.27738,-0.36319,-1.28751,-0.30429,,,
2026-09-29T16:40:14.920027,exp3,C,168.6852198899998,114.00351227707439,93.15979923163887,97.54072955978009,130.77002465681113,-0.0,0.0,0.0,-0.20897,-0.10954,-0.03679,-0.42028,-0.31802,-0.07695,-0.58399,-0.42829,-0.13022,-0.73022,-0.54679,-0.18523,-0.29634,-0.93536,-0.00246,-0.39145,-1.30195,-0.07491,-0.50319,-1.36475,-0.14349,-0.60405,-1.32808,-0.18814,-0.20768,-0.97734,-0.04106,-0.29465,-1.44392,-0.11908,-0.43013,-1.49449,-0.19999,-0.54309,-1.39177,-0.25125,-0.11505,-0.95706,-0.09023,-0.19025,-1.40947,-0.16766,-0.33651,-1.4648,-0.23603,-0.46248,-1.38532,-0.27615,-0.02612,-0.88137,-0.14357,-0.12458,-1.19093,-0.21677,-0.25277,-1.28741,-0.26568,-0.37313,-1.28891,-0.29545,,,
2026-09-29T16:57:26.051281,rayexper,C,161.03463821164627,129.69334653520667,107.37114788083544,118.87348472385683,153.0136396016947,0.0,0.0,0.0,-0.23787,-0.14718,0.06932,-0.42479,-0.35073,0.0805,-0.56386,-0.42223,0.05288,-0.68854,-0.52384,0.02276,-0.33219,-0.93156,0.16786,-0.41485,-1.27487,0.13292,-0.5124,-1.36861,0.08342,-0.61123,-1.37447,0.05005,-0.26252,-0.96207,0.07424,-0.36117,-1.38599,0.02979,-0.4878,-1.46366,-0.02105,-0.6027,-1.39993,-0.04864,-0.19352,-0.94893,-0.03258,-0.29697,-1.37993,-0.07055,-0.43529,-1.47492,-0.09653,-0.55824,-1.45004,-0.10754,-0.13396,-0.8938,-0.14051,-0.24288,-1.23996,-0.1729,-0.35797,-1.39605,-0.18887,-0.46985,-1.47072,-0.1963,,,
2026-09-29T16:57:26.272221,rayexper,C,160.72947257684788,128.74696060342978,109.54256013052242,119.07833831447884,151.9414465806945,0.0,0.0,0.0,-0.23523,-0.14589,0.06676,-0.42169,-0.34624,0.07684,-0.56137,-0.41998,0.04897,-0.68538,-0.51413,0.01841,-0.33257,-0.92901,0.16402,-0.41592,-1.2651,0.12706,-0.51453,-1.35622,0.07451,-0.61347,-1.3595,0.03868,-0.26357,-0.96197,0.07172,-0.35939,-1.37899,0.02877,-0.48444,-1.46158,-0.02315,-0.59925,-1.40328,-0.05334,-0.19437,-0.94917,-0.03373,-0.29283,-1.37549,-0.0692,-0.4316,-1.4751,-0.09611,-0.55522,-1.44945,-0.10982,-0.13513,-0.89505,-0.1406,-0.24565,-1.23045,-0.17079,-0.36043,-1.37979,-0.18604,-0.46979,-1.44402,-0.19412,,,
2026-09-29T16:57:30.688529,rayexper,C,166.38659291962253,90.05699363727712,71.22721250675806,68.96615952285154,96.20175182730114,0.0,0.0,0.0,-0.25502,-0.16574,0.12372,-0.42317,-0.37683,0.16692,-0.55255,-0.4996,0.15273,-0.65395,-0.66228,0.13795,-0.29988,-0.89377,0.30686,-0.40634,-1.17355,0.29935,-0.51663,-1.17104,0.25313,-0.60317,-1.0968,0.22146,-0.2464,-0.94977,0.19295,-0.37309,-1.30765,0.17863,-0.51444,-1.27305,0.12426,-0.6013,-1.11779,0.09226,-0.19412,-0.9644,0.06488,-0.31722,-1.33147,0.05489,-0.47065,-1.28014,0.03523,-0.56116,-1.12818,0.02685,-0.14723,-0.94539,-0.06242,-0.26867,-1.25948,-0.05752,-0.40204,-1.27611,-0.04944,-0.49565,-1.19876,-0.04323,,,
2026-09-29T16:57:30.903741,rayexper,C,167.46684825607153,84.71032695086902,69.61668012733764,68.6833258783465,101.3946609162914,0.0,0.0,0.0,-0.25,-0.16504,0.1009,-0.42046,-0.37849,0.13248,-0.55126,-0.50517,0.11236,-0.65073,-0.66948,0.0939,-0.29951,-0.90112,0.27192,-0.40699,-1.18985,0.25003,-0.51874,-1.17638,0.19753,-0.60297,-1.08703,0.16464,-0.24509,-0.95438,0.17055,-0.37588,-1.31461,0.14518,-0.51674,-1.27222,0.09021,-0.59979,-1.11043,0.06005,-0.19033,-0.96849,0.05402,-0.31481,-1.33712,0.03761,-0.46768,-1.28737,0.01904,-0.55574,-1.1331,0.01351,-0.13865,-0.95,-0.06335,-0.25713,-1.26742,-0.06256,-0.38869,-1.29937,-0.05567,-0.48042,-1.23182,-0.04827,,,
2026-09-29T16:57:31.079887,rayexper,C,166.32277093118054,86.66232694599434,72.76650781663801,70.92590780526126,101.06275686978375,0.0,0.0,0.0,-0.25372,-0.1719,0.11674,-0.42067,-0.37614,0.15422,-0.55094,-0.50131,0.13573,-0.65399,-0.66957,0.11766,-0.30159,-0.8938,0.30132,-0.40854,-1.17786,0.28738,-0.51977,-1.16846,0.23543,-0.60823,-1.08371,0.20146,-0.24734,-0.94983,0.19143,-0.37468,-1.3044,0.17625,-0.51261,-1.27499,0.1206,-0.59852,-1.1257,0.08724,-0.19457,-0.96683,0.06652,-0.31211,-1.33634,0.0588,-0.46069,-1.30086,0.04203,-0.55018,-1.1577,0.03504,-0.14507,-0.95103,-0.05863,-0.26038,-1.26835,-0.05179,-0.39032,-1.29953,-0.04159,-0.48381,-1.2331,-0.03342,,,
2026-09-29T16:57:31.737755,rayexper,C,154.25249219284638,111.23989795826901,86.517256375182,92.5569213757727,119.57252943390941,0.0,0.0,0.0,-0.25287,-0.1177,0.09946,-0.44654,-0.28731,0.12541,-0.59869,-0.32349,0.10139,-0.73396,-0.39334,0.07527,-0.35023,-0.90542,0.25627,-0.44312,-1.2186,0.24402,-0.55309,-1.26992,0.1975,-0.64851,-1.23843,0.16199,-0.28939,-0.94623,0.14458,-0.38737,-1.36416,0.12356,-0.53226,-1.3969,0.07161,-0.63816,-1.2838,0.03856,-0.23339,-0.93925,0.01713,-0.33457,-1.36295,-0.00691,-0.50011,-1.3958,-0.03706,-0.62246,-1.30522,-0.05342,-0.19565,-0.89016,-0.11054,-0.3229,-1.22587,-0.1293,-0.46309,-1.29343,-0.13942,-0.57857,-1.26501,-0.14601,,,
2026-09-29T16:57:31.945913,rayexper,C,155.0878360368891,113.93490969094081,94.33441967018788,99.89531625127547,127.27251397977149,0.0,0.0,0.0,-0.26279,-0.10356,0.09583,-0.45832,-0.25084,0.1202,-0.6155,-0.27056,0.09481,-0.75768,-0.34358,0.06744,-0.37417,-0.88612,0.26713,-0.47101,-1.1991,0.25857,-0.57668,-1.25795,0.20947,-0.67426,-1.22855,0.17183,-0.31062,-0.93734,0.15783,-0.41199,-1.33428,0.14492,-0.55113,-1.38939,0.0899,-0.65895,-1.28909,0.05229,-0.25038,-0.94251,0.03188,-0.34799,-1.3482,0.01936,-0.50519,-1.4074,-0.00869,-0.62959,-1.3296,-0.02657,-0.20432,-0.90596,-0.09575,-0.31868,-1.23286,-0.10496,-0.45015,-1.3229,-0.11125,-0.56563,-1.31293,-0.11646,,,
2026-09-29T16:57:32.392618,rayexper,C,152.52082127819287,121.87186778193471,99.33872053764692,107.23576634828143,134.06185427641176,0.0,0.0,0.0,-0.26042,-0.11379,0.10315,-0.46176,-0.26648,0.13067,-0.61923,-0.28533,0.10636,-0.76362,-0.34504,0.07821,-0.3622,-0.89669,0.27454,-0.45774,-1.20369,0.27378,-0.56164,-1.27767,0.23132,-0.66414,-1.26596,0.19623,-0.29782,-0.94112,0.15999,-0.39806,-1.34331,0.14809,-0.53644,-1.40917,0.09548,-0.64899,-1.32277,0.06047,-0.24095,-0.93836,0.02925,-0.34775,-1.34657,0.01313,-0.50597,-1.417,-0.01674,-0.63637,-1.35892,-0.03447,-0.20312,-0.89249,-0.10206,-0.33048,-1.22233,-0.11591,-0.46604,-1.32083,-0.1251,-0.58786,-1.33107,-0.1322,,,
2026-09-29T16:57:32.571352,rayexper,C,153.52340320534893,120.58614278320151,98.47947222140965,105.9652518621664,136.14840443224156,0.0,0.0,0.0,-0.25263,-0.11609,0.07195,-0.45575,-0.2772,0.08381,-0.61533,-0.29683,0.05189,-0.75736,-0.36356,0.01922,-0.34713,-0.91525,0.22015,-0.4415,-1.22823,0.20098,-0.55008,-1.30113,0.15122,-0.65545,-1.285,0.11404,-0.28236,-0.95154,0.12183,-0.38482,-1.35715,0.09413,-0.52631,-1.41638,0.04045,-0.64348,-1.3277,0.00703,-0.22411,-0.94235,0.00663,-0.33509,-1.35466,-0.02282,-0.497,-1.41945,-0.05443,-0.62941,-1.35718,-0.0702,-0.18762,-0.88967,-0.11065,-0.31938,-1.21872,-0.13405,-0.45714,-1.32237,-0.14732,-0.57986,-1.33588,-0.15477,,,
2026-09-29T16:57:32.754483,rayexper,C,154.3005522998955,123.1401187706743,100.83282568144277,107.97775253825587,138.13402375716043,0.0,0.0,0.0,-0.25578,-0.1193,0.07299,-0.4587,-0.27969,0.08557,-0.61809,-0.30132,0.0545,-0.76001,-0.37037,0.02237,-0.35441,-0.91192,0.22197,-0.45087,-1.22476,0.20349,-0.55638,-1.30075,0.15231,-0.66146,-1.29109,0.11365,-0.28911,-0.94926,0.12379,-0.39325,-1.35148,0.09579,-0.53206,-1.41627,0.03832,-0.64847,-1.33192,0.00163,-0.22906,-0.94121,0.00917,-0.33636,-1.35746,-0.01834,-0.49359,-1.43057,-0.05243,-0.62329,-1.37333,-0.07085,-0.18787,-0.89131,-0.10743,-0.31156,-1.2254,-0.12851,-0.44451,-1.33799,-0.14219,-0.56404,-1.35811,-0.15063,,,
2026-09-29T16:57:32.940864,rayexper,C,153.163167923202,121.1338365166697,97.52640513317819,104.84402194682995,135.8392798218058,0.0,0.0,0.0,-0.25353,-0.1187,0.07628,-0.45561,-0.28151,0.09031,-0.6153,-0.30175,0.05967,-0.75713,-0.36833,0.02782,-0.35074,-0.91258,0.22688,-0.44581,-1.22796,0.20964,-0.55143,-1.30039,0.15933,-0.65525,-1.28702,0.12111,-0.28641,-0.94978,0.12608,-0.38728,-1.3559,0.09886,-0.52773,-1.416,0.04247,-0.64283,-1.32326,0.00688,-0.22767,-0.94043,0.0088,-0.33364,-1.35507,-0.01806,-0.49388,-1.41915,-0.05069,-0.62427,-1.35569,-0.06797,-0.18821,-0.88841,-0.11041,-0.314,-1.21957,-0.13089,-0.44927,-1.32412,-0.14359,-0.56928,-1.33833,-0.15135,,,
2026-09-29T16:57:33.142685,rayexper,C,153.31282077695,123.2060470959155,99.39414013012419,108.00994852870913,138.7744087410431,0.0,0.0,0.0,-0.25268,-0.12163,0.08035,-0.45049,-0.28108,0.09561,-0.60943,-0.30267,0.06528,-0.75488,-0.37082,0.03292,-0.35573,-0.90812,0.23261,-0.45307,-1.218,0.21628,-0.55709,-1.29295,0.16616,-0.66044,-1.28308,0.12778,-0.29067,-0.94804,0.12932,-0.39275,-1.3527,0.10169,-0.52957,-1.41613,0.0439,-0.64428,-1.32832,0.00759,-0.23003,-0.94205,0.00976,-0.33521,-1.35466,-0.0168,-0.4908,-1.42695,-0.05051,-0.62105,-1.37149,-0.06891,-0.18642,-0.894,-0.11146,-0.30863,-1.22402,-0.13204,-0.44017,-1.3358,-0.1458,-0.55963,-1.35955,-0.1546,,,
2026-09-29T16:57:33.305914,rayexper,C,155.12150610838728,122.11968452972346,100.87296386788624,106.4458606166235,135.6687164608639,0.0,0.0,0.0,-0.25302,-0.11422,0.07484,-0.45542,-0.27794,0.08979,-0.61399,-0.30274,0.06056,-0.75537,-0.37704,0.03025,-0.35016,-0.91228,0.22786,-0.44312,-1.22402,0.21392,-0.54899,-1.29955,0.16649,-0.65295,-1.28812,0.13016,-0.28513,-0.94973,0.12929,-0.38407,-1.35107,0.10891,-0.52325,-1.41597,0.05757,-0.64003,-1.33619,0.02403,-0.22414,-0.94287,0.01392,-0.3288,-1.35677,-0.00978,-0.48663,-1.42613,-0.03916,-0.61636,-1.36666,-0.05496,-0.18176,-0.89575,-0.10358,-0.30592,-1.23125,-0.12305,-0.43903,-1.33737,-0.1339,-0.55716,-1.34992,-0.14039,,,
2026-09-29T16:57:33.476913,rayexper,C,153.728123206732,123.0419878202016,99.26193167634212,107.23739231773268,138.22797962613095,0.0,0.0,0.0,-0.25478,-0.11889,0.07721,-0.45468,-0.27924,0.08972,-0.61364,-0.29823,0.0574,-0.75884,-0.37107,0.02298,-0.35525,-0.91289,0.22471,-0.45673,-1.22086,0.20514,-0.56236,-1.29303,0.15228,-0.66919,-1.28309,0.1119,-0.28915,-0.94945,0.12224,-0.39719,-1.34774,0.0908,-0.53676,-1.40646,0.02959,-0.65443,-1.31652,-0.00906,-0.22712,-0.94144,0.00385,-0.33844,-1.35031,-0.02599,-0.49604,-1.417,-0.06148,-0.62815,-1.35825,-0.08059,-0.18093,-0.89127,-0.11623,-0.30599,-1.22227,-0.13909,-0.439,-1.33276,-0.15374,-0.55955,-1.35383,-0.16277,,,
2026-09-29T16:57:33.674453,rayexper,C,154.31763491394736,117.75554467734578,95.95106203180107,103.79826093418374,135.93408208430722,0.0,0.0,0.0,-0.25138,-0.12301,0.06818,-0.45406,-0.28533,0.07591,-0.61311,-0.30952,0.04091,-0.75472,-0.37874,0.00502,-0.34668,-0.91749,0.20918,-0.43923,-1.23529,0.18114,-0.546,-1.30284,0.12445,-0.64956,-1.28039,0.08369,-0.27923,-0.95375,0.11133,-0.37737,-1.36541,0.07391,-0.51689,-1.42407,0.01376,-0.63179,-1.32541,-0.02268,-0.21826,-0.94222,-0.00322,-0.32293,-1.35782,-0.03775,-0.48212,-1.42015,-0.07314,-0.61147,-1.35315,-0.09074,-0.17694,-0.88561,-0.11989,-0.30487,-1.21223,-0.14588,-0.44149,-1.31603,-0.16144,-0.56289,-1.32929,-0.17011,,,
2026-09-29T16:57:33.813196,rayexper,C,153.8444179051203,120.10667665647175,97.7091545121314,106.42292965077114,138.63840997355487,0.0,0.0,0.0,-0.25416,-0.11673,0.07245,-0.4547,-0.27686,0.08117,-0.61393,-0.2972,0.04615,-0.75722,-0.36832,0.00955,-0.35273,-0.91598,0.2148,-0.45217,-1.23156,0.18864,-0.55903,-1.3015,0.13118,-0.66619,-1.2834,0.0888,-0.28637,-0.95125,0.11448,-0.39287,-1.35493,0.07657,-0.53341,-1.41157,0.01159,-0.65123,-1.31613,-0.02852,-0.22456,-0.94095,-0.00189,-0.33439,-1.3498,-0.03534,-0.49501,-1.41478,-0.07383,-0.62838,-1.35406,-0.0943,-0.17935,-0.88901,-0.12008,-0.30208,-1.21751,-0.14416,-0.4357,-1.32912,-0.16051,-0.55635,-1.3529,-0.17051,,,
2026-09-29T16:57:33.988464,rayexper,C,153.04140187956733,118.90405605593216,98.17910331477424,103.70937014186045,132.82076263918222,0.0,0.0,0.0,-0.26048,-0.12079,0.08385,-0.46072,-0.27993,0.09969,-0.61984,-0.29813,0.06826,-0.7632,-0.36705,0.03493,-0.35273,-0.9108,0.24273,-0.45127,-1.22128,0.22736,-0.56041,-1.2886,0.17406,-0.66915,-1.27058,0.13287,-0.289,-0.9474,0.13751,-0.39542,-1.34345,0.11241,-0.5395,-1.40118,0.05053,-0.65672,-1.30848,0.00933,-0.23103,-0.94031,0.01591,-0.33897,-1.35022,-0.00838,-0.50156,-1.41147,-0.04435,-0.63315,-1.34296,-0.06527,-0.19101,-0.89233,-0.10727,-0.31562,-1.22522,-0.12508,-0.45344,-1.32542,-0.13787,-0.57562,-1.33143,-0.14682,,,
2026-09-29T16:57:34.208326,rayexper,C,153.12059520312846,121.45456275435144,98.94243645530868,106.98174574580105,137.23068119916903,0.0,0.0,0.0,-0.25159,-0.1206,0.0784,-0.45391,-0.28677,0.09539,-0.61133,-0.31009,0.06803,-0.75174,-0.37399,0.03936,-0.35125,-0.9103,0.22694,-0.44754,-1.22111,0.20991,-0.55245,-1.29227,0.16057,-0.65599,-1.27926,0.12357,-0.28698,-0.94945,0.12723,-0.39059,-1.35178,0.10114,-0.52674,-1.41215,0.04604,-0.63998,-1.32459,0.01151,-0.22784,-0.9434,0.01147,-0.33631,-1.3549,-0.01421,-0.49215,-1.42291,-0.04661,-0.62073,-1.36424,-0.06366,-0.18716,-0.89557,-0.10589,-0.31273,-1.2264,-0.12484,-0.44533,-1.33419,-0.13721,-0.56468,-1.35131,-0.14473,,,
2026-09-29T16:57:34.347295,rayexper,C,152.68444436006067,123.12290788225621,97.81422688243664,107.07764802381888,138.47727947043234,0.0,0.0,0.0,-0.24242,-0.11627,0.07884,-0.4448,-0.28261,0.09688,-0.60397,-0.31056,0.07086,-0.74687,-0.36742,0.04307,-0.35199,-0.90696,0.22631,-0.44845,-1.22018,0.21117,-0.55196,-1.29427,0.1649,-0.65205,-1.28424,0.13015,-0.28868,-0.94897,0.12697,-0.38863,-1.35966,0.10266,-0.5229,-1.41925,0.05188,-0.63477,-1.33149,0.02112,-0.22974,-0.9443,0.01157,-0.3335,-1.36016,-0.01335,-0.48617,-1.42912,-0.04307,-0.61313,-1.37366,-0.0582,-0.18794,-0.89935,-0.10536,-0.31175,-1.22999,-0.12402,-0.44139,-1.33843,-0.13554,-0.559,-1.36079,-0.14247,,,
2026-09-29T16:57:34.546010,rayexper,C,152.34315485498692,125.08471992361206,96.31503460761756,105.67175181440875,137.9905695206204,0.0,0.0,0.0,-0.24591,-0.11577,0.09515,-0.44548,-0.27579,0.12046,-0.6031,-0.30671,0.09682,-0.74661,-0.35823,0.06992,-0.35592,-0.89678,0.25866,-0.4516,-1.19548,0.25611,-0.5568,-1.27335,0.21724,-0.65618,-1.26678,0.1861,-0.29222,-0.94435,0.15101,-0.38932,-1.35059,0.13819,-0.52406,-1.40885,0.09238,-0.63433,-1.31887,0.06461,-0.23463,-0.9438,0.02749,-0.33864,-1.35203,0.01181,-0.49342,-1.41931,-0.01305,-0.62043,-1.35811,-0.02591,-0.19625,-0.89864,-0.09706,-0.3244,-1.22237,-0.10982,-0.45727,-1.32804,-0.11779,-0.57608,-1.34708,-0.1229,,,
2026-09-29T16:57:34.762717,rayexper,C,150.3193084411103,122.55089776960723,95.87430790156509,104.77531030714746,137.07245873842686,0.0,0.0,0.0,-0.2473,-0.10605,0.10041,-0.45371,-0.26919,0.12864,-0.6117,-0.2936,0.10651,-0.7539,-0.33633,0.08081,-0.36798,-0.89346,0.26675,-0.46104,-1.19323,0.2672,-0.56456,-1.26782,0.22984,-0.66177,-1.25545,0.19925,-0.30366,-0.93998,0.15565,-0.39878,-1.34893,0.14535,-0.53261,-1.40739,0.10168,-0.64231,-1.31737,0.07539,-0.24412,-0.93998,0.02863,-0.34969,-1.34696,0.01483,-0.50214,-1.41122,-0.00785,-0.62712,-1.34752,-0.01949,-0.20374,-0.89365,-0.09934,-0.33518,-1.21015,-0.11045,-0.46728,-1.30928,-0.11668,-0.58518,-1.32403,-0.12096,,,
2026-09-29T16:57:37.969180,rayexper,C,159.38148150809886,145.2354672260014,126.80623680559671,130.03334076709473,159.1080884134665,0.0,0.0,0.0,-0.23051,-0.13002,0.0766,-0.42329,-0.33204,0.10259,-0.57593,-0.40056,0.08844,-0.70838,-0.48819,0.07178,-0.31087,-0.91115,0.21757,-0.42626,-1.19096,0.21839,-0.53598,-1.29397,0.18787,-0.64071,-1.34146,0.15877,-0.25299,-0.95922,0.1261,-0.39279,-1.32849,0.11591,-0.52635,-1.42393,0.07662,-0.64601,-1.4058,0.04886,-0.19874,-0.96216,0.02059,-0.3424,-1.34653,0.00267,-0.48563,-1.44908,-0.01974,-0.60801,-1.44095,-0.03412,-0.16454,-0.92004,-0.08616,-0.3194,-1.20922,-0.1067,-0.44283,-1.3433,-0.11869,-0.55555,-1.41376,-0.12746,,,
2026-09-29T16:57:38.246179,rayexper,C,159.0723926867315,146.66057526842428,129.2522103680122,131.97113281509968,160.5001948819233,0.0,0.0,0.0,-0.23541,-0.1312,0.07669,-0.42835,-0.32913,0.10123,-0.57941,-0.3971,0.08559,-0.71194,-0.48019,0.06659,-0.31844,-0.90909,0.21154,-0.43632,-1.19032,0.2088,-0.54455,-1.2957,0.17633,-0.64845,-1.34556,0.14632,-0.25858,-0.95859,0.11935,-0.40152,-1.32478,0.10658,-0.53378,-1.42305,0.06592,-0.65366,-1.4111,0.03715,-0.20187,-0.96102,0.01344,-0.34661,-1.3446,-0.00639,-0.48996,-1.45099,-0.02957,-0.61335,-1.44868,-0.04435,-0.16451,-0.91735,-0.09351,-0.31563,-1.21045,-0.11583,-0.4367,-1.35081,-0.12832,-0.54769,-1.42822,-0.13713,,,
2026-09-29T16:57:38.427857,rayexper,C,159.64932806132938,147.5182218532321,130.61536928383606,133.9722140434401,160.37165542018212,0.0,0.0,0.0,-0.23545,-0.13133,0.09258,-0.42742,-0.32968,0.12584,-0.57626,-0.39725,0.11491,-0.70959,-0.4867,0.09985,-0.31769,-0.90489,0.24419,-0.43885,-1.17544,0.25541,-0.54489,-1.27823,0.23004,-0.64778,-1.32832,0.20318,-0.25886,-0.95502,0.14468,-0.40578,-1.31053,0.14522,-0.53516,-1.40883,0.10842,-0.65246,-1.39872,0.0807,-0.20411,-0.96002,0.03162,-0.35159,-1.33401,0.02131,-0.49055,-1.44176,0.00184,-0.61207,-1.4425,-0.01201,-0.16879,-0.91821,-0.08184,-0.32211,-1.20959,-0.09802,-0.44233,-1.34715,-0.10684,-0.55434,-1.4231,-0.1141,,,
2026-09-29T16:57:38.777114,rayexper,C,160.706768479845,145.07936929614687,126.98938734404142,131.25032523855714,160.57130024274056,0.0,0.0,0.0,-0.24003,-0.13228,0.09031,-0.43641,-0.32347,0.12084,-0.58712,-0.39024,0.10732,-0.72051,-0.48112,0.08926,-0.33118,-0.90304,0.23782,-0.45272,-1.18519,0.24284,-0.55664,-1.28599,0.21245,-0.65935,-1.32743,0.18345,-0.27039,-0.95269,0.13884,-0.41674,-1.31547,0.13321,-0.54348,-1.41077,0.09168,-0.66084,-1.38734,0.06196,-0.21263,-0.95707,0.02639,-0.36073,-1.33571,0.01325,-0.4982,-1.43821,-0.0073,-0.62082,-1.43035,-0.02105,-0.17132,-0.91473,-0.08649,-0.32252,-1.20905,-0.10344,-0.43975,-1.34806,-0.11189,-0.55019,-1.42403,-0.11827,,,
2026-09-29T17:00:03.745543,rayexper,C,138.39934572781087,147.34460545773092,137.0334378210698,142.33634143136925,162.8602490531837,0.0,0.0,0.0,-0.23026,-0.13254,0.08222,-0.43412,-0.33647,0.11418,-0.59542,-0.3745,0.10478,-0.73872,-0.36211,0.08942,-0.32319,-0.91549,0.23008,-0.42196,-1.21142,0.23855,-0.51113,-1.32531,0.21095,-0.60937,-1.37917,0.18301,-0.26116,-0.95577,0.13527,-0.37124,-1.30857,0.13548,-0.48346,-1.43378,0.09763,-0.60045,-1.4496,0.06893,-0.19477,-0.9525,0.0262,-0.31217,-1.32935,0.0093,-0.43576,-1.46845,-0.01663,-0.55905,-1.50384,-0.03244,-0.14487,-0.9072,-0.08313,-0.28119,-1.22283,-0.10347,-0.38674,-1.37874,-0.11343,-0.49306,-1.4707,-0.1207,,,
2026-09-29T17:00:03.964564,rayexper,C,138.4912838071326,146.22137826510564,135.332543976098,141.6091578514588,163.45636413469944,0.0,0.0,0.0,-0.22684,-0.12408,0.07163,-0.43367,-0.33022,0.09792,-0.59794,-0.36992,0.08507,-0.74225,-0.35599,0.06707,-0.32329,-0.91394,0.21364,-0.42239,-1.212,0.2157,-0.51297,-1.3249,0.18491,-0.61191,-1.37403,0.1558,-0.2611,-0.9574,0.12333,-0.37317,-1.31519,0.1167,-0.48619,-1.43871,0.07649,-0.60402,-1.44595,0.04768,-0.19425,-0.95676,0.01848,-0.31476,-1.33631,-0.00285,-0.43962,-1.47558,-0.03082,-0.56301,-1.50467,-0.04668,-0.14508,-0.9114,-0.08725,-0.28709,-1.22311,-0.11007,-0.39512,-1.38025,-0.12202,-0.50237,-1.47017,-0.12985,,,
2026-09-29T17:00:04.138885,rayexper,C,139.6280214626677,144.25832292740475,134.5416199350529,140.9308027573681,162.1452687093753,0.0,0.0,0.0,-0.23008,-0.12283,0.06946,-0.43447,-0.32296,0.09271,-0.59899,-0.36104,0.07667,-0.74461,-0.35338,0.05569,-0.3265,-0.9138,0.21242,-0.42616,-1.2181,0.21092,-0.51921,-1.32899,0.17638,-0.62027,-1.37431,0.14507,-0.26489,-0.95649,0.12228,-0.37823,-1.31808,0.11389,-0.49332,-1.44068,0.0707,-0.61165,-1.44667,0.03922,-0.19774,-0.956,0.0172,-0.31856,-1.33711,-0.0039,-0.4454,-1.47522,-0.03348,-0.57004,-1.50392,-0.05141,-0.14633,-0.91278,-0.0892,-0.28687,-1.22533,-0.11111,-0.39642,-1.38019,-0.12343,-0.50538,-1.46712,-0.1322,,,
2026-09-29T17:00:04.306945,rayexper,C,140.0215837395574,145.87715142584346,134.41861014160753,141.16815305656942,161.73648685999595,0.0,0.0,0.0,-0.23272,-0.12579,0.08154,-0.43953,-0.32433,0.11101,-0.60266,-0.36097,0.09837,-0.7484,-0.3542,0.07954,-0.33171,-0.91034,0.22961,-0.43322,-1.20842,0.23523,-0.52424,-1.32047,0.20454,-0.62315,-1.36863,0.17445,-0.26834,-0.95412,0.13284,-0.38086,-1.31419,0.12974,-0.49453,-1.43681,0.08856,-0.6111,-1.44171,0.05773,-0.20094,-0.95323,0.02148,-0.32029,-1.33402,0.0032,-0.44577,-1.47243,-0.0253,-0.56971,-1.50251,-0.04336,-0.14942,-0.90795,-0.09042,-0.28719,-1.22089,-0.11166,-0.39619,-1.37489,-0.12377,-0.50503,-1.4623,-0.13319,,,
2026-09-29T17:00:04.498557,rayexper,C,138.2990492437563,146.07401194165715,134.9773918332603,140.9748071237732,162.00342718293857,0.0,0.0,0.0,-0.22735,-0.12785,0.07854,-0.43589,-0.3378,0.10823,-0.59857,-0.3786,0.09704,-0.74238,-0.36399,0.08033,-0.32683,-0.91246,0.22218,-0.42852,-1.20896,0.22686,-0.52059,-1.31956,0.19807,-0.61923,-1.36784,0.17005,-0.26335,-0.95618,0.12792,-0.3767,-1.31628,0.12412,-0.49249,-1.43852,0.08622,-0.60943,-1.44547,0.05865,-0.19619,-0.95396,0.01919,-0.31887,-1.33472,-0.00022,-0.44649,-1.46993,-0.02638,-0.56957,-1.49916,-0.04165,-0.14609,-0.90832,-0.09009,-0.2874,-1.22381,-0.11132,-0.3966,-1.37643,-0.12188,-0.50319,-1.4622,-0.12935,,,
2026-09-29T17:00:04.705645,rayexper,C,138.7134911540293,145.02847405952593,131.73750084900738,138.8579109435087,160.3415720773807,0.0,0.0,0.0,-0.23622,-0.13686,0.09626,-0.44165,-0.338,0.13313,-0.60207,-0.37547,0.12413,-0.74552,-0.36356,0.10807,-0.32979,-0.90908,0.25123,-0.43317,-1.20846,0.26157,-0.52443,-1.31777,0.23361,-0.62247,-1.36181,0.20572,-0.26606,-0.9527,0.14684,-0.37918,-1.31743,0.146,-0.49643,-1.43742,0.10524,-0.61204,-1.43259,0.07589,-0.20093,-0.94969,0.02826,-0.32334,-1.33149,0.01216,-0.45285,-1.46268,-0.01418,-0.57636,-1.4853,-0.02984,-0.15312,-0.90265,-0.08991,-0.29528,-1.22055,-0.10934,-0.40836,-1.36948,-0.119,-0.51852,-1.4535,-0.12607,,,
2026-09-29T17:00:04.912493,rayexper,C,138.93085819533124,144.83929626899024,132.3520844214407,138.83391074793235,161.12537771361377,0.0,0.0,0.0,-0.23458,-0.12967,0.08735,-0.44156,-0.33361,0.12066,-0.60365,-0.37185,0.11036,-0.74847,-0.36088,0.0939,-0.33209,-0.90888,0.2384,-0.43186,-1.20996,0.24532,-0.52323,-1.3205,0.21635,-0.62134,-1.36509,0.18826,-0.26867,-0.95321,0.13859,-0.37871,-1.31906,0.13557,-0.49513,-1.44098,0.0956,-0.61194,-1.43901,0.06726,-0.20172,-0.95176,0.02426,-0.32169,-1.33591,0.00603,-0.4502,-1.4691,-0.02037,-0.57389,-1.49134,-0.03537,-0.15214,-0.90566,-0.09022,-0.29399,-1.22121,-0.11057,-0.40521,-1.37163,-0.12048,-0.51351,-1.45576,-0.1272,,,
2026-09-29T17:00:05.300369,rayexper,C,138.2028963347017,145.30132940971274,133.81720939439532,139.82561676063546,160.82636042071948,0.0,0.0,0.0,-0.23439,-0.13179,0.09164,-0.44141,-0.33398,0.12592,-0.60401,-0.37038,0.11539,-0.74911,-0.35645,0.09815,-0.33447,-0.908,0.24324,-0.43569,-1.205,0.25245,-0.52699,-1.31557,0.22407,-0.62648,-1.36222,0.19541,-0.27208,-0.95186,0.14119,-0.38636,-1.3091,0.14091,-0.50301,-1.4305,0.10129,-0.62011,-1.43311,0.0716,-0.2056,-0.95044,0.02491,-0.32747,-1.32834,0.00858,-0.45509,-1.46122,-0.01734,-0.57906,-1.48659,-0.03348,-0.15458,-0.90573,-0.09132,-0.29213,-1.22097,-0.11088,-0.40169,-1.37184,-0.1206,-0.51012,-1.45658,-0.1282,,,
2026-09-29T17:00:06.145133,rayexper,C,140.6584323654058,124.71705904064774,104.85065489540824,111.93486668526911,139.7000718592417,0.0,0.0,0.0,-0.24271,-0.14509,0.11699,-0.44756,-0.35346,0.14642,-0.6129,-0.39855,0.12533,-0.75666,-0.40076,0.09989,-0.27645,-0.93314,0.2584,-0.39599,-1.21425,0.26576,-0.51808,-1.27183,0.23434,-0.63032,-1.27033,0.20335,-0.21875,-0.96543,0.14175,-0.37365,-1.32749,0.14162,-0.52342,-1.37011,0.10254,-0.63922,-1.29108,0.0716,-0.18266,-0.94264,0.01337,-0.35237,-1.29569,0.00626,-0.51692,-1.33466,-0.01148,-0.64407,-1.27673,-0.02627,-0.1827,-0.87083,-0.11318,-0.36334,-1.15156,-0.11807,-0.50013,-1.22531,-0.1169,-0.6156,-1.22838,-0.12081,,,
2026-09-29T17:00:06.411560,rayexper,C,139.7189000669602,124.89232198594154,105.35590952657441,112.62077874540101,142.72948098737734,0.0,0.0,0.0,-0.23794,-0.14788,0.111,-0.44708,-0.35807,0.13952,-0.61164,-0.40089,0.11837,-0.75491,-0.3973,0.09311,-0.28531,-0.9316,0.24898,-0.40158,-1.21221,0.24991,-0.52363,-1.27362,0.21774,-0.63285,-1.26892,0.18809,-0.2273,-0.96454,0.13419,-0.37476,-1.32919,0.12883,-0.52426,-1.37398,0.09264,-0.6413,-1.29917,0.06622,-0.18774,-0.94213,0.00646,-0.35429,-1.29623,-0.00871,-0.51773,-1.33794,-0.02561,-0.64429,-1.2827,-0.03656,-0.18358,-0.86825,-0.11987,-0.36545,-1.14631,-0.13232,-0.50222,-1.22607,-0.13368,-0.61762,-1.23584,-0.13701,,,
2026-09-29T17:00:06.615894,rayexper,C,136.7339227042378,124.22479160944796,104.28123522429935,111.51574860512044,142.18785735757373,0.0,0.0,0.0,-0.23655,-0.159,0.09928,-0.44569,-0.3731,0.11762,-0.61046,-0.41586,0.09015,-0.75111,-0.39789,0.05925,-0.28231,-0.94374,0.22032,-0.40377,-1.22541,0.21087,-0.52424,-1.28332,0.17123,-0.63511,-1.27505,0.13709,-0.2246,-0.96801,0.11184,-0.38035,-1.32978,0.09577,-0.52633,-1.37105,0.05306,-0.63982,-1.28816,0.02222,-0.18848,-0.93621,-0.00853,-0.35753,-1.29287,-0.02654,-0.51984,-1.33266,-0.04647,-0.64451,-1.27283,-0.06023,-0.18683,-0.8521,-0.12785,-0.36488,-1.13036,-0.13874,-0.49797,-1.21125,-0.14045,-0.61096,-1.2178,-0.14493,,,
2026-09-29T17:00:06.814134,rayexper,C,138.63985233790387,124.52630236553097,99.85846784633333,113.02600382467088,150.63190074030217,0.0,0.0,0.0,-0.24653,-0.1782,0.12429,-0.44517,-0.392,0.14813,-0.60493,-0.43454,0.12384,-0.73916,-0.43542,0.09391,-0.2547,-0.95711,0.21314,-0.38455,-1.25501,0.19547,-0.51159,-1.31671,0.1539,-0.62748,-1.30509,0.12075,-0.19747,-0.97586,0.09323,-0.36687,-1.36671,0.06373,-0.52093,-1.39742,0.02039,-0.63633,-1.29822,-0.00753,-0.17289,-0.92891,-0.03484,-0.35534,-1.30951,-0.05712,-0.52057,-1.35049,-0.07229,-0.64406,-1.29567,-0.08205,-0.19068,-0.83189,-0.15886,-0.36348,-1.1368,-0.1737,-0.49067,-1.24219,-0.17474,-0.60013,-1.27965,-0.17804,,,
2026-09-29T17:00:07.014108,rayexper,C,140.2210294002065,127.81818370376979,107.79576384929555,117.2284125060157,150.40743398209528,0.0,0.0,0.0,-0.24844,-0.17135,0.10858,-0.45391,-0.38454,0.1238,-0.62063,-0.42984,0.09436,-0.75839,-0.43159,0.06112,-0.25361,-0.96079,0.19575,-0.38309,-1.26691,0.17746,-0.51199,-1.33856,0.13666,-0.63042,-1.33601,0.1039,-0.19633,-0.97694,0.08393,-0.36682,-1.36848,0.0567,-0.52622,-1.41871,0.0155,-0.64758,-1.33853,-0.01303,-0.17175,-0.92718,-0.03682,-0.35619,-1.30827,-0.05986,-0.52758,-1.36354,-0.07656,-0.6562,-1.3148,-0.08783,-0.19186,-0.8305,-0.15462,-0.36664,-1.14041,-0.17,-0.49882,-1.25159,-0.1725,-0.61261,-1.28812,-0.17708,,,
2026-09-29T17:00:07.209167,rayexper,C,139.836730650801,128.8432924226223,107.4676109223516,116.77400001046009,150.58817467538574,0.0,0.0,0.0,-0.24238,-0.15794,0.09196,-0.45013,-0.37253,0.10206,-0.61971,-0.42339,0.07258,-0.75619,-0.4143,0.04067,-0.25455,-0.95736,0.16808,-0.37963,-1.27159,0.14402,-0.51026,-1.34994,0.10348,-0.62831,-1.35017,0.07211,-0.19909,-0.9777,0.06681,-0.3626,-1.3815,0.0348,-0.52195,-1.43391,-0.00223,-0.64395,-1.35656,-0.02635,-0.17519,-0.93032,-0.04385,-0.35142,-1.32436,-0.07024,-0.52171,-1.38462,-0.08624,-0.64897,-1.33735,-0.09602,-0.19574,-0.83755,-0.15252,-0.36524,-1.15175,-0.17143,-0.49613,-1.26594,-0.17659,-0.608,-1.30477,-0.1822,,,
2026-09-29T17:00:07.469910,rayexper,C,138.89356029833056,127.7771792877574,108.38436154534394,117.28928168995705,149.72208867191995,0.0,0.0,0.0,-0.24112,-0.14983,0.08764,-0.45235,-0.3644,0.09846,-0.6232,-0.40767,0.07017,-0.76037,-0.39765,0.04017,-0.26136,-0.95691,0.17251,-0.38078,-1.27188,0.15077,-0.51047,-1.35125,0.11102,-0.62688,-1.34932,0.07998,-0.20585,-0.97585,0.07317,-0.36463,-1.37632,0.04457,-0.52336,-1.43255,0.00735,-0.64596,-1.35849,-0.01751,-0.17728,-0.93344,-0.03668,-0.34889,-1.3214,-0.06194,-0.51814,-1.38428,-0.08072,-0.64578,-1.33821,-0.0925,-0.19056,-0.84742,-0.14523,-0.36136,-1.15187,-0.16352,-0.49343,-1.26216,-0.17052,-0.60658,-1.29568,-0.17761,,,
2026-09-29T17:00:07.605676,rayexper,C,139.0263648634141,129.15290358237732,110.22804018378588,119.41263555290726,150.6475419592236,0.0,0.0,0.0,-0.23849,-0.14466,0.08427,-0.44884,-0.35501,0.094,-0.621,-0.40032,0.06529,-0.76188,-0.38673,0.03487,-0.25419,-0.95749,0.17233,-0.37533,-1.26885,0.15442,-0.50496,-1.34839,0.11847,-0.62125,-1.35067,0.08981,-0.19883,-0.97705,0.0764,-0.35872,-1.37418,0.05431,-0.51603,-1.42916,0.02298,-0.63832,-1.36493,0.00135,-0.17253,-0.93398,-0.03033,-0.34458,-1.32247,-0.05247,-0.51178,-1.3883,-0.06645,-0.63936,-1.35033,-0.07524,-0.19055,-0.84716,-0.13601,-0.36425,-1.15201,-0.15225,-0.49529,-1.2616,-0.15555,-0.60813,-1.2984,-0.15978,,,
2026-09-29T17:00:07.893595,rayexper,C,137.5907805686775,128.82378758407336,110.32097018180676,117.59835949575256,147.02127352752677,0.0,0.0,0.0,-0.23888,-0.14354,0.09798,-0.4483,-0.35905,0.12038,-0.61333,-0.39875,0.09852,-0.75408,-0.38748,0.07361,-0.27801,-0.94434,0.21553,-0.39108,-1.24057,0.20869,-0.51442,-1.31788,0.17602,-0.62526,-1.32092,0.14777,-0.22069,-0.96921,0.10922,-0.36297,-1.35274,0.09798,-0.51464,-1.41303,0.06518,-0.63555,-1.3531,0.04171,-0.18163,-0.93959,-0.00972,-0.33835,-1.3222,-0.03027,-0.50249,-1.38768,-0.04833,-0.63022,-1.34871,-0.05891,-0.1806,-0.86166,-0.12732,-0.35349,-1.16261,-0.14524,-0.48722,-1.26326,-0.15023,-0.60052,-1.28917,-0.15499,,,
2026-09-29T17:12:25.529405,rayexper,C,160.40158311937074,110.58517300262072,92.34357692403357,97.30113305572942,122.0426859892069,0.0,0.0,0.0,-0.23276,-0.10162,0.19254,-0.41859,-0.27208,0.25486,-0.57205,-0.34416,0.2465,-0.71388,-0.46773,0.23279,-0.27641,-0.8785,0.38138,-0.42181,-1.17465,0.41177,-0.56482,-1.21105,0.3928,-0.67097,-1.15508,0.37747,-0.23919,-0.94273,0.23247,-0.40708,-1.32936,0.27186,-0.58273,-1.34948,0.25312,-0.68765,-1.22455,0.23728,-0.22617,-0.94974,0.07196,-0.40497,-1.3298,0.10545,-0.58422,-1.34227,0.11809,-0.6979,-1.23414,0.12037,-0.2478,-0.90525,-0.08443,-0.43024,-1.20026,-0.05932,-0.57962,-1.24383,-0.03369,-0.69147,-1.2006,-0.01899,,,
2026-09-29T17:12:25.730056,rayexper,C,161.6646644864817,107.18422182714565,89.99172677144917,93.63304462122441,120.23829427516253,0.0,0.0,0.0,-0.23935,-0.09775,0.14653,-0.42048,-0.27087,0.18589,-0.57458,-0.3432,0.16615,-0.71139,-0.46836,0.14425,-0.27907,-0.89477,0.30225,-0.42,-1.1946,0.30609,-0.56728,-1.22546,0.27345,-0.67766,-1.16089,0.25144,-0.23956,-0.95481,0.17591,-0.4098,-1.34128,0.19092,-0.58775,-1.35222,0.164,-0.69445,-1.21766,0.1439,-0.22147,-0.95391,0.03723,-0.40069,-1.33814,0.05079,-0.58447,-1.34242,0.05231,-0.69844,-1.22169,0.0491,-0.23855,-0.90234,-0.09952,-0.42001,-1.19244,-0.08967,-0.57192,-1.23404,-0.07515,-0.68357,-1.18409,-0.06677,,,
2026-09-29T17:12:25.860689,rayexper,C,161.02007111419525,106.55276167581006,89.55073585147622,93.42837897937594,118.01371182668201,0.0,0.0,0.0,-0.23899,-0.10464,0.15988,-0.41986,-0.27969,0.20581,-0.57499,-0.35383,0.18979,-0.71478,-0.47661,0.171,-0.2733,-0.89375,0.32189,-0.41837,-1.19765,0.33076,-0.56546,-1.22468,0.30046,-0.67626,-1.15992,0.27954,-0.23467,-0.95345,0.18939,-0.41094,-1.3403,0.20801,-0.58876,-1.34846,0.18129,-0.69411,-1.21079,0.16138,-0.21957,-0.95102,0.04512,-0.40411,-1.33338,0.06083,-0.58642,-1.33264,0.06395,-0.69948,-1.212,0.06211,-0.23981,-0.90087,-0.09612,-0.42109,-1.1989,-0.08439,-0.57055,-1.23669,-0.06744,-0.68045,-1.18375,-0.05723,,,
2026-09-29T17:12:26.000048,rayexper,C,161.65572258802135,106.23184905638448,90.44669630231657,95.1178928269632,120.58252377741167,0.0,0.0,0.0,-0.24063,-0.09324,0.13673,-0.42143,-0.27033,0.16797,-0.57865,-0.34537,0.14422,-0.71902,-0.46727,0.11951,-0.26105,-0.90541,0.2731,-0.41273,-1.20023,0.27072,-0.56611,-1.22158,0.23826,-0.67915,-1.14961,0.21769,-0.22118,-0.96306,0.15363,-0.40932,-1.34949,0.16494,-0.59324,-1.35189,0.14212,-0.70101,-1.21146,0.12511,-0.20927,-0.95178,0.02293,-0.40369,-1.33879,0.03379,-0.59203,-1.33888,0.03858,-0.7079,-1.21852,0.03776,-0.23858,-0.89038,-0.10559,-0.42626,-1.19049,-0.09859,-0.57825,-1.23389,-0.08297,-0.68982,-1.18406,-0.07293,,,
2026-09-29T17:12:26.161270,rayexper,C,160.11928872949048,107.08822145659327,90.3271881315601,93.34671417373045,116.6026093208612,0.0,0.0,0.0,-0.23567,-0.09392,0.15548,-0.41319,-0.27529,0.19547,-0.56846,-0.35231,0.17496,-0.71055,-0.47301,0.15206,-0.24768,-0.89939,0.30781,-0.40076,-1.19427,0.31427,-0.5558,-1.21898,0.28584,-0.66843,-1.14761,0.26779,-0.2112,-0.96101,0.17846,-0.39857,-1.34007,0.20133,-0.58331,-1.34148,0.18217,-0.68914,-1.2006,0.16676,-0.20425,-0.95431,0.03768,-0.39763,-1.33764,0.0571,-0.58601,-1.33031,0.06599,-0.70075,-1.20588,0.06691,-0.23789,-0.89661,-0.10014,-0.42696,-1.19549,-0.08705,-0.57853,-1.22846,-0.06694,-0.68811,-1.16911,-0.0543,,,
2026-09-29T17:12:26.327872,rayexper,C,161.43207675176154,106.52965927442122,88.67503930607423,92.91143872789038,117.967896689657,0.0,0.0,0.0,-0.23796,-0.0975,0.14878,-0.42003,-0.28153,0.18691,-0.57426,-0.36148,0.16627,-0.71378,-0.48429,0.14419,-0.25918,-0.90232,0.29881,-0.40432,-1.19905,0.30077,-0.55819,-1.22716,0.26944,-0.6703,-1.15614,0.24966,-0.22224,-0.9597,0.17202,-0.39842,-1.34502,0.18818,-0.58207,-1.34955,0.16687,-0.68695,-1.20643,0.15146,-0.21255,-0.95143,0.03326,-0.39659,-1.33284,0.04756,-0.58423,-1.33115,0.05449,-0.69663,-1.20614,0.05559,-0.24141,-0.89354,-0.10317,-0.42179,-1.1895,-0.0939,-0.57376,-1.22945,-0.07665,-0.68356,-1.17399,-0.06523,,,
2026-09-29T17:12:26.466316,rayexper,C,160.04582053719656,108.52842354378141,90.15813497526986,94.55534792449471,119.48555036375969,0.0,0.0,0.0,-0.23681,-0.09731,0.16316,-0.41682,-0.2786,0.20948,-0.56871,-0.35762,0.19299,-0.71046,-0.47264,0.17317,-0.26414,-0.89362,0.32822,-0.40983,-1.18827,0.34057,-0.56173,-1.22027,0.31251,-0.67433,-1.15551,0.29313,-0.22859,-0.95386,0.19468,-0.40255,-1.3344,0.21983,-0.5844,-1.34386,0.19752,-0.69049,-1.20637,0.18005,-0.21895,-0.9495,0.04939,-0.40053,-1.32626,0.07145,-0.58595,-1.33024,0.0777,-0.69951,-1.21018,0.07665,-0.24596,-0.89616,-0.09293,-0.42328,-1.19123,-0.07667,-0.57243,-1.23506,-0.0574,-0.68216,-1.1839,-0.04616,,,
2026-09-29T17:12:26.634141,rayexper,C,159.32050123315528,106.05805039183947,87.30293917606028,91.38966947990552,114.8259529050149,0.0,0.0,0.0,-0.24077,-0.10849,0.18597,-0.42139,-0.2876,0.24277,-0.57201,-0.36227,0.23119,-0.71228,-0.47786,0.2148,-0.27093,-0.88978,0.35582,-0.41546,-1.1857,0.37341,-0.56436,-1.21208,0.34656,-0.67422,-1.14414,0.32681,-0.23645,-0.94887,0.20912,-0.40929,-1.32976,0.23597,-0.58853,-1.33489,0.21058,-0.68987,-1.1892,0.19098,-0.22583,-0.94598,0.05184,-0.40614,-1.32183,0.0746,-0.58911,-1.31698,0.08011,-0.69873,-1.18986,0.07875,-0.24856,-0.89345,-0.10085,-0.42576,-1.18954,-0.08398,-0.5762,-1.2217,-0.06332,-0.68438,-1.16135,-0.05115,,,
2026-09-29T17:12:26.778713,rayexper,C,161.16382257950323,107.17906380198701,88.28303210444992,93.84609271972904,118.87464210118843,0.0,0.0,0.0,-0.23767,-0.10069,0.16847,-0.42039,-0.27841,0.21561,-0.57386,-0.35967,0.19982,-0.7141,-0.47981,0.18037,-0.26018,-0.89908,0.32057,-0.41048,-1.20247,0.3298,-0.56536,-1.23266,0.3029,-0.6771,-1.16186,0.28543,-0.22393,-0.95697,0.18459,-0.40503,-1.34614,0.20565,-0.58958,-1.34792,0.18552,-0.69356,-1.20303,0.17104,-0.21415,-0.94837,0.03791,-0.40281,-1.3297,0.05563,-0.59078,-1.32835,0.06458,-0.70395,-1.20463,0.06694,-0.24174,-0.88863,-0.10479,-0.42585,-1.18723,-0.09286,-0.57613,-1.22783,-0.07299,-0.68467,-1.17461,-0.05976,,,
2026-09-29T17:12:26.998083,rayexper,C,160.7096741303759,107.31999365431972,87.5991918532476,92.55873014411989,116.63627295914665,0.0,0.0,0.0,-0.23935,-0.0998,0.1899,-0.42198,-0.27653,0.25073,-0.57394,-0.35787,0.24378,-0.71355,-0.47409,0.23155,-0.26773,-0.88924,0.35218,-0.41171,-1.18536,0.3724,-0.56243,-1.21621,0.35092,-0.67269,-1.14923,0.33548,-0.23144,-0.95069,0.20647,-0.40494,-1.33532,0.23575,-0.58592,-1.33841,0.21764,-0.68851,-1.1952,0.20377,-0.21954,-0.94686,0.05082,-0.40091,-1.32387,0.07306,-0.58618,-1.32013,0.08245,-0.69872,-1.19601,0.0846,-0.24424,-0.89338,-0.09939,-0.42508,-1.18516,-0.08568,-0.5765,-1.21767,-0.06554,-0.68626,-1.16127,-0.05256,,,
2026-09-29T17:12:27.097571,rayexper,C,159.90428590834384,106.15297556586317,87.35371070409735,92.90606038012484,115.8639285057211,0.0,0.0,0.0,-0.23898,-0.09916,0.20076,-0.41816,-0.27672,0.26525,-0.56701,-0.35805,0.25921,-0.7078,-0.47508,0.24716,-0.2675,-0.89076,0.36697,-0.41456,-1.18463,0.3927,-0.56339,-1.21179,0.37475,-0.67003,-1.14097,0.36151,-0.23242,-0.9484,0.21567,-0.40882,-1.33043,0.25025,-0.5884,-1.33249,0.2335,-0.689,-1.18765,0.2203,-0.22214,-0.94229,0.05502,-0.40661,-1.3161,0.08176,-0.59124,-1.3113,0.09316,-0.70325,-1.18703,0.09616,-0.24833,-0.8858,-0.09949,-0.43139,-1.18012,-0.0819,-0.58205,-1.21124,-0.05879,-0.69023,-1.15219,-0.04397,,,
2026-09-29T17:12:27.292740,rayexper,C,160.39670596375586,107.6535985199607,88.22107283349278,94.0186736884252,119.69037196012741,0.0,0.0,0.0,-0.23017,-0.09282,0.14795,-0.40748,-0.28025,0.18778,-0.55814,-0.36183,0.17067,-0.69784,-0.47418,0.15069,-0.25976,-0.90535,0.27748,-0.4057,-1.19962,0.27636,-0.55785,-1.22674,0.24688,-0.66842,-1.16054,0.22803,-0.22181,-0.96319,0.15189,-0.40195,-1.34616,0.16176,-0.58296,-1.34469,0.14149,-0.68824,-1.20131,0.12772,-0.20777,-0.95115,0.01578,-0.39639,-1.32957,0.02254,-0.58322,-1.32541,0.02801,-0.69833,-1.20456,0.02931,-0.2321,-0.88838,-0.11711,-0.4165,-1.18362,-0.11528,-0.56712,-1.22401,-0.10168,-0.67724,-1.17361,-0.09196,,,
2026-09-29T17:12:27.458833,rayexper,C,159.24478405881058,105.62901176687222,87.36405361082957,92.41507661974872,116.6004866133169,0.0,0.0,0.0,-0.23788,-0.10288,0.18783,-0.41767,-0.28569,0.24694,-0.56728,-0.36326,0.23912,-0.70713,-0.47188,0.226,-0.26665,-0.89622,0.34118,-0.41214,-1.19608,0.35726,-0.56127,-1.22254,0.33454,-0.6695,-1.15239,0.31863,-0.22975,-0.95344,0.19535,-0.40645,-1.3374,0.22071,-0.58573,-1.33956,0.20109,-0.68769,-1.19415,0.18612,-0.21777,-0.94578,0.03984,-0.40235,-1.32556,0.05781,-0.58767,-1.31989,0.06483,-0.70041,-1.19558,0.06558,-0.24335,-0.89028,-0.10997,-0.42724,-1.18732,-0.10019,-0.57819,-1.21965,-0.08251,-0.68671,-1.16384,-0.07119,,,
2026-09-29T17:12:27.626845,rayexper,C,159.52681955797482,105.6940828118499,89.05838421973489,93.22145199242753,116.87072842379982,0.0,0.0,0.0,-0.2362,-0.09228,0.15578,-0.41186,-0.27389,0.19757,-0.56667,-0.35772,0.17942,-0.71048,-0.4663,0.15816,-0.25081,-0.902,0.30338,-0.40008,-1.1983,0.30862,-0.55349,-1.22327,0.27835,-0.66502,-1.14879,0.25815,-0.21612,-0.96053,0.17513,-0.40112,-1.33535,0.19392,-0.58351,-1.33249,0.17114,-0.68945,-1.18911,0.15281,-0.20825,-0.94995,0.03584,-0.39974,-1.32726,0.04984,-0.58814,-1.32075,0.05241,-0.70408,-1.19378,0.04912,-0.24065,-0.88965,-0.09994,-0.4266,-1.18146,-0.09124,-0.57778,-1.21435,-0.07696,-0.68775,-1.15558,-0.06912,,,
2026-09-29T17:12:27.794742,rayexper,C,159.58695005698831,107.14273178872754,87.21561387951287,93.19680855334923,116.17080862562304,0.0,0.0,0.0,-0.23793,-0.09769,0.20121,-0.41729,-0.27227,0.26373,-0.56849,-0.35201,0.25565,-0.7107,-0.46987,0.24106,-0.25117,-0.89033,0.36975,-0.40519,-1.18424,0.39673,-0.55722,-1.21233,0.37916,-0.66583,-1.13926,0.36693,-0.21572,-0.95134,0.22005,-0.40147,-1.33324,0.25767,-0.58505,-1.32995,0.24303,-0.68714,-1.17918,0.23178,-0.21081,-0.94503,0.06115,-0.40335,-1.32319,0.09267,-0.58867,-1.31656,0.10651,-0.6998,-1.19113,0.11085,-0.24613,-0.88796,-0.09155,-0.43175,-1.19021,-0.06986,-0.58012,-1.22482,-0.04466,-0.6867,-1.16522,-0.02837,,,
2026-09-29T17:12:27.992007,rayexper,C,158.0419104518516,104.18079507736326,88.50772201366868,92.47707793265349,115.74873237650921,0.0,0.0,0.0,-0.23708,-0.08942,0.16537,-0.41551,-0.27603,0.21076,-0.57134,-0.35616,0.19387,-0.71657,-0.45889,0.17305,-0.26025,-0.89932,0.31322,-0.4092,-1.20264,0.32065,-0.56316,-1.22367,0.29168,-0.67506,-1.1485,0.27213,-0.22479,-0.95779,0.17919,-0.40987,-1.33956,0.19923,-0.59423,-1.33618,0.17567,-0.70037,-1.1914,0.15724,-0.21562,-0.9494,0.03491,-0.40825,-1.33223,0.05178,-0.59806,-1.32159,0.05469,-0.71389,-1.19469,0.05134,-0.24501,-0.8929,-0.10527,-0.43323,-1.19064,-0.09265,-0.58529,-1.21974,-0.07603,-0.69307,-1.16048,-0.06699,,,
2026-09-29T17:12:28.166528,rayexper,C,160.93751367491245,106.3432454360814,89.42641271452727,94.58288105281535,118.45650659460216,0.0,0.0,0.0,-0.23941,-0.08569,0.15137,-0.41934,-0.26686,0.18904,-0.57677,-0.35335,0.16828,-0.71988,-0.46782,0.14534,-0.24916,-0.90479,0.29417,-0.4043,-1.20169,0.29879,-0.56012,-1.22746,0.27108,-0.67055,-1.15052,0.25405,-0.21401,-0.96212,0.1689,-0.40488,-1.34323,0.18746,-0.58978,-1.34161,0.16954,-0.69485,-1.19586,0.1564,-0.20996,-0.94743,0.03277,-0.40868,-1.32636,0.04749,-0.59705,-1.32313,0.05416,-0.7107,-1.19734,0.05481,-0.24839,-0.88245,-0.1,-0.43875,-1.17747,-0.09156,-0.58934,-1.21565,-0.07537,-0.69737,-1.15775,-0.06475,,,
2026-09-29T17:12:28.394603,rayexper,C,151.97838842465322,116.46966713402279,95.38616871218095,102.87718701482666,129.0861231446051,0.0,0.0,0.0,-0.23943,-0.08203,0.2054,-0.42469,-0.26085,0.26542,-0.58082,-0.32157,0.25496,-0.73494,-0.38923,0.23597,-0.25951,-0.89881,0.3717,-0.42772,-1.18758,0.41493,-0.5797,-1.22802,0.40709,-0.69507,-1.17379,0.39862,-0.22895,-0.94768,0.22244,-0.43045,-1.32382,0.2772,-0.61282,-1.33254,0.26624,-0.72199,-1.20489,0.25419,-0.2343,-0.92573,0.06684,-0.44419,-1.30613,0.11848,-0.62491,-1.32009,0.13694,-0.74243,-1.2186,0.1393,-0.28453,-0.84208,-0.0821,-0.48202,-1.15289,-0.04118,-0.62505,-1.21197,-0.00657,-0.73483,-1.18055,0.01282,,,
2026-09-29T17:12:28.642537,rayexper,C,149.33578609895395,124.91066930079886,99.68187193612127,107.23558828909762,133.33493557540402,0.0,0.0,0.0,-0.23422,-0.0987,0.22164,-0.42279,-0.27514,0.2884,-0.58064,-0.32971,0.28036,-0.74085,-0.38384,0.26156,-0.26146,-0.89565,0.39375,-0.42418,-1.17151,0.44898,-0.5666,-1.22742,0.45066,-0.67426,-1.19392,0.44593,-0.23281,-0.94389,0.23425,-0.4254,-1.31703,0.29394,-0.60004,-1.34233,0.2882,-0.70886,-1.22969,0.28021,-0.23911,-0.92086,0.06922,-0.44589,-1.28844,0.12121,-0.61865,-1.31597,0.14223,-0.73612,-1.22377,0.14692,-0.28771,-0.83562,-0.08815,-0.48431,-1.1401,-0.04876,-0.62188,-1.20593,-0.01367,-0.72824,-1.18409,0.00599,,,
2026-09-29T17:12:28.811023,rayexper,C,154.77822217873583,121.8465751818087,98.45965139166572,102.86213492496135,128.37055218706442,0.0,0.0,0.0,-0.23183,-0.07573,0.16127,-0.42025,-0.25018,0.20658,-0.58099,-0.30698,0.18938,-0.73695,-0.38799,0.16821,-0.2891,-0.88744,0.33541,-0.43454,-1.17163,0.36603,-0.5779,-1.22585,0.35324,-0.68699,-1.19697,0.34081,-0.25579,-0.94541,0.2019,-0.42691,-1.32287,0.23956,-0.59878,-1.35307,0.22682,-0.70649,-1.2457,0.21579,-0.24836,-0.93749,0.05693,-0.43183,-1.30812,0.08694,-0.60727,-1.33546,0.09882,-0.72186,-1.23778,0.1015,-0.2785,-0.8749,-0.08552,-0.46196,-1.17185,-0.06416,-0.60582,-1.23339,-0.0416,-0.71319,-1.20079,-0.02823,,,
2026-09-29T17:12:29.035046,rayexper,C,154.80037790066328,125.27724130494805,99.78709678531271,104.48801395662359,129.03462052934645,0.0,0.0,0.0,-0.23017,-0.0717,0.1715,-0.41599,-0.24904,0.22382,-0.57485,-0.30796,0.21076,-0.73106,-0.3932,0.19313,-0.29024,-0.87849,0.35696,-0.4341,-1.15441,0.39817,-0.57663,-1.20994,0.39221,-0.68636,-1.19327,0.38237,-0.25681,-0.9415,0.21824,-0.42356,-1.31674,0.26447,-0.59639,-1.34621,0.25764,-0.7062,-1.24741,0.25046,-0.2475,-0.9404,0.06807,-0.4268,-1.30774,0.10661,-0.60182,-1.33577,0.12639,-0.71839,-1.24626,0.13357,-0.27581,-0.88114,-0.07981,-0.45599,-1.17364,-0.05018,-0.59834,-1.23611,-0.02109,-0.70612,-1.20517,-0.00392,,,
2026-09-29T17:12:29.226440,rayexper,C,161.74455713450595,124.32131166053634,95.10640869450256,98.9121045728755,125.72478220745214,0.0,0.0,0.0,-0.23707,-0.07748,0.12073,-0.43748,-0.24734,0.16076,-0.60086,-0.30686,0.14607,-0.74958,-0.41288,0.13098,-0.33776,-0.86202,0.30819,-0.47226,-1.12673,0.32733,-0.60728,-1.17971,0.30659,-0.70908,-1.16308,0.28819,-0.29595,-0.93532,0.19386,-0.45146,-1.31321,0.215,-0.61247,-1.33666,0.19769,-0.71695,-1.23247,0.18607,-0.26533,-0.95594,0.06347,-0.42314,-1.34103,0.07809,-0.59253,-1.36924,0.0867,-0.70535,-1.27354,0.09141,-0.25953,-0.92372,-0.06849,-0.42649,-1.23129,-0.05759,-0.56971,-1.29566,-0.04047,-0.68017,-1.26361,-0.02911,,,
2026-09-29T17:12:29.422976,rayexper,C,159.9893091936222,130.62347623330547,94.38584032524206,97.55101459413999,124.14985916620026,0.0,0.0,0.0,-0.23666,-0.09569,0.13922,-0.43618,-0.24467,0.18326,-0.59779,-0.28635,0.16314,-0.75076,-0.40048,0.1396,-0.33681,-0.85971,0.36453,-0.46709,-1.13388,0.40307,-0.59888,-1.20617,0.39416,-0.69447,-1.20199,0.38183,-0.29279,-0.92706,0.23415,-0.43631,-1.3335,0.26758,-0.59762,-1.36077,0.25372,-0.6995,-1.26449,0.24652,-0.26153,-0.9517,0.08553,-0.41177,-1.35181,0.10868,-0.58093,-1.37952,0.11919,-0.69139,-1.28625,0.12595,-0.25455,-0.92278,-0.06471,-0.42317,-1.23818,-0.04843,-0.56759,-1.29746,-0.02948,-0.67624,-1.26463,-0.01724,,,
2026-09-29T17:12:29.622505,rayexper,C,159.03941678037828,128.46671818288613,100.05878808462639,106.33776510689762,134.68512013994186,0.0,0.0,0.0,-0.22982,-0.07882,0.09084,-0.43485,-0.23992,0.11504,-0.60187,-0.28153,0.08922,-0.75351,-0.36987,0.0647,-0.33841,-0.88288,0.28117,-0.45507,-1.17066,0.29311,-0.58305,-1.24795,0.272,-0.68178,-1.24224,0.2539,-0.29009,-0.94088,0.1749,-0.41692,-1.35531,0.1846,-0.57147,-1.40025,0.16746,-0.68386,-1.32353,0.15947,-0.25333,-0.95409,0.04886,-0.39714,-1.3537,0.04624,-0.56285,-1.40621,0.04673,-0.68311,-1.33647,0.05049,-0.24525,-0.91675,-0.0808,-0.41317,-1.22111,-0.08651,-0.55488,-1.29948,-0.08026,-0.66942,-1.29421,-0.07455,,,
2026-09-29T17:12:29.829503,rayexper,C,157.47842423493162,137.09220999232738,103.93787095029839,109.77999049098042,134.0798319029563,0.0,0.0,0.0,-0.23866,-0.08931,0.17003,-0.43651,-0.24758,0.23726,-0.5928,-0.28922,0.2361,-0.74029,-0.37625,0.22897,-0.33012,-0.85572,0.40713,-0.44698,-1.13604,0.47038,-0.56577,-1.22628,0.47579,-0.66141,-1.23993,0.46975,-0.28817,-0.91969,0.2667,-0.41342,-1.31712,0.32371,-0.56286,-1.36999,0.31572,-0.67003,-1.30403,0.30861,-0.26085,-0.94072,0.11047,-0.3984,-1.32227,0.14917,-0.55611,-1.38081,0.15929,-0.67288,-1.32131,0.16202,-0.26179,-0.9096,-0.0446,-0.42394,-1.20905,-0.01992,-0.56078,-1.2826,0.00035,-0.6735,-1.27824,0.01101,,,
2026-09-29T17:12:30.028333,rayexper,C,155.46151450979545,137.43217876546655,105.08342886122459,112.1353582772837,137.7871058446442,0.0,0.0,0.0,-0.23844,-0.09767,0.16038,-0.43506,-0.26691,0.22116,-0.59043,-0.30934,0.21672,-0.73415,-0.38636,0.20664,-0.3265,-0.87479,0.37541,-0.4328,-1.16459,0.42676,-0.54756,-1.26111,0.42592,-0.64388,-1.28108,0.41557,-0.28117,-0.92998,0.23679,-0.39427,-1.34022,0.27999,-0.54122,-1.40082,0.26739,-0.65271,-1.3418,0.25694,-0.2492,-0.94259,0.08278,-0.37591,-1.34461,0.10701,-0.53269,-1.41745,0.10947,-0.65252,-1.3672,0.10789,-0.24671,-0.90667,-0.06991,-0.40051,-1.22048,-0.05808,-0.53641,-1.30997,-0.04594,-0.65085,-1.31988,-0.04109,,,
2026-09-29T17:12:30.466891,rayexper,C,148.04265415538129,143.24576344504612,121.31537652831183,128.1222146237709,151.65940459158992,0.0,0.0,0.0,-0.23106,-0.09223,0.11545,-0.43201,-0.27798,0.15518,-0.59694,-0.31757,0.14273,-0.74989,-0.35438,0.1276,-0.30929,-0.90442,0.30524,-0.407,-1.20587,0.34462,-0.51845,-1.32213,0.34125,-0.61879,-1.36394,0.32908,-0.25738,-0.94722,0.19111,-0.36567,-1.35593,0.22439,-0.50475,-1.44908,0.21131,-0.62414,-1.43615,0.19878,-0.22327,-0.95051,0.06108,-0.34569,-1.3692,0.07265,-0.49582,-1.48381,0.06834,-0.62427,-1.48135,0.0626,-0.2277,-0.90518,-0.06927,-0.38141,-1.22487,-0.06928,-0.508,-1.34839,-0.06541,-0.62433,-1.40129,-0.06588,,,
2026-09-29T17:12:30.659398,rayexper,C,151.2669848884954,140.82657506191813,113.82713087161613,119.01494602728327,145.70003040296803,0.0,0.0,0.0,-0.23597,-0.09053,0.13103,-0.43714,-0.27302,0.17685,-0.59928,-0.3198,0.16559,-0.75397,-0.37048,0.15055,-0.31681,-0.89022,0.32915,-0.42817,-1.18019,0.37023,-0.54494,-1.28195,0.36651,-0.64491,-1.31202,0.3549,-0.27107,-0.93996,0.20735,-0.39635,-1.33949,0.24242,-0.54186,-1.41334,0.23004,-0.65481,-1.37149,0.21984,-0.24146,-0.94415,0.06976,-0.37845,-1.34435,0.0856,-0.53457,-1.42945,0.08629,-0.65585,-1.394,0.0849,-0.2451,-0.90047,-0.0677,-0.40156,-1.21561,-0.06207,-0.53115,-1.32297,-0.05322,-0.64227,-1.3508,-0.0494,,,
2026-09-29T17:12:30.827896,rayexper,C,151.99990328850862,137.02825041709056,110.41195350769958,116.98357216661867,145.91374365770707,0.0,0.0,0.0,-0.23068,-0.08343,0.10334,-0.43038,-0.26799,0.1333,-0.59529,-0.316,0.11294,-0.74971,-0.3724,0.09131,-0.31667,-0.90037,0.27687,-0.42753,-1.19533,0.29557,-0.55159,-1.29224,0.27929,-0.65769,-1.31649,0.26093,-0.26933,-0.94868,0.16574,-0.39619,-1.35853,0.17834,-0.54772,-1.42582,0.15933,-0.66669,-1.37543,0.14677,-0.23708,-0.951,0.03825,-0.37908,-1.35822,0.03635,-0.54183,-1.43847,0.03193,-0.66837,-1.39765,0.0297,-0.23724,-0.90294,-0.09066,-0.40034,-1.21732,-0.09746,-0.53646,-1.32592,-0.09461,-0.65344,-1.355,-0.09331,,,
2026-09-29T17:12:31.026561,rayexper,C,151.88247126825001,133.8916444701292,106.3512514648419,114.74547682765197,145.07521084566068,0.0,0.0,0.0,-0.22942,-0.08267,0.11414,-0.42744,-0.26907,0.15038,-0.58856,-0.3231,0.13387,-0.74151,-0.37497,0.11511,-0.31828,-0.89287,0.29589,-0.43003,-1.18069,0.32061,-0.55301,-1.26836,0.30643,-0.65521,-1.28137,0.28977,-0.26947,-0.94581,0.1812,-0.39705,-1.34855,0.20198,-0.54667,-1.40479,0.18468,-0.66159,-1.34496,0.17275,-0.23521,-0.9507,0.05048,-0.3773,-1.35061,0.05624,-0.5377,-1.42258,0.05453,-0.66052,-1.37639,0.05285,-0.23396,-0.9029,-0.08106,-0.39921,-1.21091,-0.08034,-0.53296,-1.31069,-0.07278,-0.64616,-1.33629,-0.06925,,,
2026-09-29T17:12:31.250382,rayexper,C,155.1279636798201,134.031405159448,110.19413403907582,118.67155375338893,146.5920013370809,0.0,0.0,0.0,-0.23297,-0.08664,0.11185,-0.43489,-0.26206,0.14447,-0.6011,-0.31351,0.12541,-0.75649,-0.37985,0.10451,-0.31513,-0.88968,0.2956,-0.44495,-1.15932,0.32461,-0.57413,-1.23586,0.31208,-0.68266,-1.24509,0.29583,-0.26738,-0.94572,0.18474,-0.42034,-1.32461,0.21439,-0.57597,-1.37604,0.20068,-0.69603,-1.31867,0.18892,-0.23713,-0.94666,0.05815,-0.40373,-1.32101,0.07311,-0.5671,-1.39102,0.07649,-0.69463,-1.34483,0.07578,-0.24342,-0.89051,-0.0695,-0.42506,-1.17704,-0.06204,-0.56234,-1.27214,-0.04998,-0.68029,-1.29216,-0.04381,,,
2026-09-29T17:12:31.500495,rayexper,C,148.98585460828338,133.1200673155254,100.93150171311906,108.7627550362757,136.46392094337082,0.0,0.0,0.0,-0.23108,-0.07662,0.13316,-0.43082,-0.2484,0.17785,-0.59524,-0.28778,0.1652,-0.74896,-0.32346,0.14897,-0.33459,-0.87714,0.32151,-0.44573,-1.16954,0.35717,-0.56711,-1.25308,0.34836,-0.66728,-1.26729,0.33342,-0.28761,-0.93722,0.19724,-0.412,-1.3514,0.22598,-0.56175,-1.39948,0.21022,-0.67379,-1.32715,0.19843,-0.25247,-0.9484,0.05824,-0.39109,-1.35463,0.07344,-0.55083,-1.4132,0.07419,-0.67128,-1.35435,0.07212,-0.24709,-0.90621,-0.0806,-0.41164,-1.2166,-0.07132,-0.54918,-1.29764,-0.05997,-0.66464,-1.3014,-0.05562,,,
2026-09-29T17:12:31.664182,rayexper,C,143.2761877234794,136.93520539798138,109.65807325235876,119.65310960952665,146.20052912266445,0.0,0.0,0.0,-0.23315,-0.07361,0.13307,-0.43669,-0.24469,0.17908,-0.60179,-0.26593,0.16786,-0.75576,-0.27935,0.15255,-0.33368,-0.88786,0.32945,-0.44169,-1.18327,0.3754,-0.55842,-1.27967,0.37431,-0.65981,-1.30002,0.36381,-0.28294,-0.93668,0.20636,-0.40125,-1.34582,0.24614,-0.54737,-1.40926,0.23391,-0.66565,-1.36527,0.22258,-0.24909,-0.94071,0.06835,-0.38162,-1.35313,0.0902,-0.5403,-1.44145,0.08968,-0.66914,-1.41393,0.08534,-0.25385,-0.88905,-0.0693,-0.41242,-1.20773,-0.05734,-0.54516,-1.31602,-0.04696,-0.6624,-1.35047,-0.04418,,,
2026-09-29T17:12:31.861710,rayexper,C,145.3340194849794,141.53330463006165,122.02998558334134,130.10266668465502,153.46865160375404,0.0,0.0,0.0,-0.2368,-0.07849,0.12019,-0.44149,-0.24569,0.16193,-0.61038,-0.25958,0.14894,-0.76413,-0.28845,0.13179,-0.34606,-0.88478,0.32507,-0.44603,-1.18107,0.37058,-0.55571,-1.29503,0.3668,-0.65897,-1.32893,0.35286,-0.29326,-0.93338,0.20688,-0.40424,-1.33357,0.24536,-0.54181,-1.43042,0.22747,-0.66212,-1.41647,0.2099,-0.25715,-0.93753,0.07215,-0.38185,-1.34347,0.09014,-0.52941,-1.46477,0.08206,-0.6562,-1.46197,0.07158,-0.25875,-0.88945,-0.06316,-0.41114,-1.20523,-0.05713,-0.53675,-1.33592,-0.0531,-0.65197,-1.39145,-0.05547,,,
2026-09-29T17:12:32.160264,rayexper,C,141.025468342747,150.03268794682086,128.89654484601266,138.06596143402524,163.50103960475514,0.0,0.0,0.0,-0.22116,-0.06383,0.07762,-0.42369,-0.22662,0.09865,-0.5926,-0.23923,0.07585,-0.74341,-0.23828,0.04921,-0.35753,-0.89796,0.24187,-0.44863,-1.19788,0.26289,-0.54688,-1.33477,0.25039,-0.64119,-1.38944,0.23299,-0.30189,-0.94244,0.14375,-0.40509,-1.35255,0.15429,-0.52561,-1.46254,0.13251,-0.64097,-1.46518,0.11685,-0.25654,-0.94562,0.02918,-0.36956,-1.36838,0.02496,-0.50505,-1.5131,0.01042,-0.6279,-1.53774,-0.00025,-0.24426,-0.89467,-0.088,-0.38378,-1.22252,-0.10018,-0.49908,-1.39184,-0.10812,-0.6088,-1.49498,-0.1163,,,
2026-09-29T17:12:32.324355,rayexper,C,141.84061196326843,149.27689080420333,124.80385665061358,136.86402293393186,163.3311969604872,0.0,0.0,0.0,-0.22284,-0.07212,0.08942,-0.42208,-0.23311,0.11515,-0.58852,-0.24299,0.09335,-0.73538,-0.25248,0.06669,-0.36169,-0.89469,0.25811,-0.4554,-1.19577,0.27767,-0.55259,-1.32899,0.26199,-0.64522,-1.37918,0.24249,-0.30709,-0.93943,0.1522,-0.41062,-1.35345,0.15653,-0.53293,-1.46016,0.12812,-0.64501,-1.44606,0.11039,-0.26267,-0.94361,0.03027,-0.37834,-1.36086,0.02462,-0.51102,-1.49761,0.00918,-0.62733,-1.5135,-0.00088,-0.2469,-0.89464,-0.09387,-0.37688,-1.21763,-0.10587,-0.488,-1.38485,-0.11382,-0.59153,-1.48661,-0.1215,,,
2026-09-29T17:12:32.503584,rayexper,C,141.01344429374404,147.83666374342613,125.96628108739574,135.70489169154482,162.01656159683935,0.0,0.0,0.0,-0.22023,-0.05952,0.07373,-0.42215,-0.21954,0.09405,-0.59008,-0.23311,0.07067,-0.73759,-0.22883,0.04451,-0.3612,-0.89695,0.23891,-0.44725,-1.19851,0.25349,-0.545,-1.33134,0.23767,-0.63879,-1.38011,0.219,-0.30835,-0.9407,0.1414,-0.4016,-1.34981,0.14514,-0.52161,-1.45696,0.12313,-0.63642,-1.45241,0.11013,-0.26374,-0.94316,0.02632,-0.37198,-1.35868,0.01508,-0.50514,-1.49434,0.00226,-0.6242,-1.51087,-0.00372,-0.24845,-0.89358,-0.09208,-0.37899,-1.21786,-0.10993,-0.49179,-1.38118,-0.11859,-0.59763,-1.47911,-0.12468,,,
2026-09-29T17:12:32.733366,rayexper,C,140.59625384811264,156.50370348752887,134.7738340391312,141.13398243496223,161.92304552911193,0.0,0.0,0.0,-0.23515,-0.0726,0.14453,-0.43828,-0.21333,0.2006,-0.60476,-0.21246,0.19705,-0.75435,-0.20448,0.18358,-0.36246,-0.8757,0.34524,-0.4544,-1.16143,0.40739,-0.53341,-1.30216,0.41352,-0.61596,-1.37009,0.40288,-0.30853,-0.92685,0.21391,-0.40673,-1.30985,0.26081,-0.51925,-1.43677,0.24494,-0.63161,-1.45282,0.22788,-0.26523,-0.93744,0.06825,-0.37256,-1.33557,0.08839,-0.49786,-1.48382,0.0768,-0.62238,-1.52209,0.06267,-0.25054,-0.90086,-0.07574,-0.38262,-1.23144,-0.07778,-0.48966,-1.38883,-0.08094,-0.59898,-1.4912,-0.08903,,,
2026-09-29T17:12:32.928916,rayexper,C,143.00160534003035,155.580755035196,135.1040589527676,142.14042374281314,162.37225879801122,0.0,0.0,0.0,-0.2279,-0.07229,0.10876,-0.43443,-0.22182,0.14365,-0.60701,-0.2267,0.12696,-0.76011,-0.23295,0.1028,-0.35745,-0.89285,0.28729,-0.44884,-1.19341,0.32742,-0.53181,-1.33742,0.32212,-0.61847,-1.40743,0.30638,-0.30201,-0.93764,0.17209,-0.40228,-1.32821,0.20051,-0.51735,-1.45761,0.1801,-0.63228,-1.47342,0.1618,-0.253,-0.94429,0.04173,-0.36128,-1.35627,0.04883,-0.48528,-1.51075,0.03648,-0.60736,-1.54694,0.02463,-0.22882,-0.9042,-0.08932,-0.35876,-1.24637,-0.09698,-0.46434,-1.41364,-0.10032,-0.57212,-1.51534,-0.10635,,,
2026-09-29T17:12:33.118518,rayexper,C,143.85367767313963,156.74476092749347,138.45975772680814,143.9109676473027,163.64017415245493,0.0,0.0,0.0,-0.22309,-0.07405,0.09122,-0.43293,-0.22941,0.11832,-0.60697,-0.23854,0.09894,-0.75993,-0.24642,0.07367,-0.35757,-0.90039,0.25412,-0.4444,-1.20157,0.28597,-0.52517,-1.34787,0.2789,-0.61102,-1.4244,0.26237,-0.30019,-0.94223,0.1486,-0.40271,-1.32558,0.17068,-0.51487,-1.45727,0.1528,-0.63012,-1.48316,0.13583,-0.24783,-0.94573,0.02746,-0.35791,-1.35736,0.02663,-0.48024,-1.51482,0.01326,-0.60181,-1.55611,0.00145,-0.22072,-0.90704,-0.09508,-0.34956,-1.24796,-0.11065,-0.4536,-1.42027,-0.11888,-0.56012,-1.52659,-0.12759,,,
2026-09-29T17:12:33.307724,rayexper,C,149.36221900108347,135.7875007712157,112.10391758225171,120.53156172288448,149.58910323573346,0.0,0.0,0.0,-0.22424,-0.0711,0.05559,-0.43314,-0.23876,0.06465,-0.60477,-0.26584,0.03467,-0.75459,-0.29793,0.00669,-0.34604,-0.90408,0.20958,-0.44434,-1.21379,0.20617,-0.55997,-1.31607,0.1804,-0.65814,-1.33284,0.15894,-0.29217,-0.94859,0.12168,-0.4011,-1.36956,0.11402,-0.54249,-1.44456,0.09135,-0.65959,-1.40432,0.07941,-0.24759,-0.94818,0.01465,-0.37046,-1.37297,-0.00356,-0.52628,-1.47021,-0.01584,-0.64945,-1.44422,-0.01985,-0.23511,-0.89762,-0.09687,-0.38354,-1.21664,-0.11601,-0.51593,-1.3411,-0.12372,-0.63016,-1.38687,-0.12784,,,
2026-09-29T17:12:33.530852,rayexper,C,160.81758320863858,121.73915038098053,93.4369219937172,95.57429208973274,122.18399304814646,0.0,0.0,0.0,-0.22258,-0.09263,0.07181,-0.42533,-0.27881,0.0849,-0.59349,-0.34538,0.05284,-0.74434,-0.44666,0.02433,-0.30675,-0.89521,0.24318,-0.4295,-1.18094,0.23754,-0.56249,-1.24003,0.20672,-0.65879,-1.21767,0.1856,-0.25852,-0.95432,0.14983,-0.40141,-1.35489,0.14905,-0.56004,-1.37969,0.13022,-0.66344,-1.27882,0.12174,-0.22588,-0.96595,0.03685,-0.37851,-1.36127,0.02909,-0.54766,-1.38171,0.0322,-0.6584,-1.28366,0.03857,-0.22335,-0.93135,-0.08059,-0.38736,-1.24576,-0.08542,-0.52546,-1.30498,-0.07507,-0.62832,-1.26615,-0.06566,,,
2026-09-29T17:12:33.732208,rayexper,C,159.12770505571484,88.93542200636466,72.98214818950169,74.39239988591993,88.92287943464956,0.0,0.0,0.0,-0.24284,-0.08746,0.10041,-0.42926,-0.28958,0.11737,-0.59312,-0.36956,0.08268,-0.73991,-0.48201,0.04975,-0.27551,-0.9087,0.25204,-0.40184,-1.2056,0.23836,-0.53823,-1.19485,0.19977,-0.62778,-1.10137,0.17527,-0.22492,-0.96357,0.14471,-0.38456,-1.35367,0.14123,-0.55376,-1.30307,0.11084,-0.64424,-1.1393,0.09119,-0.19852,-0.9623,0.02182,-0.37276,-1.34901,0.01541,-0.55163,-1.27792,0.00896,-0.64911,-1.11796,0.0043,-0.21266,-0.91296,-0.10156,-0.39538,-1.21231,-0.09992,-0.53661,-1.1856,-0.08769,-0.62519,-1.06593,-0.08095,,,
2026-09-29T17:12:33.929022,rayexper,C,159.8661100626751,88.36900846645275,73.70647950116368,74.61558929702282,89.20774409323693,0.0,0.0,0.0,-0.24076,-0.10029,0.09113,-0.41951,-0.29365,0.09999,-0.58174,-0.37466,0.05969,-0.72953,-0.49235,0.02145,-0.2621,-0.91063,0.23706,-0.3971,-1.19583,0.21876,-0.53674,-1.17306,0.17546,-0.63093,-1.07196,0.14789,-0.21197,-0.96775,0.13613,-0.38689,-1.34798,0.12966,-0.55832,-1.28657,0.0948,-0.64909,-1.11688,0.07066,-0.18916,-0.96445,0.02022,-0.37415,-1.33734,0.01596,-0.55319,-1.25779,0.00685,-0.651,-1.08964,-0.0019,-0.20887,-0.90949,-0.09672,-0.39159,-1.19832,-0.09133,-0.53315,-1.16944,-0.07999,-0.62546,-1.0455,-0.07543,,,
2026-09-29T17:12:34.196759,rayexper,C,156.5559119806278,95.86178387435713,81.41843768465323,82.41229832671685,92.92533896652053,0.0,0.0,0.0,-0.25673,-0.12098,0.18536,-0.43652,-0.29622,0.23089,-0.59014,-0.37404,0.20496,-0.73752,-0.48115,0.17198,-0.2443,-0.90986,0.35635,-0.39882,-1.20868,0.38387,-0.54346,-1.20342,0.36566,-0.6376,-1.118,0.35038,-0.19875,-0.95745,0.20927,-0.39068,-1.32177,0.25158,-0.5655,-1.27226,0.23507,-0.64947,-1.13506,0.21668,-0.19335,-0.94196,0.05232,-0.38436,-1.3153,0.08777,-0.56348,-1.26064,0.10288,-0.66007,-1.12271,0.1026,-0.23907,-0.86458,-0.09978,-0.42162,-1.16969,-0.06929,-0.56047,-1.15428,-0.03577,-0.64969,-1.04399,-0.01845,,,
2026-09-29T17:12:34.330642,rayexper,C,157.96183020468206,128.42956407142185,109.52990548099356,119.19711807307715,142.36594197241737,0.0,0.0,0.0,-0.24988,-0.15834,0.19918,-0.43054,-0.35173,0.25522,-0.57447,-0.44865,0.24084,-0.718,-0.54996,0.21644,-0.25751,-0.93104,0.33381,-0.38429,-1.21224,0.3484,-0.51769,-1.29165,0.32777,-0.62807,-1.27906,0.30852,-0.21209,-0.96219,0.17089,-0.35064,-1.35192,0.1772,-0.51214,-1.41324,0.15434,-0.6288,-1.3532,0.14041,-0.19054,-0.93512,-0.0003,-0.34178,-1.32805,-0.00636,-0.51284,-1.406,0.00213,-0.63917,-1.37114,0.00982,-0.2044,-0.85462,-0.164,-0.37239,-1.16174,-0.17211,-0.51567,-1.2546,-0.1545,-0.63157,-1.27938,-0.14052,,,
2026-09-29T17:12:35.897272,rayexper,C,160.6082648244721,96.87072775902296,76.92341420517933,78.571076235727,99.00956437063553,0.0,0.0,0.0,-0.24057,-0.07801,0.14431,-0.4284,-0.23299,0.18884,-0.58717,-0.29986,0.16791,-0.74371,-0.41965,0.1446,-0.35383,-0.84355,0.37027,-0.49137,-1.1391,0.3906,-0.62297,-1.15442,0.35617,-0.70963,-1.07282,0.33077,-0.32205,-0.91504,0.24286,-0.47154,-1.2951,0.27172,-0.63496,-1.27752,0.23563,-0.71689,-1.12964,0.20866,-0.29815,-0.94724,0.09872,-0.44167,-1.33466,0.13864,-0.60225,-1.31551,0.1438,-0.6879,-1.1819,0.13895,-0.27842,-0.93709,-0.04781,-0.41983,-1.26617,-0.00654,-0.55551,-1.29115,0.02195,-0.64663,-1.20443,0.03521,,,
2026-09-29T17:12:36.056167,rayexper,C,162.12968046105925,97.14463372127781,74.20101056379688,77.25755901284921,103.25279150370694,0.0,0.0,0.0,-0.24164,-0.05583,0.1003,-0.44053,-0.20956,0.12299,-0.61097,-0.26859,0.08953,-0.77182,-0.38531,0.05796,-0.37085,-0.84621,0.30685,-0.50839,-1.14378,0.30105,-0.64748,-1.15571,0.25828,-0.73207,-1.07259,0.23129,-0.33714,-0.92032,0.19834,-0.49183,-1.32052,0.20115,-0.65834,-1.28884,0.16763,-0.74126,-1.13193,0.14898,-0.30825,-0.9562,0.06997,-0.45913,-1.35847,0.08509,-0.62973,-1.33128,0.09018,-0.7196,-1.18696,0.09253,-0.28488,-0.95217,-0.06369,-0.43563,-1.27176,-0.04266,-0.57837,-1.30135,-0.02211,-0.67287,-1.21991,-0.00939,,,
2026-09-29T17:12:36.201053,rayexper,C,159.03631386388798,101.88733580631397,76.41926556815373,80.741637781098,102.58654456704109,0.0,0.0,0.0,-0.23919,-0.059,0.15692,-0.43624,-0.21146,0.20747,-0.59734,-0.25916,0.18929,-0.75213,-0.37144,0.1672,-0.36213,-0.83914,0.38485,-0.50552,-1.11886,0.41539,-0.64041,-1.13443,0.39463,-0.72353,-1.06426,0.37744,-0.33016,-0.91074,0.24808,-0.49114,-1.30346,0.27997,-0.65832,-1.27598,0.25586,-0.74195,-1.12487,0.24018,-0.30759,-0.94294,0.09439,-0.46393,-1.3409,0.12982,-0.63538,-1.31747,0.13953,-0.7296,-1.18183,0.14057,-0.29484,-0.9322,-0.06049,-0.45703,-1.24521,-0.02678,-0.59582,-1.26365,-0.00035,-0.6885,-1.18101,0.01303,,,
2026-09-29T17:12:36.370886,rayexper,C,161.27430616964412,97.78179822748668,76.64629506806953,81.22073899075704,103.27869865715819,0.0,0.0,0.0,-0.23793,-0.06616,0.12564,-0.43473,-0.22239,0.15962,-0.59687,-0.28018,0.1334,-0.74965,-0.3946,0.1073,-0.35759,-0.85602,0.32627,-0.50253,-1.14459,0.33244,-0.64097,-1.15034,0.29945,-0.72706,-1.0698,0.27761,-0.3242,-0.92323,0.20627,-0.48903,-1.30813,0.22147,-0.65741,-1.27618,0.19607,-0.74254,-1.12135,0.18054,-0.30078,-0.94698,0.06861,-0.46149,-1.34239,0.09107,-0.63497,-1.31705,0.10122,-0.7314,-1.1799,0.10444,-0.29022,-0.92718,-0.07192,-0.45331,-1.23603,-0.04817,-0.59494,-1.25498,-0.02399,-0.69108,-1.17238,-0.00989,,,
2026-09-29T17:12:36.532665,rayexper,C,162.85232962627148,91.98155561243696,70.0493655814983,75.26668835836553,108.37412971781433,0.0,0.0,0.0,-0.25038,-0.08444,0.09723,-0.44723,-0.24164,0.1168,-0.6067,-0.308,0.08134,-0.76058,-0.42653,0.048,-0.38264,-0.85888,0.29249,-0.51139,-1.15738,0.2713,-0.64741,-1.16596,0.21898,-0.73183,-1.06594,0.1884,-0.3385,-0.92297,0.18318,-0.48816,-1.32771,0.16744,-0.65128,-1.2848,0.12696,-0.73493,-1.11315,0.10784,-0.30002,-0.95156,0.05364,-0.4423,-1.36016,0.05283,-0.61467,-1.33388,0.05217,-0.706,-1.18275,0.05575,-0.26834,-0.94387,-0.08072,-0.41603,-1.2598,-0.07145,-0.56378,-1.29945,-0.0569,-0.66359,-1.23055,-0.04525,,,
2026-09-29T17:53:24.103077,invitado,C,165.58159757698687,95.19550746506363,86.4274178584698,86.03770359424549,102.57741423310128,0.0,0.0,0.0,-0.23476,-0.14639,0.05819,-0.37471,-0.35677,0.03729,-0.49994,-0.47562,-0.01529,-0.61124,-0.61848,-0.06726,-0.13401,-0.98405,0.0837,-0.32056,-1.25895,0.02278,-0.48257,-1.21696,-0.03712,-0.5872,-1.09368,-0.07091,-0.09326,-0.99563,0.0047,-0.33926,-1.3408,-0.03516,-0.52108,-1.26827,-0.07397,-0.61272,-1.11025,-0.1018,-0.10061,-0.9318,-0.081,-0.32215,-1.32056,-0.11597,-0.5048,-1.27137,-0.12701,-0.60329,-1.13164,-0.13426,-0.16444,-0.8186,-0.16504,-0.33498,-1.16347,-0.19245,-0.46312,-1.18934,-0.19012,-0.54645,-1.11246,-0.18542,,,
2026-09-29T17:53:24.431044,invitado,C,169.31505685899202,87.44913290714787,80.72519137244726,80.18478361383097,92.52123829384122,0.0,0.0,0.0,-0.24942,-0.16434,0.02678,-0.39567,-0.3818,-0.00742,-0.51574,-0.51122,-0.06232,-0.60679,-0.65193,-0.11452,-0.1192,-0.99845,-0.00186,-0.33284,-1.32402,-0.08629,-0.51005,-1.25635,-0.15381,-0.60596,-1.09786,-0.1897,-0.08767,-0.99432,-0.06042,-0.34966,-1.37594,-0.12452,-0.53421,-1.28261,-0.17149,-0.61232,-1.10639,-0.20385,-0.10732,-0.92067,-0.12287,-0.34022,-1.29504,-0.1785,-0.51884,-1.21844,-0.20292,-0.60307,-1.05308,-0.21705,-0.17744,-0.78858,-0.18289,-0.35159,-1.10847,-0.22307,-0.48325,-1.10435,-0.23026,-0.56624,-1.00258,-0.2318,,,
2026-09-29T17:53:24.847242,invitado,C,168.81985042768008,94.00499266317772,86.76737147666809,90.59819133817075,113.96554826754618,0.0,0.0,0.0,-0.26402,-0.17865,0.02099,-0.44753,-0.42066,-0.01303,-0.5871,-0.55682,-0.06178,-0.68555,-0.66802,-0.1077,-0.16006,-1.0142,-0.03099,-0.39079,-1.32703,-0.11464,-0.57441,-1.25962,-0.17714,-0.68998,-1.11472,-0.20917,-0.13028,-0.98831,-0.07915,-0.42948,-1.35295,-0.15117,-0.62215,-1.26011,-0.19355,-0.71256,-1.07775,-0.21883,-0.14913,-0.88698,-0.12873,-0.41636,-1.24658,-0.18428,-0.59852,-1.18892,-0.20578,-0.69578,-1.03873,-0.21527,-0.21047,-0.72935,-0.1754,-0.40125,-1.03169,-0.21528,-0.53682,-1.06086,-0.22483,-0.62975,-0.99781,-0.22634,,,
2026-09-29T17:53:25.297875,invitado,C,168.47955229404445,94.55408070975096,85.61858670988119,84.98961872400324,96.76643104036681,0.0,0.0,0.0,-0.27362,-0.18441,0.0493,-0.43532,-0.40155,0.02483,-0.559,-0.52355,-0.02632,-0.63599,-0.66975,-0.07556,-0.16967,-1.01001,0.03995,-0.38077,-1.26969,-0.03202,-0.5446,-1.19657,-0.0965,-0.64238,-1.06524,-0.13349,-0.12673,-0.99144,-0.03137,-0.39828,-1.31578,-0.08304,-0.58065,-1.21656,-0.12239,-0.65575,-1.05152,-0.1522,-0.12774,-0.89185,-0.10763,-0.37015,-1.22709,-0.14837,-0.5501,-1.14719,-0.15962,-0.63299,-0.99667,-0.16848,-0.17629,-0.73181,-0.18246,-0.34067,-1.03646,-0.21377,-0.47192,-1.0417,-0.21464,-0.55274,-0.9527,-0.21361,,,
2026-09-29T17:53:25.764609,invitado,C,168.35506209323,87.23922797016903,80.63622008614108,81.01332735201497,97.47182148716303,0.0,0.0,0.0,-0.26044,-0.21844,0.03134,-0.42259,-0.45347,-0.0003,-0.5427,-0.57918,-0.05783,-0.60395,-0.74601,-0.10976,-0.15203,-1.0131,0.03129,-0.31571,-1.341,-0.06027,-0.48361,-1.28489,-0.13774,-0.59168,-1.14964,-0.18131,-0.10091,-0.99423,-0.03651,-0.33683,-1.3654,-0.11048,-0.52225,-1.27145,-0.16638,-0.59779,-1.10681,-0.20389,-0.08875,-0.91537,-0.11249,-0.29568,-1.28123,-0.16853,-0.48375,-1.20887,-0.19292,-0.57593,-1.05072,-0.20728,-0.1227,-0.7814,-0.1886,-0.27079,-1.09344,-0.22637,-0.40693,-1.1039,-0.234,-0.49416,-1.02027,-0.2365,,,
2026-09-29T17:53:26.117585,invitado,C,167.52633307610694,80.34204979151154,75.08529269273389,78.83031949202477,100.56040992547179,0.0,0.0,0.0,-0.24992,-0.19506,0.02251,-0.41248,-0.41214,-0.0094,-0.53296,-0.54236,-0.06731,-0.58763,-0.72363,-0.1174,-0.16603,-0.99339,0.05332,-0.30638,-1.32193,-0.03645,-0.46389,-1.26267,-0.11488,-0.55561,-1.11682,-0.1596,-0.10968,-0.99391,-0.01084,-0.31562,-1.35105,-0.08484,-0.49225,-1.2494,-0.14247,-0.55869,-1.07736,-0.17875,-0.08674,-0.93512,-0.08673,-0.2729,-1.28289,-0.14263,-0.45786,-1.2125,-0.16873,-0.54491,-1.05104,-0.18263,-0.10423,-0.81709,-0.16473,-0.24706,-1.10185,-0.20407,-0.38507,-1.11606,-0.21544,-0.47198,-1.03553,-0.21887,,,
2026-09-29T17:53:26.530727,invitado,C,168.27508511199173,91.95354683477483,77.53249921228198,78.95277737398101,109.14131439327338,0.0,0.0,0.0,-0.26298,-0.19878,0.02916,-0.42724,-0.4219,-0.00011,-0.54302,-0.54548,-0.05434,-0.60948,-0.7204,-0.10507,-0.1982,-0.97943,0.02828,-0.37746,-1.24672,-0.07141,-0.54179,-1.1785,-0.15397,-0.63959,-1.03843,-0.19983,-0.12913,-0.99081,-0.04019,-0.35918,-1.32263,-0.129,-0.53932,-1.20255,-0.189,-0.60849,-1.01523,-0.2229,-0.0985,-0.9276,-0.11765,-0.29415,-1.27615,-0.18919,-0.47865,-1.1994,-0.21958,-0.56399,-1.03452,-0.23181,-0.11449,-0.79364,-0.19481,-0.25343,-1.06663,-0.2479,-0.38701,-1.09354,-0.26551,-0.47045,-1.03411,-0.27081,,,
2026-09-29T17:53:26.980852,invitado,C,167.63542955226546,93.95706911584755,79.6535324982876,77.79263555955153,101.72917855235366,0.0,0.0,0.0,-0.27126,-0.2004,0.05186,-0.43046,-0.41659,0.03447,-0.54516,-0.53953,-0.012,-0.60728,-0.7064,-0.05686,-0.19928,-0.9732,0.0519,-0.40071,-1.21783,-0.03558,-0.5646,-1.1403,-0.11181,-0.65953,-0.99563,-0.15468,-0.13444,-0.99062,-0.0244,-0.3852,-1.30505,-0.09775,-0.5666,-1.17995,-0.15104,-0.63329,-0.99138,-0.18461,-0.10934,-0.92934,-0.10774,-0.31903,-1.27797,-0.1673,-0.50562,-1.18968,-0.19185,-0.58759,-1.01616,-0.2042,-0.13546,-0.79908,-0.18919,-0.27838,-1.0739,-0.23587,-0.41583,-1.08843,-0.24963,-0.50059,-1.00901,-0.25435,,,
2026-09-29T17:53:27.433988,invitado,C,167.74333293206575,93.29630825537718,79.56986008258208,78.07058887390342,100.65727341656623,0.0,0.0,0.0,-0.27919,-0.20863,0.06469,-0.43789,-0.42836,0.05338,-0.554,-0.54703,0.01036,-0.6198,-0.70714,-0.03179,-0.19573,-0.97999,0.06577,-0.40733,-1.22477,-0.01669,-0.5736,-1.14103,-0.08901,-0.66795,-0.99047,-0.1291,-0.13482,-0.99076,-0.01504,-0.39765,-1.30343,-0.08339,-0.58242,-1.1694,-0.13361,-0.64752,-0.97452,-0.16524,-0.11475,-0.92537,-0.10202,-0.33706,-1.26998,-0.15631,-0.52534,-1.17242,-0.1785,-0.60518,-0.99628,-0.18991,-0.14527,-0.79582,-0.18614,-0.29535,-1.07198,-0.22923,-0.43296,-1.082,-0.24145,-0.51505,-0.99932,-0.24551,,,
2026-09-29T17:53:27.831425,invitado,C,165.79166801332875,92.26291577687884,77.11712119312946,75.56970462807266,87.6282902835137,0.0,0.0,0.0,-0.2795,-0.21905,0.10558,-0.42549,-0.4398,0.10972,-0.53761,-0.55077,0.07163,-0.61312,-0.7134,0.03141,-0.20815,-0.97735,0.11246,-0.41316,-1.21298,0.03727,-0.58427,-1.12201,-0.03245,-0.67968,-0.96714,-0.07025,-0.14808,-0.98894,0.00804,-0.39774,-1.29946,-0.04876,-0.58646,-1.16056,-0.09438,-0.64872,-0.96009,-0.12365,-0.12585,-0.92593,-0.1012,-0.33968,-1.26534,-0.14303,-0.53122,-1.15983,-0.15784,-0.60339,-0.98134,-0.16647,-0.15157,-0.80473,-0.20556,-0.3042,-1.08906,-0.23529,-0.44454,-1.07635,-0.23606,-0.51745,-0.96307,-0.23375,,,
2026-09-29T17:53:28.267322,invitado,C,166.7792893641395,95.11205034026017,79.99745544659376,79.41065547873733,96.33024874845533,0.0,0.0,0.0,-0.27521,-0.21716,0.08589,-0.42423,-0.4429,0.08292,-0.53938,-0.55584,0.04311,-0.62218,-0.7109,0.00287,-0.19237,-0.97745,0.09121,-0.39706,-1.21398,0.01356,-0.56857,-1.13143,-0.05654,-0.66983,-0.9874,-0.0947,-0.13322,-0.99109,-0.00045,-0.38599,-1.29816,-0.06047,-0.57538,-1.16856,-0.10631,-0.6451,-0.97422,-0.13588,-0.11453,-0.92845,-0.09758,-0.33447,-1.26282,-0.14265,-0.52693,-1.16598,-0.15882,-0.60782,-0.99472,-0.16765,-0.14535,-0.80783,-0.19108,-0.29729,-1.08637,-0.22344,-0.43647,-1.08943,-0.22789,-0.51621,-0.99633,-0.22788,,,
2026-09-29T17:53:28.664139,invitado,C,167.32585177857325,91.50474182476584,80.40664311259704,78.3980705025069,97.81875261412219,0.0,0.0,0.0,-0.27549,-0.21839,0.07158,-0.42991,-0.44372,0.06051,-0.54888,-0.55713,0.01575,-0.62963,-0.7151,-0.02884,-0.1851,-0.98895,0.06851,-0.39087,-1.24831,-0.01421,-0.56154,-1.16423,-0.08672,-0.6619,-1.01043,-0.12681,-0.12506,-0.992,-0.01733,-0.38662,-1.31036,-0.08536,-0.57807,-1.17869,-0.13688,-0.64889,-0.98334,-0.16988,-0.10542,-0.92162,-0.10858,-0.32884,-1.26814,-0.16184,-0.52141,-1.16768,-0.18377,-0.60401,-0.99098,-0.1954,-0.1353,-0.79104,-0.1964,-0.28974,-1.07416,-0.23727,-0.43046,-1.07732,-0.24704,-0.51249,-0.98821,-0.24969,,,
2026-09-29T19:28:54.330874,exp5,C,155.27016191630636,135.47990051171158,109.76483214306002,112.21917162539665,143.9923460518051,0.0,0.0,0.0,-0.15767,-0.16803,-0.09776,-0.26026,-0.41477,-0.16723,-0.30214,-0.63661,-0.23821,-0.23628,-0.86735,-0.30052,-0.07163,-0.9859,-0.0177,-0.04628,-1.32815,-0.11177,-0.08822,-1.45857,-0.20969,-0.13556,-1.45616,-0.27051,0.02716,-0.99943,-0.02003,0.06933,-1.42005,-0.10417,0.02087,-1.53401,-0.19614,-0.04674,-1.46943,-0.2516,0.11662,-0.947,-0.04148,0.15967,-1.33045,-0.0974,0.11081,-1.45703,-0.16063,0.0455,-1.39173,-0.19866,0.21293,-0.81801,-0.07527,0.22656,-1.11698,-0.11531,0.17981,-1.26667,-0.15471,0.11375,-1.29074,-0.17967,,,
2026-09-29T19:28:55.195396,exp5,C,153.6253975519828,142.1721728142662,106.04430838665199,109.72518665885652,151.130768229222,0.0,0.0,0.0,-0.14882,-0.16249,-0.09806,-0.23969,-0.40018,-0.16209,-0.24737,-0.63094,-0.22491,-0.19023,-0.84665,-0.28045,-0.09444,-0.97606,-0.02108,-0.07917,-1.28898,-0.10342,-0.09516,-1.41527,-0.1949,-0.11229,-1.41365,-0.25555,0.01406,-0.99966,-0.02218,0.03726,-1.41577,-0.10059,0.01203,-1.50892,-0.19683,-0.03135,-1.43883,-0.25958,0.10467,-0.95581,-0.04019,0.13907,-1.32644,-0.09681,0.10977,-1.44353,-0.17041,0.06418,-1.36569,-0.21914,0.20562,-0.82974,-0.06927,0.21632,-1.10851,-0.11032,0.19177,-1.25093,-0.15569,0.14748,-1.26967,-0.18871,,,
2026-09-29T19:28:56.478388,exp5,C,165.19182443985616,97.8270255874784,80.37492896601663,83.50931573632532,105.86040810356255,0.0,0.0,0.0,-0.15367,-0.22184,-0.06143,-0.24587,-0.49013,-0.12419,-0.31081,-0.69502,-0.20093,-0.28139,-0.93015,-0.26531,-0.02297,-1.01171,0.00725,0.03124,-1.40485,-0.1056,-0.07481,-1.4852,-0.20106,-0.15628,-1.42276,-0.25206,0.05588,-0.99818,-0.02274,0.14514,-1.47276,-0.1206,0.02013,-1.55679,-0.18734,-0.07814,-1.45242,-0.21735,0.13088,-0.93966,-0.07433,0.21861,-1.37086,-0.13841,0.08775,-1.46846,-0.17315,-0.01433,-1.38339,-0.18616,0.20172,-0.82863,-0.13785,0.2332,-1.17477,-0.17674,0.1242,-1.28871,-0.19514,0.02336,-1.25331,-0.20164,,,
2026-09-29T19:28:57.355294,exp5,C,164.5826917889447,92.37201204889146,76.48555701557281,82.84081534543341,109.71236603431919,0.0,0.0,0.0,-0.1575,-0.21344,-0.07362,-0.25088,-0.48228,-0.13881,-0.31203,-0.68618,-0.21503,-0.28141,-0.92393,-0.28002,-0.03878,-1.01817,-0.00471,0.02046,-1.42532,-0.12043,-0.08199,-1.48998,-0.2236,-0.16538,-1.41739,-0.281,0.04292,-0.99872,-0.02688,0.12566,-1.48883,-0.13208,0.00642,-1.54848,-0.21811,-0.08912,-1.43496,-0.26214,0.12278,-0.93968,-0.06971,0.20605,-1.37723,-0.13649,0.08861,-1.46874,-0.19128,-0.00738,-1.37592,-0.21889,0.20663,-0.82508,-0.12445,0.23939,-1.17543,-0.16281,0.14022,-1.29373,-0.19273,0.04406,-1.26326,-0.20987,,,
2026-09-29T19:28:58.929293,exp5,C,164.08422602928988,93.01113063857116,76.3027435896609,79.40770586498445,106.96592136682725,0.0,0.0,0.0,-0.15681,-0.19939,-0.0965,-0.24826,-0.4867,-0.17303,-0.30391,-0.69279,-0.2553,-0.26252,-0.93245,-0.32766,-0.03419,-1.01848,-0.0432,0.01711,-1.44452,-0.16711,-0.08431,-1.51133,-0.27784,-0.15883,-1.42883,-0.34079,0.05191,-0.9971,-0.05573,0.13333,-1.50264,-0.16588,0.01847,-1.55977,-0.26349,-0.0696,-1.4379,-0.31818,0.13579,-0.92947,-0.08841,0.21974,-1.37513,-0.15851,0.1097,-1.46177,-0.22672,0.02334,-1.35248,-0.26659,0.22421,-0.80044,-0.13371,0.26217,-1.15314,-0.17568,0.16909,-1.26871,-0.21435,0.07761,-1.2271,-0.24048,,,
2026-09-29T19:32:29.533660,exp6,C,151.54942912852184,82.78429134253628,63.467678823940346,64.78997611875197,103.86929089017426,0.0,0.0,0.0,-0.22002,-0.07987,-0.0256,-0.41119,-0.25644,-0.07941,-0.5595,-0.30177,-0.15357,-0.69876,-0.34166,-0.22414,-0.38684,-0.90529,0.00435,-0.51668,-1.31926,-0.12463,-0.65179,-1.29794,-0.23393,-0.73455,-1.15448,-0.29279,-0.30661,-0.95027,-0.0546,-0.42611,-1.45996,-0.18503,-0.59023,-1.38826,-0.27864,-0.67713,-1.17469,-0.3229,-0.2145,-0.93491,-0.13044,-0.31667,-1.42613,-0.22542,-0.49369,-1.36807,-0.28619,-0.59222,-1.1858,-0.31167,-0.11979,-0.85989,-0.21221,-0.24455,-1.17113,-0.27426,-0.39804,-1.19513,-0.30991,-0.50366,-1.12712,-0.32731,,,
2026-09-29T19:32:30.537916,exp6,C,153.563718650843,77.53103473730494,61.573806204516444,64.71500546720472,102.9954468757526,0.0,0.0,0.0,-0.21668,-0.08255,-0.02184,-0.40945,-0.2672,-0.07019,-0.55615,-0.32831,-0.13941,-0.69373,-0.37072,-0.20454,-0.38709,-0.90569,0.01473,-0.51592,-1.30954,-0.10807,-0.64307,-1.2701,-0.21162,-0.71735,-1.12184,-0.26725,-0.30469,-0.95147,-0.04333,-0.42548,-1.44528,-0.16627,-0.58253,-1.36231,-0.25325,-0.66496,-1.15455,-0.29355,-0.21122,-0.93534,-0.11847,-0.31572,-1.4085,-0.20832,-0.48989,-1.34185,-0.26276,-0.58977,-1.16766,-0.28465,-0.11739,-0.85905,-0.19947,-0.24721,-1.15687,-0.25711,-0.39955,-1.16892,-0.28791,-0.5053,-1.10232,-0.30222,,,
2026-09-29T19:32:31.928721,exp6,C,155.3669050736918,76.53588982728452,60.58496347506078,63.17944040404171,101.18152329579837,0.0,0.0,0.0,-0.21963,-0.08497,-0.02849,-0.4125,-0.274,-0.0846,-0.5579,-0.34452,-0.16167,-0.69843,-0.39566,-0.23553,-0.3893,-0.90744,-0.00436,-0.52378,-1.32783,-0.14009,-0.65338,-1.28202,-0.25235,-0.72378,-1.12269,-0.31244,-0.30272,-0.95088,-0.06465,-0.42525,-1.47578,-0.20431,-0.58789,-1.38109,-0.303,-0.66896,-1.15929,-0.34846,-0.2068,-0.93136,-0.1418,-0.3199,-1.41545,-0.2455,-0.50151,-1.33254,-0.30998,-0.59736,-1.14204,-0.33574,-0.11102,-0.85067,-0.22454,-0.24606,-1.15359,-0.29037,-0.40244,-1.16059,-0.32622,-0.50362,-1.08609,-0.34302,,,
2026-09-29T19:32:33.015175,exp6,C,157.72956800019628,79.74933637065449,61.660670988629086,63.362460715537246,98.42319450075364,0.0,0.0,0.0,-0.22184,-0.08468,-0.03285,-0.41482,-0.27555,-0.08815,-0.56031,-0.35689,-0.16329,-0.70134,-0.41359,-0.2343,-0.39608,-0.90076,-0.00033,-0.53395,-1.30273,-0.13557,-0.666,-1.25861,-0.24819,-0.74024,-1.10803,-0.30889,-0.30961,-0.94913,-0.05736,-0.43212,-1.45679,-0.19507,-0.59495,-1.3607,-0.2905,-0.67834,-1.14839,-0.33403,-0.2128,-0.93083,-0.13245,-0.32479,-1.41055,-0.23638,-0.50732,-1.32494,-0.29571,-0.60547,-1.14016,-0.31742,-0.11781,-0.84696,-0.21389,-0.25411,-1.1478,-0.28011,-0.41227,-1.14441,-0.31293,-0.51583,-1.06461,-0.32691,,,
2026-09-29T19:32:34.006858,exp6,C,154.99932160158448,77.09675328021942,61.79400856060419,64.05012291707482,100.60073083604084,0.0,0.0,0.0,-0.21694,-0.08178,-0.02478,-0.41184,-0.27981,-0.07569,-0.55909,-0.36061,-0.14672,-0.70194,-0.40428,-0.21395,-0.38764,-0.90774,-0.00094,-0.51859,-1.32727,-0.13024,-0.64931,-1.28521,-0.23504,-0.7223,-1.13586,-0.29017,-0.30204,-0.95146,-0.05916,-0.43008,-1.46418,-0.18726,-0.59149,-1.3752,-0.27367,-0.67246,-1.17216,-0.31221,-0.20604,-0.93146,-0.13379,-0.32991,-1.4072,-0.23105,-0.50972,-1.32076,-0.28278,-0.60671,-1.14105,-0.30055,-0.11098,-0.84978,-0.21384,-0.25423,-1.14562,-0.27616,-0.40828,-1.14432,-0.30374,-0.508,-1.07039,-0.31398,,,
2026-09-29T19:32:34.798566,exp6,C,156.28647791731422,81.20142557886386,62.28156365603526,63.8339942474895,99.34468012877386,0.0,0.0,0.0,-0.21961,-0.07477,-0.02079,-0.42172,-0.2727,-0.0671,-0.57277,-0.35371,-0.13437,-0.71393,-0.40123,-0.19816,-0.39786,-0.90057,0.01,-0.52523,-1.31233,-0.11283,-0.65862,-1.28462,-0.2144,-0.73624,-1.14911,-0.26874,-0.31283,-0.94849,-0.05007,-0.43885,-1.45868,-0.17428,-0.60219,-1.37493,-0.25975,-0.68499,-1.17207,-0.29794,-0.21781,-0.93171,-0.12649,-0.34079,-1.41013,-0.2217,-0.52348,-1.3237,-0.2739,-0.6211,-1.14099,-0.29195,-0.12401,-0.85273,-0.20799,-0.26971,-1.1524,-0.26883,-0.42459,-1.14965,-0.29622,-0.52307,-1.07088,-0.30657,,,
2026-09-29T19:37:50.386820,exp7,C,147.20201791593553,123.67922483523996,103.32155308317002,117.00043120228534,156.00462038882995,0.0,0.0,0.0,-0.25556,-0.14165,0.06194,-0.43718,-0.36883,0.06034,-0.59248,-0.44059,0.02653,-0.72565,-0.47738,-0.00752,-0.25217,-0.95858,0.13814,-0.39396,-1.2443,0.09713,-0.53384,-1.29881,0.04087,-0.66147,-1.27632,0.00062,-0.21565,-0.97485,0.05632,-0.41572,-1.33472,0.00602,-0.57156,-1.34576,-0.05079,-0.68716,-1.25024,-0.08735,-0.20412,-0.92346,-0.03499,-0.39413,-1.27452,-0.06779,-0.55676,-1.31605,-0.09549,-0.67921,-1.26557,-0.11359,-0.22894,-0.81944,-0.1263,-0.38875,-1.09128,-0.14167,-0.51621,-1.20453,-0.15155,-0.6256,-1.26046,-0.16121,,,
2026-09-29T19:37:51.375169,exp7,C,152.87110536295972,131.29291066851619,115.11536838567747,128.62390972031565,160.76002760830568,0.0,0.0,0.0,-0.26023,-0.16893,0.06087,-0.44069,-0.4027,0.05727,-0.59166,-0.48286,0.02367,-0.71693,-0.54727,-0.011,-0.22947,-0.97709,0.11993,-0.37851,-1.25069,0.07838,-0.51951,-1.31498,0.02417,-0.64972,-1.31097,-0.0148,-0.18876,-0.9812,0.04022,-0.40007,-1.33203,-0.00781,-0.55934,-1.36185,-0.06351,-0.67982,-1.29881,-0.10097,-0.17665,-0.91452,-0.04686,-0.37518,-1.25092,-0.08231,-0.54273,-1.31273,-0.11124,-0.67279,-1.29161,-0.13056,-0.20324,-0.79465,-0.13256,-0.36863,-1.05579,-0.15096,-0.493,-1.17225,-0.15986,-0.60002,-1.23906,-0.16803,,,
2026-09-29T19:37:52.234083,exp7,C,156.2232376169591,129.86735754542468,114.55973215295603,125.81730272660032,158.75080554189577,0.0,0.0,0.0,-0.25166,-0.15731,0.05429,-0.42611,-0.40006,0.0507,-0.57202,-0.49589,0.01812,-0.69697,-0.5754,-0.01433,-0.22662,-0.97013,0.11629,-0.36777,-1.24219,0.06969,-0.50729,-1.30624,0.01275,-0.63434,-1.29855,-0.02753,-0.18552,-0.98186,0.0392,-0.38763,-1.32529,-0.01295,-0.54468,-1.3546,-0.06741,-0.66371,-1.29134,-0.10307,-0.17167,-0.92306,-0.047,-0.36654,-1.25754,-0.08817,-0.53015,-1.30974,-0.11585,-0.65625,-1.28369,-0.13296,-0.19491,-0.80987,-0.13285,-0.35471,-1.07138,-0.15915,-0.47888,-1.18309,-0.17195,-0.58654,-1.24773,-0.18154,,,
2026-09-29T19:37:53.067081,exp7,C,157.89758276627342,129.83893362867124,111.47051675003762,124.29417063011049,158.76937214491164,0.0,0.0,0.0,-0.25025,-0.15685,0.05925,-0.4248,-0.39607,0.05952,-0.57112,-0.49579,0.02908,-0.69829,-0.58241,-0.00087,-0.22763,-0.96594,0.13352,-0.36322,-1.24061,0.09243,-0.50135,-1.30638,0.03908,-0.62457,-1.30238,0.0014,-0.18565,-0.98112,0.05414,-0.3776,-1.32931,0.00723,-0.53276,-1.35685,-0.04301,-0.64829,-1.28926,-0.07464,-0.17313,-0.92816,-0.03527,-0.36017,-1.27057,-0.07291,-0.52141,-1.32433,-0.09603,-0.64301,-1.29681,-0.10871,-0.19867,-0.82212,-0.1244,-0.35893,-1.09302,-0.1479,-0.48234,-1.20816,-0.15707,-0.58773,-1.27281,-0.16294,,,
2026-09-29T19:37:53.905954,exp7,C,156.97314355597908,128.302259635999,108.85416796767568,125.51756572316913,160.627209895716,0.0,0.0,0.0,-0.24476,-0.16972,0.06659,-0.41576,-0.40193,0.06946,-0.55997,-0.49383,0.0403,-0.68428,-0.57795,0.01091,-0.22571,-0.96349,0.13918,-0.35606,-1.24133,0.09939,-0.48907,-1.30608,0.04632,-0.60995,-1.2997,0.00825,-0.1849,-0.98115,0.05625,-0.37096,-1.33366,0.00738,-0.52032,-1.35807,-0.04496,-0.63487,-1.28613,-0.07781,-0.17113,-0.92891,-0.03601,-0.35376,-1.27369,-0.07332,-0.51108,-1.33203,-0.09847,-0.63257,-1.30916,-0.1134,-0.19474,-0.82449,-0.12725,-0.34784,-1.09736,-0.15046,-0.46678,-1.21905,-0.16104,-0.5695,-1.29209,-0.169,,,
2026-09-29T20:11:24.094076,exp8,C,171.55046270743838,111.86641469313932,97.53832229095511,94.11232901912842,106.51230335458473,0.0,0.0,0.0,-0.22539,-0.18644,0.03666,-0.35053,-0.42422,0.02991,-0.46628,-0.58537,-0.00908,-0.54735,-0.79356,-0.04301,-0.10014,-0.96533,0.13243,-0.20979,-1.27133,0.0816,-0.35248,-1.31463,0.01977,-0.45323,-1.27285,-0.01989,-0.04075,-0.99738,0.05985,-0.19193,-1.39926,0.02017,-0.36396,-1.4269,-0.027,-0.47169,-1.32835,-0.05858,-0.01873,-0.97443,-0.02781,-0.15922,-1.40896,-0.06846,-0.34167,-1.43069,-0.09053,-0.45604,-1.33314,-0.10232,-0.05316,-0.90714,-0.11863,-0.16431,-1.2832,-0.15237,-0.30437,-1.34039,-0.15826,-0.41138,-1.28309,-0.15919,,,
2026-09-29T20:11:25.164680,exp8,C,171.46976989328883,120.90078456447641,102.9194612390417,94.98555249006364,107.08055383322862,0.0,0.0,0.0,-0.22685,-0.1857,0.03643,-0.35443,-0.41723,0.02765,-0.47025,-0.59455,-0.01275,-0.54741,-0.79925,-0.04924,-0.09196,-0.95911,0.1274,-0.22188,-1.25373,0.07986,-0.36735,-1.30222,0.02009,-0.47559,-1.28125,-0.02078,-0.03153,-0.99799,0.05495,-0.20944,-1.40026,0.01467,-0.38747,-1.42917,-0.03286,-0.50292,-1.33862,-0.0661,-0.01804,-0.97812,-0.03166,-0.17836,-1.42031,-0.07513,-0.36552,-1.43635,-0.0979,-0.48465,-1.33547,-0.11034,-0.0676,-0.91309,-0.12083,-0.18818,-1.29092,-0.15822,-0.32804,-1.34482,-0.1664,-0.43601,-1.28759,-0.16902,,,
2026-09-29T20:11:26.085424,exp8,C,171.6289453868267,113.42831854530128,101.79590679346335,98.96623636120923,109.41623105939453,0.0,0.0,0.0,-0.23859,-0.18177,0.03947,-0.36324,-0.43462,0.03574,-0.46723,-0.60242,0.00093,-0.53521,-0.81007,-0.02944,-0.08565,-0.97291,0.12445,-0.21161,-1.28236,0.07534,-0.36344,-1.32552,0.0185,-0.46493,-1.28158,-0.0173,-0.02487,-0.9984,0.05082,-0.1935,-1.40644,0.01491,-0.37655,-1.43767,-0.02594,-0.4852,-1.34765,-0.05318,-0.00635,-0.97268,-0.03703,-0.16022,-1.42025,-0.08049,-0.35079,-1.45016,-0.10028,-0.46533,-1.36414,-0.10921,-0.05025,-0.90527,-0.12674,-0.17931,-1.2958,-0.16615,-0.32275,-1.35451,-0.17056,-0.42585,-1.30081,-0.16853,,,
2026-09-29T20:11:26.812177,exp8,C,171.79461917535804,126.71167323284541,106.12655718351908,101.0174307932293,110.7805960236197,0.0,0.0,0.0,-0.23397,-0.1871,0.04169,-0.35987,-0.43693,0.04091,-0.46547,-0.6189,0.00906,-0.53308,-0.83161,-0.01799,-0.07498,-0.95971,0.13567,-0.20198,-1.25339,0.09465,-0.34848,-1.31854,0.04045,-0.45432,-1.31184,0.00347,-0.01424,-0.99791,0.06299,-0.18604,-1.39278,0.02962,-0.36757,-1.43208,-0.01013,-0.48227,-1.35136,-0.03726,-0.00225,-0.98177,-0.02389,-0.16127,-1.41532,-0.0631,-0.35093,-1.44613,-0.08097,-0.4696,-1.36392,-0.08968,-0.05502,-0.92072,-0.11309,-0.17867,-1.29439,-0.14849,-0.32242,-1.35337,-0.15357,-0.43237,-1.30528,-0.15326,,,
2026-09-29T20:11:27.518348,exp8,C,173.1381981628458,120.1817094672271,103.52238841451444,97.4768139495543,110.53023884611221,0.0,0.0,0.0,-0.22213,-0.18249,0.02397,-0.3426,-0.43954,0.01484,-0.44894,-0.62384,-0.02146,-0.52835,-0.83523,-0.05208,-0.09656,-0.96045,0.10508,-0.21561,-1.25399,0.05395,-0.35593,-1.30239,-0.00468,-0.45636,-1.283,-0.04376,-0.03499,-0.99857,0.04034,-0.19601,-1.39556,-0.00379,-0.36864,-1.42896,-0.04755,-0.48149,-1.34744,-0.07588,-0.01295,-0.97909,-0.0386,-0.16336,-1.4094,-0.08442,-0.34292,-1.43191,-0.10534,-0.45761,-1.34525,-0.11481,-0.04926,-0.91204,-0.12111,-0.16759,-1.27659,-0.15969,-0.30544,-1.33524,-0.16835,-0.41202,-1.28688,-0.17018,,,
2026-09-29T20:11:28.694949,exp8,C,171.3734526964426,116.80295002450644,101.4834670189346,99.0269797022417,112.58641779725626,0.0,0.0,0.0,-0.22525,-0.19342,0.04831,-0.34726,-0.43828,0.0452,-0.45839,-0.61445,0.00892,-0.53693,-0.81761,-0.02408,-0.07066,-0.9652,0.13728,-0.2007,-1.26823,0.09327,-0.34535,-1.3097,0.03616,-0.4512,-1.2797,-0.00222,-0.00943,-0.99808,0.06118,-0.19132,-1.39881,0.02424,-0.37104,-1.42395,-0.02298,-0.48356,-1.32711,-0.0554,0.00322,-0.97495,-0.02759,-0.15895,-1.41457,-0.06688,-0.34824,-1.44102,-0.08846,-0.46824,-1.3508,-0.09994,-0.04687,-0.90926,-0.11762,-0.16391,-1.28536,-0.15123,-0.29997,-1.35,-0.15746,-0.40419,-1.30741,-0.1582,,,
2026-09-29T20:11:29.627909,exp8,C,171.48706594523313,118.70277753647422,100.2431004389556,95.63944152923925,118.52515809379125,0.0,0.0,0.0,-0.21689,-0.19828,0.03126,-0.34462,-0.45924,0.02323,-0.44726,-0.63753,-0.01353,-0.51095,-0.81576,-0.04636,-0.10038,-0.97394,0.10381,-0.20195,-1.28399,0.04976,-0.33624,-1.33907,-0.01,-0.44035,-1.32232,-0.04948,-0.03922,-0.99858,0.036,-0.18466,-1.4107,-0.01831,-0.35673,-1.44459,-0.06777,-0.47005,-1.35679,-0.09713,-0.0169,-0.96685,-0.04457,-0.15334,-1.39898,-0.09548,-0.33208,-1.42598,-0.12102,-0.44637,-1.33359,-0.13136,-0.04687,-0.89041,-0.1275,-0.14949,-1.25417,-0.16567,-0.28157,-1.33375,-0.17655,-0.38433,-1.30668,-0.17953,,,
2026-09-29T20:15:44.961443,exp8,C,165.81112392346694,81.59655544307128,79.35635742101715,76.85080879489571,85.5447463852426,0.0,0.0,0.0,-0.27481,-0.13186,0.06447,-0.41996,-0.34837,0.05496,-0.53795,-0.4727,0.01397,-0.64478,-0.59587,-0.02584,-0.1949,-0.9651,0.08343,-0.37287,-1.27235,0.01947,-0.54388,-1.19951,-0.04268,-0.636,-1.03696,-0.07732,-0.14956,-0.98874,0.00432,-0.38554,-1.3502,-0.03368,-0.57988,-1.25862,-0.07112,-0.65621,-1.08061,-0.10037,-0.14489,-0.9287,-0.08155,-0.35729,-1.32463,-0.11154,-0.5493,-1.24541,-0.12282,-0.63394,-1.07853,-0.13416,-0.19497,-0.80628,-0.16598,-0.3579,-1.13526,-0.18406,-0.49714,-1.11812,-0.17828,-0.57664,-1.00532,-0.17524,,,
2026-09-29T20:15:45.878525,exp8,C,163.0489257905603,84.35520399754834,76.55953821461627,74.9302948221692,88.49921722172643,0.0,0.0,0.0,-0.26252,-0.15646,0.05501,-0.40085,-0.3791,0.03234,-0.51782,-0.50284,-0.01949,-0.62793,-0.61866,-0.07183,-0.16104,-0.98551,0.04636,-0.35411,-1.29772,-0.03094,-0.53308,-1.22573,-0.09999,-0.62523,-1.05911,-0.13773,-0.1226,-0.992,-0.02999,-0.36874,-1.37315,-0.08555,-0.56535,-1.27162,-0.12866,-0.63627,-1.07644,-0.15899,-0.12867,-0.91851,-0.11142,-0.34473,-1.33495,-0.14956,-0.53639,-1.25814,-0.16253,-0.61535,-1.08355,-0.17376,-0.188,-0.78796,-0.1912,-0.35553,-1.13041,-0.21376,-0.49349,-1.12616,-0.21004,-0.5672,-1.02029,-0.20776,,,
2026-09-29T20:15:46.869544,exp8,C,162.96262709597022,88.01300050807674,75.16868644391664,75.16933728936097,95.52486389615258,0.0,0.0,0.0,-0.26004,-0.16833,0.06469,-0.40165,-0.3813,0.04642,-0.5266,-0.50608,-0.0031,-0.63502,-0.61451,-0.05409,-0.1592,-0.98399,0.05734,-0.3606,-1.28327,-0.01432,-0.54136,-1.21285,-0.07836,-0.63567,-1.05884,-0.11295,-0.12424,-0.99202,-0.02132,-0.37943,-1.39114,-0.07552,-0.57461,-1.28279,-0.11679,-0.64869,-1.08276,-0.1439,-0.13723,-0.91715,-0.10366,-0.35976,-1.33577,-0.13931,-0.54703,-1.258,-0.15164,-0.62833,-1.08395,-0.16094,-0.20913,-0.78449,-0.18282,-0.38221,-1.11535,-0.20215,-0.52092,-1.12169,-0.19802,-0.60165,-1.02673,-0.19511,,,
2026-09-29T20:15:47.636670,exp8,C,160.13376230992006,87.48051857019831,76.76723706268295,75.6299949380323,96.64431494174923,0.0,0.0,0.0,-0.25868,-0.17762,0.09051,-0.39919,-0.38619,0.08074,-0.52356,-0.49804,0.03339,-0.63343,-0.60333,-0.01858,-0.17018,-0.98168,0.08135,-0.37355,-1.25705,0.01463,-0.54594,-1.17492,-0.04881,-0.63912,-1.01631,-0.08407,-0.12849,-0.99163,-0.01295,-0.3913,-1.36108,-0.06352,-0.58217,-1.24709,-0.10629,-0.65818,-1.04187,-0.13636,-0.13524,-0.91357,-0.10941,-0.36199,-1.32912,-0.142,-0.5475,-1.24821,-0.15308,-0.63267,-1.07419,-0.16335,-0.20199,-0.77718,-0.20068,-0.37422,-1.11763,-0.21933,-0.51083,-1.12822,-0.21326,-0.59417,-1.03729,-0.21007,,,
2026-09-29T20:15:48.493007,exp8,C,165.39896601021402,83.62419113918682,78.37916212665233,77.56200684482265,91.00412885980873,0.0,0.0,0.0,-0.26943,-0.1521,0.06301,-0.41156,-0.36411,0.04983,-0.52823,-0.48643,0.00498,-0.63314,-0.61133,-0.04054,-0.18518,-0.96994,0.07522,-0.36659,-1.2637,0.00702,-0.53629,-1.19413,-0.05743,-0.62309,-1.03445,-0.09284,-0.14057,-0.99006,-0.00487,-0.37616,-1.35433,-0.04933,-0.56909,-1.26428,-0.08782,-0.63946,-1.0834,-0.11592,-0.13955,-0.92276,-0.09181,-0.34957,-1.32432,-0.12661,-0.54178,-1.25677,-0.13856,-0.62155,-1.09296,-0.1486,-0.1929,-0.79079,-0.17695,-0.35658,-1.12637,-0.19865,-0.49379,-1.12884,-0.19366,-0.56738,-1.02865,-0.18994,,,
2026-09-29T20:15:49.560399,exp8,C,165.01391636579197,85.26097955619582,76.41575805813972,75.33745968455709,90.23193393561532,0.0,0.0,0.0,-0.26347,-0.14559,0.07124,-0.40954,-0.35229,0.05661,-0.53508,-0.47494,0.00966,-0.63719,-0.59393,-0.03881,-0.16576,-0.97681,0.06564,-0.3732,-1.27031,0.00214,-0.54917,-1.18964,-0.05636,-0.63296,-1.02931,-0.08939,-0.12901,-0.99148,-0.01788,-0.39044,-1.37443,-0.06029,-0.58689,-1.2677,-0.09497,-0.65416,-1.07155,-0.12195,-0.14309,-0.91436,-0.10506,-0.38107,-1.32021,-0.13384,-0.56782,-1.23387,-0.13966,-0.63917,-1.05995,-0.14891,-0.21474,-0.77439,-0.18919,-0.39869,-1.09752,-0.20944,-0.53016,-1.08957,-0.20307,-0.59549,-0.98714,-0.19982,,,
2026-09-29T20:15:50.342782,exp8,C,165.16349167795238,92.77543345287866,77.56572291879773,79.50356743671554,106.10178262927873,0.0,0.0,0.0,-0.262,-0.19148,0.06013,-0.40593,-0.39977,0.036,-0.52972,-0.52274,-0.01711,-0.6217,-0.63892,-0.07113,-0.15023,-0.98934,0.04162,-0.35462,-1.27765,-0.03554,-0.53778,-1.21429,-0.10289,-0.6407,-1.06939,-0.13961,-0.11653,-0.99257,-0.035,-0.37943,-1.39689,-0.09838,-0.57417,-1.29639,-0.14387,-0.6556,-1.09858,-0.17285,-0.13204,-0.90882,-0.11428,-0.35592,-1.33901,-0.15655,-0.54472,-1.27943,-0.17145,-0.63678,-1.11637,-0.18122,-0.20708,-0.76567,-0.18985,-0.38099,-1.09843,-0.2143,-0.5234,-1.12339,-0.21307,-0.61596,-1.05101,-0.21157,,,
2026-09-29T20:15:51.258348,exp8,C,163.36398206313902,89.01048030037721,79.93515093195877,83.91369745754702,116.328548125753,0.0,0.0,0.0,-0.26155,-0.18042,0.06706,-0.41441,-0.39506,0.04245,-0.54606,-0.50793,-0.01133,-0.6475,-0.62147,-0.06652,-0.15836,-0.99905,0.03027,-0.37332,-1.30669,-0.04504,-0.55319,-1.23273,-0.1088,-0.65218,-1.07942,-0.14471,-0.12684,-0.9906,-0.05115,-0.39632,-1.38942,-0.11074,-0.58936,-1.2999,-0.15316,-0.67049,-1.10846,-0.18339,-0.14635,-0.89166,-0.13339,-0.3916,-1.29744,-0.17027,-0.57268,-1.24258,-0.17997,-0.66003,-1.09118,-0.19086,-0.21745,-0.73539,-0.21165,-0.39984,-1.05583,-0.23571,-0.52934,-1.09354,-0.23451,-0.6108,-1.04384,-0.23527,,,
2026-09-29T20:15:52.118593,exp8,C,164.19290385828882,85.42843811968746,78.20470074998087,82.06708561056932,106.43997302145019,0.0,0.0,0.0,-0.26311,-0.17148,0.05894,-0.41627,-0.38591,0.033,-0.54166,-0.50182,-0.02045,-0.64514,-0.61462,-0.07487,-0.16146,-0.99725,0.02015,-0.37139,-1.32233,-0.0583,-0.55791,-1.23726,-0.12245,-0.65473,-1.07784,-0.15783,-0.12955,-0.98999,-0.0561,-0.39613,-1.3937,-0.11871,-0.59598,-1.29073,-0.16045,-0.67276,-1.09868,-0.18929,-0.14838,-0.89433,-0.13387,-0.39298,-1.29116,-0.17566,-0.57924,-1.22301,-0.18825,-0.66191,-1.06562,-0.19955,-0.21734,-0.74212,-0.20797,-0.4024,-1.06,-0.23415,-0.53585,-1.07665,-0.23364,-0.61281,-1.00859,-0.2343,,,
2026-09-29T20:15:52.909668,exp8,C,163.41943496333315,86.03043337337068,80.65018163646533,82.46144195899248,105.74279966943392,0.0,0.0,0.0,-0.26821,-0.16308,0.05743,-0.41816,-0.3683,0.03094,-0.54181,-0.47887,-0.02385,-0.65234,-0.58956,-0.08015,-0.18663,-0.9925,0.0279,-0.40145,-1.30055,-0.05488,-0.58718,-1.20958,-0.1245,-0.68396,-1.04025,-0.16215,-0.15302,-0.98705,-0.04818,-0.42528,-1.36527,-0.11266,-0.62513,-1.25788,-0.16065,-0.70262,-1.06808,-0.19358,-0.16598,-0.89449,-0.12693,-0.41129,-1.28633,-0.17202,-0.60247,-1.21322,-0.19089,-0.68838,-1.05243,-0.2051,-0.22812,-0.74424,-0.20191,-0.42222,-1.05202,-0.22989,-0.56083,-1.06101,-0.23203,-0.64032,-0.98734,-0.23353,,,
2026-09-29T20:15:53.769907,exp8,C,164.54006586067862,90.1022654278565,82.6306519349886,83.63229844432072,106.86401141939659,0.0,0.0,0.0,-0.27311,-0.15343,0.07356,-0.42075,-0.35975,0.05707,-0.54601,-0.47873,0.00728,-0.6603,-0.60535,-0.04523,-0.19058,-0.9796,0.06014,-0.40371,-1.27213,-0.0146,-0.58977,-1.19428,-0.08113,-0.69175,-1.0368,-0.11773,-0.15307,-0.98793,-0.02376,-0.42323,-1.34121,-0.07916,-0.62343,-1.2319,-0.12499,-0.70348,-1.04729,-0.15765,-0.16379,-0.90436,-0.11101,-0.4088,-1.28466,-0.15189,-0.6029,-1.20896,-0.17089,-0.69232,-1.04933,-0.1859,-0.2278,-0.7597,-0.19365,-0.42247,-1.06425,-0.2198,-0.57139,-1.07206,-0.22262,-0.66251,-0.99649,-0.22513,,,
2026-09-29T20:15:54.568881,exp8,C,164.59683989050225,86.32036551730867,81.39916088829321,83.00758748139539,104.72789317840308,0.0,0.0,0.0,-0.27476,-0.14588,0.06754,-0.42404,-0.35144,0.0466,-0.5473,-0.4687,-0.00543,-0.66003,-0.5902,-0.05964,-0.19723,-0.98532,0.03818,-0.41199,-1.2997,-0.04247,-0.60347,-1.20932,-0.10974,-0.70508,-1.0406,-0.14667,-0.15872,-0.98631,-0.04474,-0.43246,-1.3614,-0.10453,-0.63822,-1.25042,-0.14843,-0.71523,-1.06511,-0.18077,-0.16754,-0.89578,-0.13069,-0.41704,-1.29103,-0.17564,-0.61532,-1.21226,-0.19293,-0.70296,-1.05285,-0.20783,-0.22685,-0.74435,-0.21237,-0.42569,-1.05975,-0.24483,-0.57465,-1.06429,-0.24933,-0.66069,-0.98515,-0.25322,,,
2026-09-29T20:15:55.419111,exp8,C,163.17047889674504,83.87615238645692,79.579304902135,82.83278980705926,106.50244417280754,0.0,0.0,0.0,-0.26677,-0.17149,0.07005,-0.40824,-0.39485,0.05596,-0.5242,-0.51803,0.01152,-0.63632,-0.63147,-0.03462,-0.1961,-0.98545,0.04603,-0.39304,-1.29565,-0.02808,-0.5751,-1.21122,-0.09039,-0.66597,-1.05033,-0.12487,-0.15907,-0.98661,-0.03611,-0.40555,-1.36735,-0.09073,-0.6038,-1.27181,-0.1297,-0.67921,-1.09554,-0.15816,-0.16763,-0.89695,-0.12128,-0.39748,-1.27949,-0.16054,-0.58777,-1.21143,-0.17451,-0.6712,-1.06087,-0.1879,-0.22493,-0.74715,-0.20267,-0.40484,-1.04692,-0.23078,-0.54275,-1.05958,-0.23462,-0.62046,-0.99085,-0.23882,,,
2026-09-29T20:16:00.719121,exp8,C,156.78250650026183,124.01373326283887,107.77915420992537,110.03546672422453,140.43695313248236,0.0,0.0,0.0,-0.29845,-0.08307,0.04261,-0.50042,-0.26178,0.01152,-0.66109,-0.33934,-0.0403,-0.80269,-0.37723,-0.09514,-0.28835,-0.97029,0.0107,-0.54988,-1.17288,-0.05919,-0.73038,-1.14242,-0.12259,-0.87135,-1.05587,-0.16263,-0.25531,-0.9652,-0.05656,-0.59128,-1.22983,-0.12321,-0.78571,-1.15231,-0.17508,-0.90575,-1.00606,-0.2116,-0.26486,-0.84868,-0.1247,-0.5621,-1.15279,-0.17796,-0.75558,-1.11511,-0.20266,-0.88297,-1.00398,-0.21832,-0.32064,-0.65207,-0.18862,-0.54921,-0.90753,-0.2264,-0.6993,-0.95712,-0.23667,-0.81614,-0.94773,-0.24284,,,
2026-09-29T20:16:01.510464,exp8,C,163.80693142674775,134.41227384530143,111.57422214805364,114.03215404657367,140.7618386675411,0.0,0.0,0.0,-0.27725,-0.08992,0.03706,-0.47271,-0.26193,0.00906,-0.62947,-0.34698,-0.04102,-0.76594,-0.42296,-0.09106,-0.25907,-0.96076,0.04909,-0.4814,-1.14408,-0.00373,-0.65548,-1.14818,-0.05731,-0.79233,-1.10561,-0.09306,-0.22426,-0.97439,-0.0165,-0.52018,-1.24129,-0.06297,-0.7145,-1.19351,-0.10109,-0.83358,-1.08046,-0.12845,-0.23122,-0.88743,-0.08767,-0.50089,-1.18066,-0.12506,-0.69386,-1.16273,-0.13952,-0.81714,-1.07279,-0.15072,-0.2863,-0.72447,-0.15812,-0.4931,-0.95944,-0.18474,-0.63678,-1.0092,-0.18925,-0.74362,-1.0012,-0.19241,,,
2026-09-29T20:16:02.568801,exp8,C,161.82051187816634,130.24646655755623,109.1728101354902,115.19591904901864,144.1301300056212,0.0,0.0,0.0,-0.28633,-0.07422,0.03399,-0.48346,-0.24218,0.00511,-0.64265,-0.31721,-0.04487,-0.78256,-0.38351,-0.09549,-0.27742,-0.95551,0.04264,-0.51,-1.14597,-0.01735,-0.68731,-1.14019,-0.07687,-0.82415,-1.08039,-0.11508,-0.24223,-0.96998,-0.02161,-0.54904,-1.23668,-0.0746,-0.74221,-1.18049,-0.1192,-0.85769,-1.05217,-0.14952,-0.24798,-0.87975,-0.09156,-0.52577,-1.17025,-0.13355,-0.72121,-1.15156,-0.15379,-0.84753,-1.06009,-0.16731,-0.29961,-0.70728,-0.1605,-0.51317,-0.94149,-0.18998,-0.6603,-0.99676,-0.19755,-0.77211,-0.9955,-0.202,,,
2026-09-29T20:16:03.438393,exp8,C,161.5859112645302,128.07397644626442,109.30216400244039,114.63253750416156,144.72784910649506,0.0,0.0,0.0,-0.29157,-0.07019,0.02922,-0.49972,-0.23518,-0.00222,-0.66171,-0.30925,-0.05105,-0.79802,-0.35925,-0.09943,-0.2904,-0.95821,0.02554,-0.52253,-1.15318,-0.0362,-0.7028,-1.14325,-0.09732,-0.84747,-1.07581,-0.13666,-0.25846,-0.96547,-0.03256,-0.56892,-1.23415,-0.08854,-0.76259,-1.17891,-0.13585,-0.88211,-1.04618,-0.16879,-0.26519,-0.8676,-0.0944,-0.54057,-1.1665,-0.13529,-0.7343,-1.1559,-0.15772,-0.86208,-1.05932,-0.17349,-0.3178,-0.68873,-0.15478,-0.52858,-0.92316,-0.1807,-0.67407,-0.98214,-0.18837,-0.78654,-0.98147,-0.19385,,,
2026-09-29T20:16:04.329429,exp8,C,150.54164212680902,120.43251255582139,111.33637681166357,111.79284218732872,137.15028525814768,0.0,0.0,0.0,-0.30327,-0.0211,0.09086,-0.49054,-0.14875,0.07994,-0.64664,-0.18934,0.03611,-0.79433,-0.1928,-0.01646,-0.39935,-0.91241,0.07331,-0.68145,-1.0741,0.0193,-0.86806,-1.00238,-0.04008,-1.00627,-0.87888,-0.07823,-0.3718,-0.92816,-0.01702,-0.72395,-1.13182,-0.05873,-0.92605,-1.0289,-0.10847,-1.04842,-0.86584,-0.14869,-0.37333,-0.81495,-0.10625,-0.70865,-1.07423,-0.13623,-0.91065,-1.00828,-0.15995,-1.04052,-0.87644,-0.18215,-0.41427,-0.60173,-0.18827,-0.68279,-0.81866,-0.20898,-0.8387,-0.83591,-0.2122,-0.95498,-0.79993,-0.21784,,,
2026-09-29T20:16:05.169093,exp8,C,153.12451556443398,131.6007336429837,102.04694022126071,110.6286599822897,137.47442829083033,0.0,0.0,0.0,-0.30004,-0.05018,0.12468,-0.47187,-0.19204,0.13057,-0.62137,-0.24282,0.09385,-0.7648,-0.28788,0.04793,-0.34214,-0.92222,0.12563,-0.58514,-1.10252,0.08146,-0.77351,-1.08551,0.03258,-0.92287,-1.02757,0.00037,-0.31488,-0.94908,0.00962,-0.63022,-1.28399,-0.03548,-0.84045,-1.22167,-0.07078,-0.96555,-1.07548,-0.09259,-0.32053,-0.85314,-0.10633,-0.60904,-1.19977,-0.13884,-0.82044,-1.17565,-0.15132,-0.9558,-1.07828,-0.16041,-0.37372,-0.66647,-0.21441,-0.5918,-0.95567,-0.23358,-0.74741,-1.01136,-0.23115,-0.86583,-1.00687,-0.23114,,,
2026-09-29T20:16:06.247716,exp8,C,157.87811751365857,123.37288714188152,99.87349162397533,102.55740022052896,128.58195469504204,0.0,0.0,0.0,-0.29923,-0.03717,0.09267,-0.50351,-0.18346,0.08699,-0.66212,-0.24024,0.04683,-0.80196,-0.281,0.00225,-0.3359,-0.93463,0.09703,-0.58101,-1.12001,0.05124,-0.7612,-1.0857,0.00241,-0.89697,-1.00207,-0.02815,-0.30141,-0.95349,0.00216,-0.62529,-1.23061,-0.03697,-0.82495,-1.13466,-0.07062,-0.9356,-0.96863,-0.09291,-0.30725,-0.85789,-0.0943,-0.60424,-1.17094,-0.12118,-0.80175,-1.11,-0.12945,-0.91885,-0.98152,-0.13659,-0.36068,-0.67386,-0.18541,-0.59101,-0.93656,-0.20084,-0.73816,-0.96267,-0.19468,-0.84276,-0.9258,-0.19059,,,
2026-09-29T20:16:10.633645,exp8,C,162.35565790285779,115.5996295409553,86.7125833330399,80.93612087742859,85.8061740790233,0.0,0.0,0.0,-0.29142,0.05786,0.01634,-0.53352,-0.01952,0.02646,-0.72734,-0.07237,0.0018,-0.87464,-0.24463,-0.01519,-0.51325,-0.72637,0.24841,-0.65702,-0.92587,0.23787,-0.7834,-0.9377,0.18233,-0.87646,-0.89183,0.14059,-0.46623,-0.86396,0.19027,-0.64248,-1.16898,0.18347,-0.79356,-1.14505,0.13608,-0.88468,-1.00733,0.10567,-0.40659,-0.95729,0.1059,-0.57934,-1.30546,0.08937,-0.74888,-1.26988,0.06674,-0.84692,-1.11296,0.05857,-0.34398,-1.00819,0.01222,-0.50481,-1.31691,-0.00172,-0.65408,-1.3005,-0.0038,-0.74774,-1.16684,-0.0003,,,
2026-09-29T20:16:11.506095,exp8,C,162.82128524956943,117.32183921046435,90.37088109114167,85.13808116694695,92.889868193898,0.0,0.0,0.0,-0.29645,0.05923,0.01293,-0.54204,-0.00522,0.02605,-0.73901,-0.04136,0.00471,-0.88774,-0.20414,-0.00918,-0.52126,-0.71423,0.25503,-0.67302,-0.914,0.24711,-0.80518,-0.92437,0.19266,-0.90794,-0.87952,0.15064,-0.47582,-0.85609,0.20174,-0.65901,-1.14929,0.19613,-0.80885,-1.12605,0.14457,-0.90151,-0.99842,0.1109,-0.41846,-0.95474,0.12176,-0.60103,-1.28711,0.10893,-0.76508,-1.25358,0.08179,-0.86397,-1.11027,0.06961,-0.35596,-1.01423,0.03198,-0.52092,-1.30873,0.02025,-0.67527,-1.29771,0.01281,-0.78062,-1.17969,0.01157,,,
2026-09-29T20:16:12.389775,exp8,C,154.33108507980165,125.49192246656182,100.98861363306168,92.59116658431473,94.99011341890967,0.0,0.0,0.0,-0.30936,0.08776,-0.0041,-0.57028,0.05128,-0.00289,-0.77877,0.01833,-0.03362,-0.92628,-0.17644,-0.05568,-0.55337,-0.67975,0.24685,-0.71073,-0.85681,0.23387,-0.84945,-0.87246,0.17114,-0.95338,-0.8414,0.12105,-0.5063,-0.83904,0.1992,-0.69333,-1.09934,0.19336,-0.85554,-1.08384,0.1375,-0.96056,-0.97775,0.09622,-0.44817,-0.95503,0.12283,-0.63658,-1.25591,0.10857,-0.80618,-1.2267,0.08129,-0.91039,-1.09943,0.06641,-0.38445,-1.02674,0.03467,-0.55591,-1.31877,0.02089,-0.71882,-1.30582,0.01458,-0.8298,-1.18821,0.01284,,,
2026-09-29T20:16:13.241066,exp8,C,148.3857481462968,131.73236143515103,107.74915120592654,99.74427371756772,99.85175901992119,0.0,0.0,0.0,-0.34022,0.0965,0.00863,-0.60919,0.08254,0.01789,-0.81947,0.03474,-0.00831,-0.97848,-0.16273,-0.02922,-0.59059,-0.6267,0.27632,-0.76568,-0.7867,0.26602,-0.90644,-0.80817,0.19612,-1.0133,-0.78228,0.13944,-0.54175,-0.81068,0.22207,-0.74389,-1.04946,0.21529,-0.91018,-1.04346,0.13775,-1.01752,-0.94326,0.07887,-0.47969,-0.94986,0.14005,-0.68073,-1.24325,0.12602,-0.85539,-1.23122,0.08013,-0.9623,-1.11231,0.05018,-0.40309,-1.04599,0.04793,-0.58173,-1.34796,0.03297,-0.74931,-1.34844,0.01888,-0.86794,-1.23863,0.00979,,,
2026-09-29T20:16:14.047318,exp8,C,145.3166832846582,130.98213758876574,113.30336755144474,107.47837176786582,108.92533713103474,0.0,0.0,0.0,-0.34403,0.10654,0.00953,-0.61777,0.10613,0.02612,-0.83394,0.06585,0.00786,-0.99181,-0.14606,-0.0051,-0.58961,-0.61811,0.2979,-0.76569,-0.77969,0.30128,-0.90684,-0.7989,0.23813,-1.01915,-0.7774,0.18276,-0.54347,-0.80233,0.24679,-0.74582,-1.01877,0.2497,-0.91435,-1.01481,0.17004,-1.0337,-0.93186,0.10683,-0.48286,-0.94416,0.16736,-0.68991,-1.20319,0.1569,-0.86721,-1.19452,0.10317,-0.99099,-1.08777,0.06573,-0.40568,-1.05108,0.07845,-0.5917,-1.33142,0.06238,-0.76154,-1.34096,0.04119,-0.8963,-1.25081,0.02548,,,
2026-09-29T20:16:15.455179,exp8,C,162.18212190410875,105.32673938783353,96.02322926810238,94.19316493913156,115.44402431246787,0.0,0.0,0.0,-0.29567,-0.10733,0.03971,-0.50265,-0.3091,0.01575,-0.66017,-0.40812,-0.02838,-0.79203,-0.47143,-0.0716,-0.29052,-0.97614,0.00358,-0.54688,-1.21499,-0.07527,-0.74252,-1.13261,-0.13915,-0.86215,-1.00025,-0.1756,-0.25419,-0.96529,-0.06001,-0.57944,-1.25385,-0.12663,-0.77991,-1.13789,-0.17115,-0.87283,-0.97201,-0.20166,-0.26022,-0.85392,-0.12598,-0.55677,-1.16364,-0.18473,-0.7495,-1.0698,-0.20772,-0.8498,-0.91578,-0.21988,-0.30745,-0.66214,-0.18813,-0.53001,-0.92005,-0.23404,-0.67773,-0.92215,-0.24607,-0.77637,-0.85123,-0.25101,,,
2026-09-29T20:16:16.256951,exp8,C,165.87504562981096,102.61210176302535,95.9421272971783,93.82093823979044,108.95377536180455,0.0,0.0,0.0,-0.29761,-0.10122,0.04586,-0.50447,-0.28916,0.02242,-0.66034,-0.37867,-0.02328,-0.78295,-0.467,-0.06746,-0.28641,-0.97451,0.01215,-0.55123,-1.18943,-0.06212,-0.738,-1.08337,-0.12353,-0.84486,-0.93588,-0.15928,-0.25192,-0.96622,-0.05445,-0.58706,-1.22097,-0.11372,-0.78052,-1.08542,-0.15673,-0.86711,-0.90875,-0.18853,-0.2594,-0.85741,-0.12295,-0.5709,-1.13215,-0.17638,-0.75605,-1.01625,-0.19661,-0.84907,-0.85075,-0.20902,-0.30731,-0.66584,-0.18734,-0.53805,-0.90682,-0.23112,-0.68165,-0.88829,-0.2408,-0.77465,-0.79639,-0.24469,,,
2026-09-29T20:16:17.031666,exp8,C,165.43739897506396,104.09034056834857,98.20436639138771,94.32099664056167,112.03799332633686,0.0,0.0,0.0,-0.2998,-0.09417,0.05289,-0.50585,-0.27902,0.03311,-0.65708,-0.36228,-0.01106,-0.77461,-0.45081,-0.05482,-0.29388,-0.96574,0.02106,-0.54311,-1.18547,-0.05279,-0.73018,-1.09654,-0.11436,-0.84074,-0.96053,-0.15031,-0.25195,-0.96641,-0.05081,-0.5742,-1.22118,-0.10791,-0.77267,-1.09837,-0.14842,-0.862,-0.9367,-0.17881,-0.25341,-0.85986,-0.12528,-0.55955,-1.13462,-0.17955,-0.74985,-1.01824,-0.19678,-0.84385,-0.85774,-0.20676,-0.29902,-0.66688,-0.19539,-0.52981,-0.9072,-0.24066,-0.67687,-0.89206,-0.24864,-0.77121,-0.81018,-0.25069,,,
2026-09-29T20:16:18.063419,exp8,C,170.86339357503851,104.40398561889391,97.06691591514021,94.04097606520419,103.71983694870839,0.0,0.0,0.0,-0.29355,-0.00871,0.02899,-0.52044,-0.16221,0.00873,-0.68055,-0.23267,-0.03181,-0.78803,-0.33529,-0.06655,-0.33407,-0.92892,0.04178,-0.56722,-1.13548,-0.02638,-0.74752,-1.05636,-0.08874,-0.85874,-0.91862,-0.12437,-0.29606,-0.95501,-0.01749,-0.60557,-1.18849,-0.0668,-0.80059,-1.06156,-0.10556,-0.88613,-0.88845,-0.13204,-0.28797,-0.88008,-0.08475,-0.57884,-1.137,-0.12622,-0.77268,-1.01788,-0.14095,-0.8658,-0.85178,-0.14924,-0.32145,-0.71127,-0.1523,-0.54737,-0.94954,-0.18459,-0.693,-0.91676,-0.18761,-0.77791,-0.81797,-0.18574,,,
