timestamp,person,sign,pulgar,indice,medio,anular,menique,lm0_x,lm0_y,lm0_z,lm1_x,lm1_y,lm1_z,lm2_x,lm2_y,lm2_z,lm3_x,lm3_y,lm3_z,lm4_x,lm4_y,lm4_z,lm5_x,lm5_y,lm5_z,lm6_x,lm6_y,lm6_z,lm7_x,lm7_y,lm7_z,lm8_x,lm8_y,lm8_z,lm9_x,lm9_y,lm9_z,lm10_x,lm10_y,lm10_z,lm11_x,lm11_y,lm11_z,lm12_x,lm12_y,lm12_z,lm13_x,lm13_y,lm13_z,lm14_x,lm14_y,lm14_z,lm15_x,lm15_y,lm15_z,lm16_x,lm16_y,lm16_z,lm17_x,lm17_y,lm17_z,lm18_x,lm18_y,lm18_z,lm19_x,lm19_y,lm19_z,lm20_x,lm20_y,lm20_z,imu_roll,imu_pitch,imu_yaw
2026-09-29T17:05:21.635282,rayexper,N,157.82163129746712,173.0578067897899,169.97181167849737,151.27856073079957,139.4777592508227,0.0,0.0,0.0,-0.27651,0.35041,-0.00345,-0.39147,0.85738,-0.08693,-0.34474,1.3432,-0.14579,-0.24545,1.71515,-0.21713,-0.41453,0.92008,-0.44205,-0.43572,1.74164,-0.58644,-0.43253,2.2191,-0.62848,-0.42927,2.58603,-0.63496,-0.17649,0.86613,-0.46761,-0.12936,1.86506,-0.61798,-0.1143,2.43453,-0.61487,-0.10222,2.78371,-0.59509,0.04101,0.84294,-0.46079,0.08825,1.76176,-0.54889,0.03746,2.07501,-0.48043,-0.01472,2.17505,-0.41142,0.21875,0.80719,-0.44412,0.21722,1.49832,-0.46694,0.1559,1.69509,-0.39188,0.08724,1.7385,-0.32063,,,
2026-09-29T17:05:21.829632,rayexper,N,159.31461047209646,173.09973957163749,169.3367257175363,147.4323838459098,138.7844312846479,0.0,0.0,0.0,-0.26864,0.3546,0.00236,-0.37881,0.85211,-0.0819,-0.33813,1.32512,-0.1415,-0.25263,1.70163,-0.21293,-0.40504,0.92308,-0.45507,-0.429,1.71974,-0.61135,-0.43012,2.1926,-0.66373,-0.42916,2.55963,-0.67605,-0.17017,0.86098,-0.47933,-0.11852,1.83247,-0.64036,-0.10788,2.40299,-0.6405,-0.09656,2.76498,-0.62196,0.04535,0.83495,-0.46923,0.09216,1.73848,-0.55811,0.04179,2.0325,-0.4765,-0.00748,2.12363,-0.39655,0.22012,0.80045,-0.44928,0.21671,1.48757,-0.46771,0.1575,1.68508,-0.38276,0.09065,1.73363,-0.30275,,,
2026-09-29T17:05:21.994532,rayexper,N,158.3075873041369,172.8880779156561,169.05800601199965,150.64415393743516,145.8397229986589,0.0,0.0,0.0,-0.26212,0.3602,-0.00152,-0.37405,0.84857,-0.08858,-0.33293,1.30848,-0.14952,-0.24203,1.67535,-0.22206,-0.39719,0.92061,-0.46313,-0.42804,1.70517,-0.62298,-0.43066,2.17353,-0.67745,-0.43251,2.54173,-0.69118,-0.17,0.85799,-0.48471,-0.11798,1.82146,-0.64662,-0.10092,2.3807,-0.64476,-0.08819,2.73643,-0.62508,0.04206,0.83243,-0.47273,0.09426,1.71102,-0.56365,0.0583,2.02211,-0.48444,0.01683,2.13243,-0.40662,0.2155,0.80116,-0.45097,0.22015,1.46752,-0.47009,0.17544,1.68536,-0.38897,0.1183,1.76105,-0.31276,,,
2026-09-29T17:05:22.167818,rayexper,N,158.99557695922385,173.38201016676578,170.2426894659879,151.3972052582853,139.49506896555764,0.0,0.0,0.0,-0.26822,0.35661,0.00165,-0.37709,0.85291,-0.07666,-0.33872,1.32502,-0.13178,-0.24674,1.68922,-0.1987,-0.4007,0.93666,-0.43163,-0.42923,1.7517,-0.5776,-0.4298,2.22966,-0.62377,-0.4314,2.59901,-0.63376,-0.16722,0.87341,-0.45737,-0.10919,1.85953,-0.60919,-0.09538,2.42634,-0.61116,-0.08822,2.77713,-0.59634,0.04679,0.84172,-0.45077,0.1026,1.74511,-0.53958,0.05844,2.05181,-0.47403,0.0101,2.14562,-0.40694,0.21991,0.80037,-0.43422,0.22954,1.49578,-0.45794,0.17798,1.6892,-0.38494,0.11449,1.72653,-0.31507,,,
2026-09-29T17:05:22.298744,rayexper,N,158.15656165493886,173.44827824032848,170.15052876428868,151.54829067016192,139.18814070238142,0.0,0.0,0.0,-0.26869,0.3659,0.00163,-0.38455,0.8622,-0.07901,-0.34469,1.32973,-0.13575,-0.25396,1.69039,-0.20506,-0.40429,0.93519,-0.44221,-0.43255,1.74217,-0.59409,-0.43524,2.21997,-0.64522,-0.43988,2.59079,-0.65751,-0.16835,0.86785,-0.46743,-0.10876,1.85432,-0.61561,-0.09252,2.41906,-0.61371,-0.08365,2.76742,-0.5974,0.04862,0.83359,-0.46,0.10557,1.74112,-0.54409,0.0658,2.0518,-0.4737,0.02038,2.14424,-0.40458,0.22459,0.79144,-0.44282,0.23302,1.4802,-0.46334,0.18151,1.6736,-0.38708,0.11777,1.71198,-0.31493,,,
2026-09-29T17:05:22.473685,rayexper,N,157.60100608431972,173.71893196669453,171.05994098826912,156.68305774758483,146.93824344326208,0.0,0.0,0.0,-0.26589,0.37012,-0.00549,-0.38513,0.87869,-0.0965,-0.34343,1.35389,-0.16167,-0.24345,1.72238,-0.24076,-0.41256,0.94128,-0.45948,-0.44618,1.7581,-0.61814,-0.44883,2.24362,-0.67658,-0.45078,2.61848,-0.694,-0.17569,0.85667,-0.48502,-0.11618,1.8633,-0.63315,-0.09127,2.43598,-0.63494,-0.07568,2.79674,-0.62437,0.04336,0.82099,-0.4781,0.09535,1.74535,-0.5623,0.0635,2.08643,-0.49795,0.02272,2.21247,-0.43719,0.22513,0.78725,-0.46158,0.23116,1.48071,-0.48362,0.18429,1.69792,-0.41096,0.12348,1.77003,-0.34443,,,
2026-09-29T17:05:22.629806,rayexper,N,157.8135969329284,173.9013185658844,171.4489491795376,153.38239164617832,135.99744469131033,0.0,0.0,0.0,-0.26463,0.37786,0.00039,-0.36629,0.90847,-0.07949,-0.30658,1.38491,-0.137,-0.19473,1.74507,-0.20798,-0.39896,0.96535,-0.4223,-0.42526,1.78879,-0.56541,-0.42186,2.26905,-0.61423,-0.41961,2.64204,-0.62751,-0.16654,0.87643,-0.45181,-0.09795,1.86979,-0.59281,-0.07188,2.44188,-0.59608,-0.05775,2.8028,-0.5869,0.05116,0.83003,-0.45021,0.11534,1.75621,-0.53462,0.08166,2.06279,-0.47286,0.03779,2.15198,-0.41225,0.23261,0.78714,-0.43895,0.25082,1.49284,-0.46604,0.20231,1.67177,-0.39561,0.13819,1.694,-0.32932,,,
2026-09-29T17:05:22.765067,rayexper,N,158.75107009391428,173.53368401720232,168.97747346124876,149.61048060541214,142.3520748239197,0.0,0.0,0.0,-0.25576,0.37176,0.01275,-0.35787,0.85096,-0.07325,-0.31543,1.28401,-0.13291,-0.22509,1.64333,-0.20401,-0.38307,0.93832,-0.48168,-0.40845,1.70754,-0.65512,-0.41486,2.17048,-0.72374,-0.42016,2.53424,-0.7467,-0.15976,0.8488,-0.504,-0.09448,1.78967,-0.67655,-0.0792,2.34014,-0.68245,-0.07036,2.69246,-0.67048,0.04963,0.8065,-0.48873,0.11323,1.66394,-0.57933,0.08026,1.97554,-0.49672,0.03539,2.08387,-0.41793,0.21886,0.7658,-0.46182,0.23596,1.41439,-0.47268,0.19821,1.61825,-0.38445,0.1403,1.6798,-0.30477,,,
2026-09-29T17:05:22.940269,rayexper,N,157.31563502111274,173.6825346334647,170.62913611325376,152.39574325950773,142.95707605293222,0.0,0.0,0.0,-0.26789,0.36574,-0.00017,-0.38543,0.85862,-0.07961,-0.34464,1.31798,-0.13605,-0.2501,1.66362,-0.20389,-0.39826,0.94568,-0.42854,-0.43413,1.75502,-0.57661,-0.44055,2.23132,-0.6265,-0.44672,2.60095,-0.6397,-0.16191,0.87624,-0.45387,-0.09941,1.85165,-0.60369,-0.08309,2.41363,-0.60856,-0.07628,2.76755,-0.59742,0.05433,0.84034,-0.44751,0.11434,1.73649,-0.53167,0.07329,2.04632,-0.46646,0.02344,2.14916,-0.40168,0.22563,0.79938,-0.43197,0.24127,1.4824,-0.45134,0.19481,1.68396,-0.37842,0.13245,1.73776,-0.30984,,,
2026-09-29T17:05:23.115467,rayexper,N,156.72424574552696,173.65870899996622,170.9760389102185,157.48550245862592,149.83566528257762,0.0,0.0,0.0,-0.27302,0.36368,0.0098,-0.3958,0.84397,-0.06748,-0.35909,1.30139,-0.12227,-0.26477,1.65231,-0.18994,-0.41406,0.94175,-0.42229,-0.45797,1.75138,-0.57242,-0.46164,2.23385,-0.6271,-0.46566,2.60488,-0.64244,-0.17702,0.87592,-0.4488,-0.11617,1.85133,-0.58728,-0.08954,2.4036,-0.58582,-0.07455,2.75286,-0.57291,0.03881,0.84725,-0.44347,0.09205,1.73598,-0.51638,0.06249,2.07378,-0.45266,0.02266,2.20572,-0.39327,0.21312,0.80619,-0.42816,0.22152,1.47589,-0.4396,0.17906,1.70181,-0.36679,0.11953,1.78746,-0.30066,,,
2026-09-29T17:05:23.264924,rayexper,N,158.78493445045706,173.20568538541204,170.67248150376588,157.39474818413348,149.7432010212488,0.0,0.0,0.0,-0.26724,0.35797,-0.00703,-0.38394,0.86107,-0.09027,-0.34742,1.33409,-0.14729,-0.25933,1.70509,-0.21697,-0.41142,0.93707,-0.44008,-0.45678,1.7335,-0.5916,-0.46134,2.20876,-0.6447,-0.46375,2.58094,-0.65899,-0.17853,0.86984,-0.45989,-0.11899,1.84432,-0.60613,-0.0917,2.40011,-0.6071,-0.07091,2.7535,-0.59346,0.03286,0.84571,-0.44871,0.0883,1.73882,-0.53292,0.05404,2.08676,-0.47278,0.01335,2.22787,-0.41258,0.20488,0.818,-0.42808,0.21348,1.49712,-0.45126,0.1713,1.7237,-0.38331,0.11489,1.8053,-0.31822,,,
2026-09-29T17:05:23.439934,rayexper,N,160.71456167972948,172.75948351709542,168.98499842637307,152.8389447788684,147.36690931019808,0.0,0.0,0.0,-0.26285,0.34989,-0.00555,-0.38066,0.84795,-0.08964,-0.35805,1.30954,-0.14479,-0.28928,1.69322,-0.21147,-0.40829,0.9278,-0.47054,-0.44325,1.71299,-0.63364,-0.445,2.18303,-0.69147,-0.44238,2.55248,-0.70648,-0.18106,0.85536,-0.48536,-0.114,1.81875,-0.64388,-0.0908,2.36932,-0.63902,-0.06863,2.72296,-0.61799,0.02757,0.83211,-0.46731,0.08861,1.7138,-0.55704,0.0536,2.04276,-0.48133,0.0154,2.17011,-0.40595,0.1996,0.80956,-0.43944,0.20788,1.47525,-0.46093,0.16519,1.7012,-0.38362,0.10765,1.78166,-0.30914,,,
2026-09-29T17:05:23.625513,rayexper,N,161.36594229393373,173.07729984697198,171.3204754832399,159.4424640014609,150.7258704397322,0.0,0.0,0.0,-0.27141,0.35426,-0.00872,-0.39513,0.86808,-0.08965,-0.37784,1.35489,-0.14398,-0.31435,1.7435,-0.21051,-0.42245,0.95056,-0.44219,-0.46723,1.77016,-0.59139,-0.4656,2.25447,-0.64281,-0.46082,2.62866,-0.6566,-0.18766,0.86745,-0.46078,-0.12469,1.86082,-0.60621,-0.09822,2.42637,-0.61023,-0.07868,2.78656,-0.60083,0.02675,0.83919,-0.4485,0.08678,1.75489,-0.53175,0.05881,2.10839,-0.47743,0.02334,2.25271,-0.4231,0.20211,0.8164,-0.42684,0.21366,1.50584,-0.45147,0.17393,1.7315,-0.38895,0.11816,1.81011,-0.32877,,,
2026-09-29T17:05:23.841851,rayexper,N,163.57802585565867,172.41200538281313,170.1355960162849,158.5916550816631,154.8025771098238,0.0,0.0,0.0,-0.27032,0.36376,-0.00984,-0.40804,0.86767,-0.09455,-0.42196,1.34349,-0.14994,-0.38854,1.74417,-0.21704,-0.41828,0.93816,-0.47172,-0.46041,1.74457,-0.6303,-0.45709,2.22469,-0.68388,-0.44947,2.59516,-0.69695,-0.18456,0.85357,-0.4872,-0.12236,1.84943,-0.64332,-0.097,2.41071,-0.64345,-0.07726,2.76775,-0.6282,0.02801,0.82579,-0.47038,0.09087,1.72965,-0.56084,0.06221,2.09479,-0.50279,0.0259,2.25105,-0.44284,0.20091,0.80262,-0.44334,0.21493,1.48596,-0.46916,0.17956,1.74208,-0.40608,0.12678,1.85066,-0.34419,,,
2026-09-29T17:05:24.064897,rayexper,N,158.75289542267114,164.6682947797248,169.76026666133174,153.9108632473332,138.4787414053994,0.0,0.0,0.0,-0.28365,0.33625,0.03129,-0.43099,0.82953,-0.0323,-0.42738,1.3129,-0.07492,-0.35901,1.69607,-0.12793,-0.44947,0.93728,-0.39736,-0.53919,1.68599,-0.52696,-0.50741,2.1467,-0.5526,-0.45768,2.46179,-0.54403,-0.20423,0.87821,-0.43249,-0.15073,1.92484,-0.5819,-0.11976,2.51404,-0.57449,-0.09065,2.88637,-0.54648,0.02446,0.8635,-0.43173,0.07106,1.81647,-0.5158,0.03445,2.15097,-0.43622,-0.00535,2.29917,-0.35401,0.2116,0.83281,-0.41672,0.21193,1.5473,-0.42273,0.16179,1.74386,-0.32668,0.09692,1.7978,-0.23695,,,
2026-09-29T17:05:24.299957,rayexper,N,159.3937606963893,159.7949788156435,167.38507782402417,150.07993654647188,128.69296135067435,0.0,0.0,0.0,-0.28243,0.34312,0.01744,-0.44281,0.8376,-0.07088,-0.43958,1.29385,-0.12541,-0.40122,1.68228,-0.18954,-0.44831,0.8898,-0.52958,-0.56545,1.52568,-0.70474,-0.53815,1.9662,-0.75633,-0.47624,2.26493,-0.76074,-0.20694,0.81017,-0.54845,-0.17217,1.82162,-0.75483,-0.14214,2.44577,-0.7613,-0.0993,2.85396,-0.7382,0.02569,0.79523,-0.52042,0.04551,1.73758,-0.62107,0.0101,2.10647,-0.50179,-0.02535,2.29172,-0.38797,0.22349,0.78168,-0.47754,0.20284,1.49913,-0.47732,0.1494,1.67941,-0.34744,0.08489,1.71307,-0.23001,,,
2026-09-29T17:05:24.506851,rayexper,N,158.65930016399858,160.05822886577607,169.09537212714343,155.81136665294002,133.42077768815616,0.0,0.0,0.0,-0.28356,0.35516,0.01785,-0.45262,0.8656,-0.05986,-0.45909,1.35212,-0.1084,-0.40341,1.75474,-0.16822,-0.44884,0.91753,-0.47202,-0.57051,1.5994,-0.62266,-0.53625,2.04897,-0.65866,-0.47342,2.34516,-0.65508,-0.20422,0.84183,-0.49962,-0.17462,1.9043,-0.68098,-0.1365,2.53526,-0.68611,-0.09741,2.94953,-0.66446,0.03243,0.81878,-0.48513,0.06139,1.79501,-0.58441,0.03302,2.17545,-0.49561,-0.00072,2.37337,-0.4053,0.23622,0.78497,-0.45494,0.22352,1.53005,-0.46213,0.17461,1.71891,-0.35095,0.11335,1.75664,-0.25001,,,
2026-09-29T17:05:25.198352,rayexper,N,158.76060777093255,158.19315210315295,170.73114112462181,163.25380734155337,141.3288111088011,0.0,0.0,0.0,-0.30081,0.37444,0.02083,-0.45717,0.91823,-0.04553,-0.44765,1.41432,-0.08987,-0.37395,1.80901,-0.14595,-0.473,0.95722,-0.40648,-0.60491,1.68123,-0.54422,-0.55419,2.13595,-0.57516,-0.47516,2.43278,-0.56906,-0.22217,0.86568,-0.44859,-0.20062,1.95841,-0.6101,-0.15271,2.59274,-0.62178,-0.11263,3.00741,-0.60803,0.02354,0.8275,-0.45566,0.06779,1.7958,-0.56415,0.05837,2.21138,-0.51939,0.03082,2.42965,-0.46049,0.23417,0.78453,-0.44559,0.24215,1.52501,-0.47498,0.20497,1.72957,-0.39529,0.14663,1.77446,-0.3178,,,
2026-09-29T17:05:25.395372,rayexper,N,158.46656085027178,159.52240827215357,170.15905470074387,163.0848750406538,141.5098391273947,0.0,0.0,0.0,-0.29514,0.38266,0.01798,-0.4526,0.93083,-0.0609,-0.43616,1.43562,-0.11327,-0.36128,1.84691,-0.17899,-0.47054,0.9538,-0.46109,-0.58608,1.69748,-0.61414,-0.53188,2.16856,-0.65151,-0.4524,2.47996,-0.64803,-0.21048,0.83949,-0.50095,-0.18651,1.96264,-0.67647,-0.13504,2.61179,-0.68733,-0.09096,3.03097,-0.67334,0.04169,0.80101,-0.50228,0.08622,1.81986,-0.61343,0.0788,2.26687,-0.5591,0.04948,2.50677,-0.4951,0.2612,0.7721,-0.48584,0.26391,1.55969,-0.50988,0.22167,1.7764,-0.42122,0.15499,1.82929,-0.33922,,,
2026-09-29T17:05:25.538303,rayexper,N,159.2098601040637,157.9887496733391,169.88157641910945,160.306787536959,137.60150238977005,0.0,0.0,0.0,-0.29769,0.38918,0.01118,-0.45788,0.94627,-0.06752,-0.44358,1.46039,-0.11909,-0.37695,1.88946,-0.18213,-0.46722,0.95916,-0.45857,-0.59251,1.69906,-0.60938,-0.53609,2.16495,-0.64046,-0.45413,2.46319,-0.63093,-0.20855,0.84385,-0.4944,-0.17412,1.97751,-0.67504,-0.12527,2.63841,-0.68312,-0.0849,3.06444,-0.66302,0.04447,0.80038,-0.49258,0.10202,1.82391,-0.61208,0.08437,2.25581,-0.55279,0.04629,2.48296,-0.47942,0.26536,0.76918,-0.47334,0.27359,1.56436,-0.50356,0.22542,1.77559,-0.41238,0.15364,1.81919,-0.32421,,,
2026-09-29T17:05:25.715244,rayexper,N,159.91081134065539,158.04288390152516,169.885550098362,160.57417105408305,140.52758921993245,0.0,0.0,0.0,-0.28964,0.3773,0.00531,-0.441,0.93446,-0.07445,-0.42283,1.44739,-0.12553,-0.35841,1.87296,-0.18674,-0.45584,0.9579,-0.46551,-0.58914,1.69245,-0.62009,-0.53908,2.15745,-0.65619,-0.45871,2.45432,-0.65067,-0.20243,0.84411,-0.49649,-0.18047,1.95828,-0.67548,-0.1321,2.61597,-0.6865,-0.08827,3.03875,-0.67028,0.04684,0.79626,-0.48997,0.09463,1.7963,-0.6004,0.08166,2.22494,-0.53612,0.04843,2.44918,-0.46221,0.26323,0.76055,-0.46759,0.26804,1.53603,-0.48913,0.22536,1.75405,-0.39614,0.15937,1.80644,-0.30864,,,
2026-09-29T17:05:25.898271,rayexper,N,159.7294634604761,159.40740162749927,170.45003312174438,161.74449710522828,136.99335101620437,0.0,0.0,0.0,-0.30418,0.38803,0.00077,-0.4694,0.95791,-0.07822,-0.45871,1.49287,-0.12845,-0.39757,1.92868,-0.18975,-0.47523,0.96595,-0.45547,-0.60037,1.72191,-0.60224,-0.55179,2.1997,-0.63233,-0.47503,2.50731,-0.62269,-0.20991,0.84767,-0.48724,-0.18198,2.00681,-0.6603,-0.13422,2.67965,-0.669,-0.09367,3.11026,-0.65038,0.04569,0.79941,-0.48235,0.09522,1.84018,-0.59752,0.07829,2.28938,-0.54081,0.04105,2.52656,-0.47034,0.26617,0.76814,-0.46124,0.26705,1.57631,-0.49219,0.21965,1.78407,-0.40232,0.15038,1.81928,-0.315,,,
2026-09-29T17:05:26.102293,rayexper,N,160.3798491875157,159.71041557012697,170.7409525952412,160.1128912981936,136.58068700257016,0.0,0.0,0.0,-0.30295,0.3749,0.00207,-0.44956,0.9412,-0.07855,-0.42754,1.4704,-0.13219,-0.36156,1.89843,-0.19619,-0.47495,0.94878,-0.44809,-0.59365,1.71184,-0.59706,-0.54243,2.18509,-0.62958,-0.46477,2.48928,-0.62173,-0.21275,0.85037,-0.48127,-0.175,1.99144,-0.65624,-0.13045,2.66177,-0.66766,-0.09315,3.09401,-0.65152,0.04297,0.81565,-0.4786,0.1017,1.84424,-0.59529,0.07695,2.26433,-0.53916,0.03595,2.47898,-0.46891,0.26229,0.7896,-0.46012,0.2705,1.58476,-0.4937,0.22113,1.78797,-0.40709,0.1519,1.824,-0.3221,,,
2026-09-29T17:05:26.296641,rayexper,N,159.42336120213946,157.86602988040633,169.38900297226715,156.65187952017752,129.86148834787892,0.0,0.0,0.0,-0.29002,0.36199,0.00172,-0.44202,0.91054,-0.08119,-0.42301,1.424,-0.13526,-0.35575,1.85086,-0.19855,-0.45668,0.94399,-0.46677,-0.58899,1.68857,-0.62167,-0.53761,2.15091,-0.65519,-0.45651,2.44177,-0.6465,-0.20092,0.84413,-0.49707,-0.17885,1.96511,-0.67788,-0.13398,2.62087,-0.68379,-0.09334,3.04615,-0.66091,0.04808,0.80503,-0.49044,0.09116,1.81824,-0.60488,0.06664,2.20714,-0.5307,0.02737,2.39782,-0.44587,0.26222,0.77523,-0.46851,0.26014,1.56336,-0.49294,0.21026,1.74798,-0.3916,0.1424,1.76601,-0.29477,,,
2026-09-29T17:05:27.430944,rayexper,N,157.41834421764946,177.96984276801797,176.02229447485547,18.46890826370354,26.520063235453605,0.0,0.0,0.0,-0.26225,0.32292,-0.02601,-0.38306,0.84932,-0.13619,-0.33825,1.33517,-0.2325,-0.2327,1.69077,-0.33963,-0.46192,0.91314,-0.43435,-0.47205,1.7557,-0.58686,-0.47034,2.20831,-0.66249,-0.4689,2.59163,-0.71084,-0.22874,0.8471,-0.47969,-0.16972,1.83236,-0.63222,-0.14737,2.38722,-0.67317,-0.12052,2.79749,-0.71404,0.01195,0.81817,-0.49444,0.03428,1.78306,-0.58315,-0.02889,1.60828,-0.48622,-0.06056,1.3436,-0.41583,0.21473,0.80419,-0.5083,0.18104,1.5323,-0.56684,0.11566,1.41286,-0.48805,0.08032,1.20453,-0.42105,,,
2026-09-29T17:05:27.730391,rayexper,N,159.1749814617869,177.30252960160402,175.60267578800253,18.970031469515842,27.05607427435311,0.0,0.0,0.0,-0.26912,0.33268,-0.02924,-0.39342,0.87364,-0.1386,-0.36124,1.36729,-0.23261,-0.26762,1.73751,-0.33748,-0.46295,0.90969,-0.43759,-0.48186,1.76164,-0.58661,-0.48068,2.22432,-0.65709,-0.47961,2.61557,-0.70082,-0.22064,0.84807,-0.48176,-0.16064,1.85528,-0.62737,-0.13678,2.42034,-0.65919,-0.10841,2.83777,-0.69322,0.02398,0.82123,-0.49609,0.04355,1.80426,-0.58632,-0.02604,1.63986,-0.49269,-0.05815,1.37117,-0.42313,0.22978,0.8098,-0.50913,0.19252,1.55422,-0.57105,0.12262,1.44097,-0.49438,0.086,1.22861,-0.42802,,,
2026-09-29T17:05:27.896017,rayexper,N,157.4745534620521,176.62899148629901,175.22347970495215,19.47820836138905,26.79138721044101,0.0,0.0,0.0,-0.26254,0.32909,-0.02853,-0.38707,0.86511,-0.14276,-0.34823,1.34971,-0.23913,-0.23782,1.71638,-0.34822,-0.4626,0.90787,-0.46217,-0.49105,1.76168,-0.61283,-0.48918,2.22446,-0.68143,-0.4876,2.61481,-0.72329,-0.22304,0.83487,-0.50324,-0.15981,1.85361,-0.65035,-0.13032,2.41771,-0.67791,-0.09956,2.83566,-0.70924,0.02184,0.804,-0.51176,0.05228,1.7888,-0.5982,-0.01033,1.62057,-0.49575,-0.04242,1.35357,-0.42166,0.22864,0.79288,-0.51836,0.20054,1.53909,-0.57339,0.13942,1.41812,-0.48734,0.10441,1.20544,-0.41543,,,
2026-09-29T17:05:28.064911,rayexper,N,157.1168519995058,177.20644551427108,175.82307951428692,19.21518525442902,26.847125307828485,0.0,0.0,0.0,-0.26345,0.33242,-0.02183,-0.38837,0.85958,-0.13102,-0.34587,1.34403,-0.22547,-0.23993,1.69949,-0.33183,-0.46046,0.91836,-0.43874,-0.48545,1.76675,-0.58847,-0.48398,2.22905,-0.66104,-0.48316,2.62055,-0.7067,-0.22021,0.8469,-0.48401,-0.15991,1.85737,-0.62908,-0.12871,2.42266,-0.66203,-0.09501,2.84386,-0.69809,0.02403,0.81527,-0.49746,0.04884,1.79789,-0.58097,-0.01177,1.6289,-0.48082,-0.04231,1.36352,-0.40878,0.22911,0.80272,-0.50924,0.19691,1.54652,-0.56143,0.13815,1.42801,-0.47608,0.10575,1.2166,-0.40487,,,
2026-09-29T17:05:28.232001,rayexper,N,156.8905699672493,177.746677379518,176.04852208949768,20.10936762837807,27.31051442099727,0.0,0.0,0.0,-0.26475,0.34161,-0.02117,-0.38915,0.87489,-0.13057,-0.34562,1.35948,-0.22535,-0.2354,1.70937,-0.33214,-0.45995,0.92378,-0.44306,-0.48021,1.75442,-0.59563,-0.48226,2.21183,-0.67231,-0.48301,2.59933,-0.72179,-0.22208,0.84336,-0.48931,-0.15861,1.84657,-0.63672,-0.1302,2.41564,-0.67302,-0.09773,2.83296,-0.71263,0.02251,0.80595,-0.50342,0.05005,1.79518,-0.58573,-0.01544,1.63592,-0.48523,-0.04991,1.36942,-0.41425,0.22887,0.78971,-0.51621,0.19698,1.54271,-0.5709,0.13242,1.42978,-0.48915,0.09572,1.21709,-0.42074,,,
2026-09-29T17:05:28.428904,rayexper,N,158.02309420659972,176.81836301246767,175.73099921475796,19.060418398905338,25.638099606167952,0.0,0.0,0.0,-0.26944,0.3353,-0.02921,-0.39359,0.87202,-0.14107,-0.35535,1.35841,-0.23666,-0.25294,1.721,-0.34492,-0.46436,0.91279,-0.45109,-0.4935,1.747,-0.60187,-0.49413,2.21205,-0.67412,-0.49196,2.60451,-0.71978,-0.22356,0.84042,-0.49368,-0.16217,1.84666,-0.6369,-0.13157,2.41407,-0.66733,-0.09567,2.82728,-0.70277,0.02077,0.80738,-0.50508,0.0511,1.78947,-0.58893,-0.01321,1.62671,-0.49106,-0.04575,1.3587,-0.42187,0.22775,0.79283,-0.51539,0.19769,1.54042,-0.57336,0.13378,1.41909,-0.49351,0.09697,1.20033,-0.42645,,,
2026-09-29T17:05:28.581766,rayexper,N,157.76847262150352,177.057349419804,175.96860185289677,17.526604893465233,23.71377372889755,0.0,0.0,0.0,-0.26516,0.33842,-0.02263,-0.38731,0.88006,-0.1296,-0.34606,1.36515,-0.22241,-0.23973,1.72388,-0.32794,-0.46563,0.92498,-0.4369,-0.49158,1.75836,-0.58564,-0.49191,2.22095,-0.65694,-0.49166,2.61133,-0.70177,-0.22671,0.84505,-0.48424,-0.16542,1.8544,-0.62735,-0.13332,2.42443,-0.6605,-0.09886,2.84036,-0.69718,0.01717,0.80404,-0.50036,0.04854,1.79841,-0.58977,-0.01045,1.63054,-0.4956,-0.04296,1.35433,-0.42639,0.22571,0.7825,-0.51437,0.19829,1.54668,-0.57782,0.13892,1.42043,-0.49926,0.10333,1.19204,-0.43128,,,
2026-09-29T17:05:28.794708,rayexper,N,157.6306720479174,177.26132165826655,175.53694495030533,20.894606300853876,27.908694383575263,0.0,0.0,0.0,-0.25956,0.33816,-0.02339,-0.37086,0.87625,-0.1332,-0.31772,1.36867,-0.22594,-0.20164,1.73518,-0.33016,-0.45351,0.90618,-0.45105,-0.47683,1.73963,-0.60434,-0.47803,2.20291,-0.6792,-0.47682,2.59447,-0.72724,-0.21674,0.84248,-0.49321,-0.14768,1.84087,-0.64193,-0.11359,2.40329,-0.67413,-0.0773,2.81843,-0.71033,0.02737,0.81807,-0.50275,0.05937,1.78675,-0.58274,-0.00399,1.62483,-0.47571,-0.03558,1.36563,-0.40118,0.23577,0.80781,-0.51123,0.20913,1.55468,-0.56209,0.14821,1.44154,-0.4748,0.11457,1.23398,-0.40303,,,
2026-09-29T17:05:28.973699,rayexper,N,156.90941397591078,177.17697334080972,175.6103501029532,19.062071176173145,26.75982421649089,0.0,0.0,0.0,-0.25841,0.32735,-0.02754,-0.37152,0.86484,-0.13757,-0.31676,1.35737,-0.23206,-0.19521,1.71729,-0.33773,-0.44848,0.92009,-0.43865,-0.46256,1.76434,-0.58455,-0.45638,2.2137,-0.65207,-0.45147,2.59444,-0.69458,-0.21304,0.85032,-0.48122,-0.14583,1.84368,-0.62729,-0.11701,2.39642,-0.65981,-0.08525,2.80901,-0.69434,0.02788,0.81547,-0.49265,0.05781,1.77984,-0.57864,-0.01053,1.60204,-0.47961,-0.04387,1.33981,-0.40776,0.22979,0.79437,-0.50274,0.19921,1.52541,-0.55887,0.13396,1.40278,-0.4769,0.09924,1.19548,-0.40784,,,
2026-09-29T17:05:29.327752,rayexper,N,158.30514460854255,176.78158232936642,175.68001393843932,17.29802336287081,22.981550702860268,0.0,0.0,0.0,-0.27302,0.33708,-0.03828,-0.39113,0.90346,-0.15296,-0.34154,1.41863,-0.24869,-0.22785,1.79722,-0.35595,-0.4758,0.91316,-0.45756,-0.50182,1.7621,-0.61055,-0.50139,2.23312,-0.68214,-0.49963,2.63207,-0.72658,-0.2297,0.83621,-0.49799,-0.16071,1.8622,-0.64493,-0.12545,2.43493,-0.67633,-0.08896,2.85331,-0.71133,0.019,0.80344,-0.5082,0.04996,1.80297,-0.60416,-0.01391,1.63532,-0.51177,-0.04585,1.35759,-0.44256,0.23102,0.79589,-0.51715,0.20255,1.56471,-0.58698,0.14108,1.43738,-0.51179,0.10756,1.21014,-0.44552,,,
2026-09-29T17:15:36.652568,rayexper,N,166.05649448424103,172.5796108245804,172.8140201918033,172.42179879548567,172.33004118325363,0.0,0.0,0.0,-0.25187,0.34194,-0.07673,-0.319,0.77925,-0.23486,-0.29231,1.17419,-0.34693,-0.24276,1.54857,-0.46907,-0.37518,0.75896,-0.67838,-0.41376,1.40766,-0.91168,-0.4077,1.81912,-1.02127,-0.41698,2.17947,-1.08955,-0.16877,0.69861,-0.69532,-0.18112,1.43779,-1.01296,-0.19115,1.95885,-1.17246,-0.21824,2.37338,-1.2845,0.03386,0.69814,-0.66466,0.14875,1.43125,-0.9029,0.2187,1.93787,-0.99996,0.25335,2.2596,-1.05621,0.2051,0.73719,-0.61408,0.30287,1.33977,-0.75417,0.32968,1.68324,-0.80486,0.33646,1.9633,-0.84396,,,
2026-09-29T17:15:36.848997,rayexper,N,163.09945184215383,174.27167508123682,175.80455979349298,175.85945915867376,175.01731622208197,0.0,0.0,0.0,-0.26921,0.34856,-0.08206,-0.34918,0.85685,-0.22669,-0.30178,1.32185,-0.33073,-0.22147,1.70993,-0.44839,-0.40091,0.82711,-0.61253,-0.45316,1.58234,-0.8257,-0.45252,2.02774,-0.92485,-0.4649,2.4171,-0.98628,-0.18014,0.74829,-0.63845,-0.19597,1.61422,-0.90659,-0.21108,2.18908,-1.04677,-0.2388,2.63786,-1.14716,0.03767,0.7326,-0.62665,0.16739,1.58648,-0.83666,0.23783,2.14444,-0.9384,0.27321,2.50521,-1.00064,0.22508,0.76486,-0.59893,0.33078,1.47223,-0.73723,0.36856,1.85096,-0.79466,0.38062,2.14867,-0.83619,,,
2026-09-29T17:15:37.304686,rayexper,N,159.7331738083203,176.25040771495122,176.91866518617485,177.17425540928676,172.37055839687372,0.0,0.0,0.0,-0.30024,0.33281,-0.04118,-0.43102,0.87253,-0.13169,-0.40405,1.38653,-0.19505,-0.32212,1.77221,-0.27338,-0.491,0.88861,-0.43694,-0.60185,1.71985,-0.58509,-0.65594,2.1966,-0.65044,-0.70686,2.60343,-0.68423,-0.24111,0.85213,-0.46449,-0.27566,1.83675,-0.62491,-0.31216,2.43022,-0.70166,-0.35343,2.87419,-0.75536,-0.0063,0.8612,-0.46341,0.03949,1.82625,-0.592,0.04889,2.3858,-0.65549,0.04297,2.72961,-0.6905,0.17502,0.89771,-0.44943,0.14435,1.66865,-0.53299,0.10736,1.99003,-0.55525,0.05944,2.17814,-0.56493,,,
2026-09-29T17:15:37.462002,rayexper,N,159.7407421663234,176.33300703801876,177.66794033003293,177.82729339160517,171.23895777450568,0.0,0.0,0.0,-0.28619,0.34162,-0.03676,-0.41548,0.86121,-0.13014,-0.39703,1.36681,-0.19714,-0.31269,1.75261,-0.27986,-0.4737,0.90001,-0.43898,-0.61017,1.7313,-0.58816,-0.67323,2.20157,-0.65566,-0.72858,2.59639,-0.69076,-0.22596,0.85462,-0.46751,-0.25952,1.857,-0.62665,-0.28695,2.44703,-0.70328,-0.32179,2.88923,-0.75815,0.00753,0.85302,-0.46626,0.04603,1.82207,-0.59032,0.05936,2.36588,-0.6476,0.05553,2.70402,-0.68104,0.18923,0.87686,-0.45186,0.16259,1.62792,-0.52849,0.12711,1.92547,-0.54217,0.07949,2.09621,-0.54738,,,
2026-09-29T17:15:37.652971,rayexper,N,161.22910396807194,176.57772419681453,177.7458213107326,177.24830812010057,171.44459736089073,0.0,0.0,0.0,-0.28772,0.34083,-0.03091,-0.42405,0.86666,-0.11129,-0.4168,1.3744,-0.16875,-0.35481,1.75954,-0.23985,-0.47379,0.91311,-0.3918,-0.62515,1.71867,-0.53238,-0.70043,2.17587,-0.59643,-0.76474,2.55704,-0.6295,-0.23747,0.87514,-0.42159,-0.28158,1.84939,-0.57206,-0.31068,2.4277,-0.64328,-0.34405,2.86785,-0.69208,-0.01177,0.87482,-0.42488,0.02088,1.80794,-0.54212,0.03229,2.33724,-0.5911,0.02638,2.67687,-0.61725,0.16784,0.89077,-0.41651,0.14592,1.61525,-0.4896,0.11717,1.90363,-0.49765,0.07581,2.06939,-0.49667,,,
2026-09-29T17:15:37.881590,rayexper,N,161.4967045682157,176.36093585749043,177.83984708690446,177.42216002229125,169.9232352602645,0.0,0.0,0.0,-0.2777,0.35402,-0.02395,-0.40424,0.88222,-0.09843,-0.38949,1.38101,-0.15136,-0.32481,1.75412,-0.21825,-0.45641,0.92893,-0.37968,-0.60473,1.72397,-0.51291,-0.67564,2.17248,-0.57121,-0.73464,2.54291,-0.60091,-0.22015,0.88442,-0.4115,-0.24782,1.84744,-0.55703,-0.2705,2.41517,-0.6271,-0.29637,2.84494,-0.67523,0.00396,0.87049,-0.41631,0.05702,1.78143,-0.53153,0.07775,2.29972,-0.58312,0.07956,2.63602,-0.61177,0.18109,0.86926,-0.40853,0.1698,1.56206,-0.47989,0.1447,1.80429,-0.48629,0.10782,1.92815,-0.4846,,,
2026-09-29T17:15:38.058809,rayexper,N,157.8052311071242,176.3877657386731,177.26360484286485,177.7205433063571,165.2310373934453,0.0,0.0,0.0,-0.27975,0.36165,-0.0323,-0.401,0.88581,-0.11845,-0.3639,1.3684,-0.17992,-0.26231,1.71823,-0.25549,-0.45533,0.92481,-0.41337,-0.60178,1.74512,-0.54978,-0.67106,2.19576,-0.60666,-0.73156,2.56932,-0.63567,-0.21346,0.87013,-0.44419,-0.23713,1.84264,-0.60422,-0.2648,2.41768,-0.68171,-0.29419,2.85223,-0.73376,0.01471,0.851,-0.44524,0.08462,1.78299,-0.5748,0.11719,2.29367,-0.6312,0.13154,2.61404,-0.66038,0.19092,0.84989,-0.43264,0.17547,1.56524,-0.50899,0.14654,1.75775,-0.51012,0.11109,1.81977,-0.50426,,,
2026-09-29T17:15:38.250202,rayexper,N,158.3191010877308,175.67543907132895,176.80175932737112,177.64799649092313,166.07560916303024,0.0,0.0,0.0,-0.27549,0.36538,-0.03617,-0.38966,0.89058,-0.12745,-0.35388,1.36257,-0.19109,-0.24973,1.7062,-0.26973,-0.44246,0.92848,-0.4452,-0.58608,1.74608,-0.58469,-0.65116,2.20142,-0.63974,-0.70452,2.57536,-0.66705,-0.20019,0.85805,-0.47294,-0.21311,1.84938,-0.63978,-0.24082,2.43375,-0.71721,-0.26683,2.86057,-0.76949,0.02981,0.82697,-0.46856,0.10932,1.77523,-0.60321,0.14264,2.28717,-0.66055,0.1608,2.59479,-0.68989,0.20685,0.81749,-0.44953,0.19248,1.54683,-0.52832,0.161,1.75117,-0.53178,0.12683,1.81794,-0.52806,,,
2026-09-29T17:15:38.485798,rayexper,N,157.1486739234039,176.47672993313927,175.72369644264856,178.42066227165677,165.41357114091392,0.0,0.0,0.0,-0.27394,0.35685,-0.05144,-0.39579,0.88182,-0.15524,-0.35723,1.35291,-0.22826,-0.2501,1.69018,-0.31622,-0.44473,0.91992,-0.4822,-0.59015,1.75223,-0.63406,-0.66241,2.20377,-0.6978,-0.73003,2.5762,-0.73189,-0.20141,0.83762,-0.50776,-0.21101,1.81402,-0.69194,-0.24982,2.39702,-0.78484,-0.29039,2.8316,-0.84998,0.03001,0.80203,-0.50012,0.12076,1.76447,-0.65216,0.1622,2.27381,-0.7224,0.18583,2.5759,-0.76039,0.20998,0.7981,-0.47775,0.2003,1.55145,-0.57028,0.16909,1.74161,-0.58151,0.13663,1.79122,-0.58404,,,
2026-09-29T17:15:39.544969,rayexper,N,157.45111591393615,177.83587409681934,176.62478370055229,35.0486300661238,35.318389219882214,0.0,0.0,0.0,-0.23068,0.37862,-0.0187,-0.30555,0.89036,-0.12868,-0.23036,1.30433,-0.21376,-0.12007,1.59501,-0.30672,-0.35264,0.98594,-0.49756,-0.44784,1.67512,-0.66807,-0.52869,2.09136,-0.77936,-0.58312,2.4355,-0.85953,-0.14958,0.84744,-0.50938,-0.0131,1.70388,-0.67518,0.05683,2.22695,-0.7317,0.13305,2.60964,-0.79515,0.0665,0.75705,-0.47906,0.11562,1.60578,-0.51905,0.02503,1.51183,-0.38457,-0.02969,1.28873,-0.30603,0.23589,0.70961,-0.44941,0.222,1.39194,-0.45537,0.16219,1.29999,-0.34955,0.12564,1.10023,-0.2736,,,
2026-09-29T17:15:39.718857,rayexper,N,156.58326694306493,178.02393885645898,176.0761720664543,32.32401190113379,33.83679124984711,0.0,0.0,0.0,-0.23006,0.38685,-0.01953,-0.29977,0.90297,-0.12774,-0.21499,1.31043,-0.21288,-0.09849,1.59422,-0.30496,-0.34296,0.99491,-0.48122,-0.43936,1.69254,-0.64938,-0.51681,2.11074,-0.75349,-0.571,2.45469,-0.82547,-0.13569,0.85771,-0.49591,0.00133,1.72938,-0.65812,0.06962,2.25283,-0.70775,0.14266,2.63485,-0.76241,0.08038,0.76365,-0.47082,0.12753,1.60968,-0.52007,0.04352,1.50155,-0.38774,-0.00651,1.27094,-0.30478,0.24895,0.71031,-0.44599,0.2344,1.38946,-0.45646,0.17981,1.28885,-0.34858,0.14692,1.08288,-0.2683,,,
2026-09-29T17:15:40.017958,rayexper,N,156.09573997649335,178.07236295536646,176.29672595630447,30.004824888604194,30.385555338750688,0.0,0.0,0.0,-0.2385,0.37534,-0.02477,-0.32269,0.91174,-0.13271,-0.24542,1.34013,-0.21721,-0.12337,1.63259,-0.31133,-0.37192,0.98662,-0.47906,-0.47328,1.72826,-0.64494,-0.54921,2.16187,-0.74541,-0.60757,2.51925,-0.81307,-0.16037,0.8531,-0.49649,-0.03171,1.76265,-0.64652,0.03554,2.30283,-0.68871,0.10329,2.70017,-0.73899,0.0597,0.76643,-0.47664,0.10863,1.66392,-0.53318,0.02295,1.56599,-0.416,-0.02633,1.326,-0.3416,0.24,0.72147,-0.4564,0.21891,1.43492,-0.48343,0.16011,1.33461,-0.38852,0.12784,1.12139,-0.31516,,,
2026-09-29T17:15:40.516442,rayexper,N,157.29306171379167,177.00630322663798,177.12803725518035,38.11015899425551,41.628917657726575,0.0,0.0,0.0,-0.30734,0.40146,-0.07421,-0.38566,0.99517,-0.20768,-0.29255,1.4577,-0.29629,-0.15562,1.8103,-0.3975,-0.43578,0.92959,-0.59967,-0.57486,1.61196,-0.78171,-0.65475,2.06745,-0.90242,-0.7035,2.45366,-0.98543,-0.18979,0.79202,-0.58024,-0.04882,1.7697,-0.7241,0.03367,2.38393,-0.76789,0.1253,2.79755,-0.82959,0.06194,0.75537,-0.51969,0.08849,1.74218,-0.55807,-0.02971,1.72516,-0.45226,-0.08648,1.46534,-0.39593,0.26181,0.80396,-0.45999,0.21124,1.6202,-0.48335,0.12114,1.58672,-0.40076,0.06782,1.38075,-0.34133,,,
2026-09-29T17:15:40.686600,rayexper,N,160.02197395048486,177.7872576100178,176.79960356199558,40.293521262391,42.97768818926427,0.0,0.0,0.0,-0.29059,0.38854,-0.09554,-0.35153,0.9744,-0.24184,-0.25845,1.4409,-0.33406,-0.13284,1.81753,-0.43563,-0.40918,0.90039,-0.6527,-0.54883,1.57805,-0.84463,-0.63983,2.03517,-0.97275,-0.69258,2.41824,-1.06226,-0.17578,0.76931,-0.61421,-0.02794,1.74866,-0.76963,0.05825,2.34253,-0.81705,0.15667,2.73224,-0.88263,0.06626,0.74354,-0.53213,0.08688,1.71712,-0.56259,-0.0395,1.68904,-0.44195,-0.10105,1.43049,-0.3803,0.25374,0.80347,-0.45309,0.2013,1.60612,-0.4704,0.10565,1.56717,-0.3835,0.05054,1.36442,-0.32359,,,
2026-09-29T17:15:40.883768,rayexper,N,159.14325902056586,177.96579522233355,175.2879100996305,49.47631456373994,53.46547622796223,0.0,0.0,0.0,-0.26665,0.36008,-0.08283,-0.33346,0.8806,-0.23751,-0.25153,1.31483,-0.33291,-0.13313,1.67911,-0.43609,-0.36928,0.86164,-0.70593,-0.51675,1.51272,-0.92702,-0.62078,1.95733,-1.08773,-0.671,2.33534,-1.20306,-0.15596,0.73483,-0.66008,-0.01256,1.65673,-0.83845,0.08239,2.21438,-0.8935,0.19758,2.61873,-0.9698,0.07146,0.70726,-0.56327,0.08199,1.60385,-0.56567,-0.03106,1.56433,-0.39487,-0.0836,1.34887,-0.31126,0.24434,0.75647,-0.47221,0.18231,1.48159,-0.45444,0.09865,1.44133,-0.33508,0.0519,1.28127,-0.25939,,,
2026-09-29T17:15:41.086428,rayexper,N,158.26249336187644,177.96098226505794,176.08806390766225,35.42918235066095,36.37652403192165,0.0,0.0,0.0,-0.258,0.35677,-0.07315,-0.32478,0.90089,-0.20831,-0.23947,1.36402,-0.30081,-0.10314,1.70758,-0.4055,-0.37612,0.91727,-0.57836,-0.53279,1.58855,-0.75204,-0.63015,2.02146,-0.8664,-0.68863,2.3831,-0.94877,-0.16045,0.81648,-0.55464,-0.00454,1.74804,-0.70316,0.09078,2.29995,-0.74295,0.19371,2.69534,-0.80098,0.07038,0.77001,-0.49014,0.09222,1.64346,-0.52069,-0.02193,1.55784,-0.38644,-0.07014,1.30547,-0.31377,0.25072,0.78036,-0.4282,0.20003,1.50431,-0.44453,0.12006,1.42264,-0.34651,0.08836,1.21806,-0.27788,,,
2026-09-29T17:15:41.386483,rayexper,N,156.08832492890372,178.01584235493837,175.99866269403748,28.349052704636506,32.895041042777926,0.0,0.0,0.0,-0.24059,0.34862,-0.03934,-0.31979,0.90523,-0.13055,-0.24721,1.36332,-0.20349,-0.10558,1.64645,-0.2839,-0.36178,0.96205,-0.38165,-0.41158,1.74887,-0.50445,-0.44028,2.17438,-0.56386,-0.46784,2.5424,-0.60095,-0.14401,0.90368,-0.40326,-0.04492,1.79584,-0.52341,-0.00068,2.32834,-0.55326,0.04343,2.73259,-0.58485,0.06965,0.8514,-0.39749,0.08311,1.68834,-0.46687,-0.01864,1.58377,-0.38723,-0.06376,1.366,-0.32725,0.23975,0.81415,-0.39183,0.19693,1.47262,-0.42626,0.11855,1.38549,-0.35031,0.08818,1.19812,-0.28816,,,
2026-09-29T17:15:41.581702,rayexper,N,155.2205347069168,177.66598683314072,175.85786817334107,24.154040819584704,29.468363879458522,0.0,0.0,0.0,-0.23085,0.35369,-0.0325,-0.29934,0.88508,-0.11611,-0.21059,1.32896,-0.18165,-0.06956,1.60297,-0.25453,-0.35357,0.97225,-0.35632,-0.4441,1.72424,-0.47645,-0.50166,2.14081,-0.53477,-0.54758,2.48857,-0.56889,-0.14359,0.91771,-0.37039,-0.01981,1.78954,-0.48705,0.04235,2.28964,-0.51356,0.10432,2.66401,-0.5396,0.05849,0.86739,-0.35733,0.09905,1.65209,-0.42658,0.01351,1.54481,-0.35087,-0.02497,1.33011,-0.28968,0.2189,0.83479,-0.34288,0.20218,1.44882,-0.37582,0.13929,1.35574,-0.30052,0.10999,1.1695,-0.23522,,,
2026-09-29T17:15:41.778798,rayexper,N,155.31382228246056,178.45496466162083,175.86624623872552,29.60737399543857,36.04086313747446,0.0,0.0,0.0,-0.22073,0.38463,-0.02733,-0.27327,0.90759,-0.11559,-0.17185,1.32561,-0.18343,-0.03512,1.58739,-0.25941,-0.33791,0.99567,-0.38929,-0.43546,1.68845,-0.5194,-0.50327,2.08805,-0.59244,-0.55091,2.4175,-0.6407,-0.13519,0.90779,-0.39705,0.03525,1.72767,-0.51607,0.1406,2.21654,-0.54756,0.24504,2.58267,-0.58518,0.06704,0.83592,-0.37344,0.1239,1.58844,-0.42123,0.02059,1.48497,-0.32529,-0.03267,1.27147,-0.26144,0.2293,0.79052,-0.34927,0.22122,1.40949,-0.37328,0.14697,1.33126,-0.29113,0.10876,1.16504,-0.22471,,,
2026-09-29T17:15:41.932876,rayexper,N,156.58150222696918,177.81059803125757,174.84906192533413,31.10782864340449,35.000165047150894,0.0,0.0,0.0,-0.24047,0.35705,-0.04118,-0.30571,0.87289,-0.13578,-0.21927,1.29708,-0.20435,-0.09199,1.589,-0.28043,-0.35592,0.96764,-0.42197,-0.47444,1.66259,-0.55343,-0.54535,2.07053,-0.62233,-0.58921,2.40821,-0.66716,-0.15023,0.89444,-0.42119,0.01788,1.74352,-0.54871,0.12181,2.23382,-0.57628,0.22711,2.60107,-0.60851,0.05352,0.83319,-0.3878,0.10328,1.58145,-0.443,-0.00479,1.48377,-0.34332,-0.05752,1.26996,-0.27461,0.21415,0.79838,-0.35398,0.19383,1.4176,-0.38152,0.1202,1.33233,-0.29596,0.08632,1.15692,-0.22634,,,
2026-09-29T17:15:42.097717,rayexper,N,154.6585213664534,178.70070137853622,175.60758689840344,31.067550007013978,36.03590054810581,0.0,0.0,0.0,-0.23142,0.36782,-0.02175,-0.29131,0.86403,-0.11051,-0.19454,1.26226,-0.17689,-0.06416,1.52813,-0.25127,-0.34222,0.98627,-0.40352,-0.45194,1.66287,-0.53942,-0.52276,2.06426,-0.6177,-0.56961,2.39609,-0.66928,-0.13715,0.90174,-0.40994,0.03292,1.74281,-0.53393,0.13306,2.22419,-0.56369,0.23441,2.59131,-0.59903,0.06591,0.83097,-0.38249,0.12019,1.57176,-0.42652,0.01759,1.46363,-0.32048,-0.03444,1.2529,-0.24981,0.22569,0.78116,-0.35391,0.21487,1.39059,-0.3693,0.14695,1.3006,-0.2756,0.11322,1.12724,-0.20124,,,
2026-09-29T17:15:42.318321,rayexper,N,155.15120787496312,177.88410281313756,175.62950051689637,27.59463448158436,32.739137893416284,0.0,0.0,0.0,-0.23756,0.35987,-0.03655,-0.29878,0.88956,-0.11952,-0.19934,1.32255,-0.17909,-0.06046,1.59872,-0.24571,-0.34733,0.97807,-0.38084,-0.47462,1.66143,-0.5075,-0.54811,2.06904,-0.5768,-0.59652,2.40274,-0.62089,-0.14349,0.91385,-0.37985,0.0196,1.74561,-0.4925,0.11889,2.22842,-0.51842,0.21922,2.59347,-0.54978,0.05513,0.85587,-0.3492,0.1081,1.60788,-0.40276,0.00665,1.49838,-0.31178,-0.04022,1.28024,-0.24665,0.21006,0.81671,-0.31789,0.19043,1.42396,-0.34896,0.11876,1.33528,-0.27041,0.08634,1.15779,-0.20347,,,
2026-09-29T17:15:42.590685,rayexper,N,166.06567664181165,179.83136005689093,175.02372118610324,48.23859093179914,47.85537759304094,0.0,0.0,0.0,-0.24522,0.39934,-0.079,-0.34424,0.97392,-0.18571,-0.33827,1.44728,-0.24472,-0.284,1.81107,-0.30242,-0.26938,0.92649,-0.53209,-0.46722,1.49709,-0.69906,-0.61368,1.87596,-0.81831,-0.70792,2.18641,-0.89933,-0.06635,0.87282,-0.48351,0.05729,1.77178,-0.61821,0.1427,2.3304,-0.6615,0.25938,2.71814,-0.71581,0.12296,0.82347,-0.39428,0.11686,1.60101,-0.4054,-0.03178,1.55035,-0.2715,-0.10122,1.33294,-0.19542,0.24998,0.80594,-0.30966,0.18705,1.45211,-0.29827,0.09253,1.38862,-0.19105,0.04533,1.20828,-0.11497,,,
2026-09-29T17:15:42.752021,rayexper,N,175.05649331818665,177.03113584809105,177.59114790198873,61.08008438289296,59.23687906705985,0.0,0.0,0.0,-0.23428,0.44911,-0.12674,-0.38801,1.07747,-0.24248,-0.49075,1.56387,-0.28918,-0.57982,1.9218,-0.32264,-0.12572,0.97741,-0.62151,0.0159,1.66019,-0.81639,0.11788,2.12391,-0.95873,0.23456,2.48784,-1.05731,0.04233,0.84023,-0.54058,0.16751,1.68764,-0.67105,0.21148,2.19527,-0.7062,0.28503,2.51826,-0.76332,0.17747,0.74368,-0.42299,0.15932,1.48956,-0.39846,0.03442,1.47782,-0.23835,-0.03348,1.30275,-0.15863,0.26671,0.70361,-0.31921,0.21206,1.32037,-0.26627,0.1267,1.29689,-0.14682,0.08623,1.14407,-0.07546,,,
2026-09-29T17:15:42.953645,rayexper,N,174.20215410206393,178.89076872322119,161.1127094447034,45.41421687089777,49.99464205431863,0.0,0.0,0.0,-0.2338,0.45138,-0.10637,-0.39041,1.10337,-0.2123,-0.51461,1.61091,-0.24203,-0.61168,1.99859,-0.26371,-0.15663,0.95128,-0.6441,-0.01158,1.70672,-0.88301,0.08797,2.26814,-1.06434,0.1907,2.69238,-1.179,0.01473,0.82977,-0.55791,0.14211,1.64987,-0.60321,0.11544,1.88532,-0.5422,0.1184,1.94823,-0.54897,0.16807,0.74893,-0.44831,0.18346,1.55226,-0.41466,0.06684,1.48756,-0.24739,0.0045,1.24085,-0.17183,0.27189,0.7216,-0.34451,0.24641,1.38276,-0.29904,0.1582,1.35221,-0.17716,0.1264,1.16447,-0.11217,,,
2026-09-29T17:15:43.122367,rayexper,N,175.86041035204886,177.8644507045407,139.12725592667223,46.48539928109464,48.190984226371675,0.0,0.0,0.0,-0.24374,0.45861,-0.10234,-0.40689,1.11811,-0.1911,-0.54976,1.64053,-0.22199,-0.63146,2.01786,-0.24467,-0.12806,1.02876,-0.50827,0.05175,1.77749,-0.70346,0.18245,2.29943,-0.84792,0.3067,2.68734,-0.93491,0.06796,0.89469,-0.44149,0.13744,1.69041,-0.497,0.04316,1.88901,-0.46137,-0.0163,1.91359,-0.46571,0.21858,0.81084,-0.35774,0.18972,1.60524,-0.35809,0.06143,1.56921,-0.24855,-0.00858,1.34603,-0.19275,0.30852,0.79193,-0.27867,0.26133,1.45457,-0.25669,0.15885,1.42665,-0.16402,0.11255,1.23681,-0.10863,,,
2026-09-29T17:15:43.334521,rayexper,N,152.32566813830763,178.4328522348709,176.11604051671074,21.800569519096435,27.40010233492615,0.0,0.0,0.0,-0.22871,0.33191,-0.02845,-0.29477,0.84048,-0.11154,-0.19025,1.24238,-0.17957,-0.04741,1.49684,-0.25201,-0.32997,0.94997,-0.35381,-0.46952,1.58589,-0.49366,-0.553,1.96117,-0.57467,-0.62165,2.28255,-0.62656,-0.1315,0.91945,-0.37057,-0.07687,1.73738,-0.50866,-0.03635,2.25831,-0.56135,0.01372,2.65848,-0.60772,0.06959,0.86556,-0.35811,0.08835,1.57499,-0.42622,0.01873,1.42007,-0.32966,-0.01389,1.18891,-0.25588,0.22043,0.80075,-0.34613,0.18343,1.36303,-0.36933,0.13318,1.22664,-0.27444,0.11829,1.01529,-0.19663,,,
2026-09-29T17:15:43.522714,rayexper,N,154.16702697341273,176.83994306815455,175.68859794452408,18.37335614726345,25.076722350140084,0.0,0.0,0.0,-0.22724,0.32663,-0.01511,-0.30346,0.84836,-0.08798,-0.2171,1.28483,-0.15131,-0.08037,1.54568,-0.22094,-0.36168,0.9597,-0.30675,-0.46553,1.65145,-0.42157,-0.53124,2.03896,-0.474,-0.58876,2.35746,-0.50278,-0.1685,0.9262,-0.33728,-0.1088,1.76559,-0.45265,-0.07102,2.27842,-0.48382,-0.02762,2.66407,-0.50996,0.0271,0.87149,-0.3425,0.06657,1.60131,-0.41512,0.00835,1.45734,-0.33668,-0.01851,1.23657,-0.26937,0.1847,0.80593,-0.34582,0.17687,1.39527,-0.37564,0.13044,1.27412,-0.29248,0.11383,1.07185,-0.22017,,,
2026-09-29T17:15:43.747677,rayexper,N,152.68022480023694,177.73521201322606,176.53315821990975,19.41562695902715,24.959500294843266,0.0,0.0,0.0,-0.2319,0.32822,-0.00104,-0.31501,0.81657,-0.06772,-0.23628,1.22559,-0.12497,-0.10352,1.47151,-0.18916,-0.36873,0.96917,-0.30635,-0.48212,1.62191,-0.42395,-0.55983,2.00242,-0.48858,-0.6227,2.31755,-0.52892,-0.17896,0.92508,-0.33496,-0.09772,1.75731,-0.44582,-0.04055,2.26185,-0.48146,0.01573,2.64285,-0.51671,0.01785,0.86969,-0.33524,0.06711,1.60962,-0.39188,0.01769,1.47093,-0.3067,-0.0106,1.24804,-0.24223,0.17781,0.81007,-0.33317,0.17334,1.39579,-0.35498,0.13421,1.26898,-0.27011,0.1124,1.06417,-0.19925,,,
2026-09-29T17:15:43.936735,rayexper,N,152.20619985730372,177.59777764920673,176.45471997620547,20.3317366748181,26.029889376609088,0.0,0.0,0.0,-0.23239,0.33986,-0.00231,-0.3191,0.83217,-0.07525,-0.23689,1.24393,-0.13989,-0.10309,1.49402,-0.2121,-0.36747,0.96848,-0.31793,-0.49179,1.63418,-0.44433,-0.57519,2.01805,-0.51385,-0.64487,2.33649,-0.55648,-0.17501,0.92006,-0.35052,-0.10902,1.76862,-0.46665,-0.05952,2.28623,-0.5049,-0.00869,2.67897,-0.54248,0.02497,0.8639,-0.35474,0.06264,1.63234,-0.41507,0.01058,1.49287,-0.32665,-0.0181,1.2675,-0.26003,0.18813,0.8048,-0.35694,0.17818,1.41543,-0.38108,0.13469,1.29069,-0.29337,0.11192,1.08497,-0.22064,,,
2026-09-29T17:15:44.163157,rayexper,N,152.08603539794345,177.30556152004684,175.96285731501794,18.705997932122884,25.05641752875409,0.0,0.0,0.0,-0.231,0.336,-0.01151,-0.30363,0.84615,-0.08882,-0.20744,1.25809,-0.15698,-0.06405,1.5014,-0.23314,-0.35425,0.96288,-0.32591,-0.48099,1.63775,-0.45255,-0.56292,2.02465,-0.51743,-0.63018,2.34351,-0.55497,-0.16045,0.92022,-0.35702,-0.09917,1.77042,-0.47628,-0.05846,2.28801,-0.51134,-0.0099,2.68139,-0.54354,0.03619,0.86103,-0.36102,0.07293,1.60033,-0.43166,0.01349,1.45562,-0.34963,-0.01452,1.22744,-0.28281,0.19417,0.79549,-0.36282,0.18051,1.39483,-0.39277,0.13332,1.2706,-0.30748,0.11457,1.0605,-0.23496,,,
2026-09-29T17:15:44.328294,rayexper,N,151.23571094276076,177.32765996710424,176.37821142849555,16.201914737077736,24.017337528520738,0.0,0.0,0.0,-0.2285,0.32791,-0.00714,-0.30065,0.8285,-0.07957,-0.19735,1.23727,-0.14475,-0.05345,1.47838,-0.21731,-0.35662,0.96727,-0.30011,-0.47923,1.6166,-0.42481,-0.56186,1.9924,-0.49217,-0.63098,2.30533,-0.53187,-0.16829,0.92786,-0.3328,-0.10636,1.75191,-0.44871,-0.06408,2.25835,-0.48743,-0.0172,2.65281,-0.52189,0.02653,0.86545,-0.33947,0.07226,1.58129,-0.41092,0.02492,1.41786,-0.32967,0.00196,1.19061,-0.26177,0.18457,0.79012,-0.34375,0.1802,1.3636,-0.37393,0.14187,1.23014,-0.28766,0.12649,1.02655,-0.21315,,,
2026-09-29T17:15:44.569050,rayexper,N,152.7762071045144,178.07118929346706,177.20353838142375,20.60056884963486,27.322221747689785,0.0,0.0,0.0,-0.22596,0.33183,0.00885,-0.30336,0.82893,-0.06137,-0.21127,1.23966,-0.12439,-0.07819,1.49774,-0.1949,-0.36332,0.96978,-0.3176,-0.49718,1.61923,-0.4541,-0.5871,2.00387,-0.53631,-0.66215,2.32045,-0.58762,-0.17414,0.91952,-0.35235,-0.11959,1.75997,-0.47041,-0.08399,2.27066,-0.51332,-0.04427,2.6653,-0.556,0.02434,0.85966,-0.35745,0.06611,1.60657,-0.41158,0.01694,1.46183,-0.31912,-0.01196,1.23691,-0.25174,0.18615,0.79562,-0.36004,0.17994,1.38823,-0.37667,0.14189,1.26531,-0.28556,0.11905,1.06517,-0.21137,,,
2026-09-29T17:16:12.420519,rayexper,N,156.30744107041124,177.73856729459362,176.26384035585107,29.65035441700942,33.664370726096756,0.0,0.0,0.0,-0.29541,0.27403,-0.06202,-0.41676,0.79356,-0.20804,-0.35473,1.25346,-0.30678,-0.2442,1.66264,-0.41784,-0.48157,0.82319,-0.6407,-0.71763,1.38328,-0.84083,-0.88187,1.76153,-0.9725,-1.00579,2.10388,-1.06635,-0.24889,0.7378,-0.62745,-0.15497,1.77654,-0.80236,-0.10956,2.3545,-0.84871,-0.04007,2.80622,-0.91086,-0.0077,0.72319,-0.56545,-0.02859,1.638,-0.61025,-0.12218,1.46099,-0.44927,-0.14376,1.18454,-0.35641,0.1791,0.75145,-0.50441,0.09131,1.4947,-0.51836,0.03589,1.3537,-0.38802,0.02451,1.12439,-0.29545,,,
2026-09-29T17:16:12.646950,rayexper,N,155.4664653001822,176.93941336637945,176.42142160415148,29.523588478520367,35.27596931260986,0.0,0.0,0.0,-0.30932,0.26648,-0.09271,-0.43902,0.78143,-0.27349,-0.36683,1.26977,-0.40609,-0.25248,1.69174,-0.5556,-0.49858,0.7894,-0.68614,-0.75219,1.29155,-0.89489,-0.94243,1.64125,-1.03042,-1.08955,1.95227,-1.12607,-0.25448,0.70048,-0.66676,-0.17185,1.76836,-0.86242,-0.14086,2.4123,-0.92309,-0.0829,2.88248,-0.99522,0.0032,0.6908,-0.59802,-0.03832,1.62096,-0.65697,-0.14169,1.45038,-0.49739,-0.16167,1.1625,-0.4055,0.19928,0.74638,-0.53152,0.09176,1.50862,-0.55136,0.02616,1.36725,-0.41675,0.00863,1.13492,-0.32231,,,
2026-09-29T17:16:12.888462,rayexper,N,156.56191179053803,177.54099103393628,176.7697277960758,30.148517550479376,35.029060706332004,0.0,0.0,0.0,-0.29781,0.28787,-0.0759,-0.41006,0.80294,-0.24965,-0.33261,1.26687,-0.37802,-0.22114,1.66894,-0.52421,-0.48913,0.81186,-0.67351,-0.73843,1.3406,-0.8794,-0.91878,1.71241,-1.01671,-1.05712,2.04109,-1.11555,-0.25758,0.7051,-0.66067,-0.15591,1.76111,-0.84224,-0.11281,2.39907,-0.8961,-0.05004,2.86971,-0.96877,-0.0058,0.68513,-0.59803,-0.02524,1.61854,-0.64163,-0.12281,1.45508,-0.47709,-0.14472,1.17043,-0.38858,0.18922,0.72924,-0.53756,0.1003,1.49595,-0.55476,0.03658,1.36126,-0.42259,0.01517,1.13301,-0.33206,,,
2026-09-29T17:16:13.126701,rayexper,N,154.97951392094305,178.05147548707046,177.05301439695117,27.58370753110903,33.38628176678474,0.0,0.0,0.0,-0.30331,0.29635,-0.06187,-0.42407,0.82961,-0.21777,-0.34562,1.31279,-0.33266,-0.21776,1.70712,-0.46487,-0.50503,0.84128,-0.62342,-0.76615,1.40967,-0.82366,-0.94671,1.79611,-0.95509,-1.0889,2.12863,-1.04758,-0.26917,0.73651,-0.62056,-0.16349,1.82227,-0.78574,-0.11466,2.46355,-0.83216,-0.0527,2.94352,-0.89749,-0.01577,0.7162,-0.57213,-0.0288,1.69021,-0.6243,-0.12558,1.52632,-0.47754,-0.14675,1.23993,-0.39389,0.1871,0.75728,-0.52404,0.09685,1.54684,-0.55659,0.02859,1.41664,-0.43863,0.00667,1.19281,-0.3521,,,
2026-09-29T17:16:13.322384,rayexper,N,155.02292974284845,177.90967802646438,176.83725294490955,28.27249468631173,34.47729127480242,0.0,0.0,0.0,-0.30482,0.30145,-0.05865,-0.42262,0.83274,-0.20943,-0.34377,1.31081,-0.31947,-0.21625,1.69993,-0.44614,-0.4975,0.83808,-0.6162,-0.76249,1.40734,-0.81064,-0.94206,1.7913,-0.93585,-1.08326,2.11984,-1.02344,-0.26009,0.74628,-0.61272,-0.15875,1.81653,-0.77136,-0.11249,2.4499,-0.81243,-0.05333,2.92347,-0.87319,-0.00961,0.73322,-0.56379,-0.02552,1.68533,-0.61047,-0.12278,1.52814,-0.46614,-0.14468,1.24667,-0.38427,0.18829,0.77455,-0.51503,0.10024,1.55062,-0.54208,0.03176,1.42906,-0.42525,0.00856,1.20901,-0.33976,,,
2026-09-29T17:16:13.522557,rayexper,N,155.16089011345537,178.41621978478253,176.86748579305956,32.02558226441382,37.051206969765445,0.0,0.0,0.0,-0.29256,0.30449,-0.04844,-0.40256,0.81162,-0.20815,-0.31582,1.27056,-0.32653,-0.19495,1.6648,-0.4611,-0.47565,0.83462,-0.64355,-0.7169,1.38105,-0.84579,-0.89343,1.75234,-0.98243,-1.02879,2.0772,-1.08119,-0.24755,0.72799,-0.63933,-0.14502,1.78339,-0.81315,-0.10072,2.40042,-0.86158,-0.03845,2.86309,-0.93059,-0.00018,0.70789,-0.58403,-0.01173,1.6431,-0.61457,-0.10758,1.4841,-0.44464,-0.13182,1.20857,-0.35445,0.1936,0.7432,-0.52969,0.11045,1.49613,-0.53674,0.04612,1.36797,-0.40335,0.02335,1.15034,-0.31244,,,
2026-09-29T17:16:13.724411,rayexper,N,154.6072962017035,177.6470541156438,176.3523452916102,26.280120516325443,32.089686175890726,0.0,0.0,0.0,-0.30756,0.29969,-0.06065,-0.4252,0.82827,-0.21475,-0.34129,1.31678,-0.33034,-0.20984,1.70272,-0.46292,-0.50296,0.84191,-0.61125,-0.76328,1.43906,-0.80112,-0.93809,1.8309,-0.91624,-1.07578,2.15958,-0.99545,-0.26017,0.74818,-0.61036,-0.15144,1.83165,-0.7799,-0.09901,2.47787,-0.82419,-0.03653,2.94882,-0.88219,-0.00453,0.73437,-0.56409,-0.01341,1.69363,-0.6268,-0.10694,1.53282,-0.48974,-0.12971,1.24893,-0.40652,0.19688,0.77798,-0.51663,0.11433,1.55963,-0.55131,0.05076,1.42823,-0.43539,0.03064,1.20045,-0.34735,,,
2026-09-29T17:16:13.955650,rayexper,N,154.94902682217514,177.40901563591538,176.6419085008383,27.193272021502647,31.858308859757354,0.0,0.0,0.0,-0.30423,0.28224,-0.08389,-0.42153,0.82074,-0.25512,-0.33815,1.29853,-0.3797,-0.20421,1.69934,-0.52242,-0.49615,0.81577,-0.66923,-0.75538,1.38173,-0.87745,-0.93886,1.76902,-1.01115,-1.08374,2.10733,-1.10456,-0.25814,0.70693,-0.6585,-0.14814,1.80476,-0.83378,-0.10185,2.44814,-0.8807,-0.04159,2.9252,-0.94574,-0.00533,0.68839,-0.60183,-0.01406,1.66306,-0.66225,-0.11139,1.49761,-0.51352,-0.13382,1.20834,-0.42807,0.19316,0.73621,-0.54662,0.1077,1.5292,-0.58184,0.04167,1.38904,-0.46083,0.02021,1.15553,-0.37326,,,
2026-09-29T17:16:14.124504,rayexper,N,155.4540239743555,177.90833786266714,176.7818929669666,27.354291839250735,31.41210617370872,0.0,0.0,0.0,-0.30366,0.28856,-0.06735,-0.41952,0.81262,-0.2358,-0.33587,1.30643,-0.36252,-0.20733,1.71921,-0.50796,-0.50576,0.82004,-0.64697,-0.76698,1.39052,-0.84766,-0.95173,1.78029,-0.97864,-1.0928,2.11882,-1.07194,-0.27247,0.71703,-0.64158,-0.16555,1.81246,-0.81757,-0.10831,2.46484,-0.86891,-0.03615,2.94368,-0.93739,-0.01514,0.70177,-0.58763,-0.02671,1.66487,-0.64085,-0.12109,1.49121,-0.48765,-0.14391,1.20088,-0.40209,0.19029,0.75591,-0.53379,0.10549,1.53536,-0.56349,0.04427,1.38374,-0.4384,0.02502,1.14816,-0.34869,,,
2026-09-29T17:16:14.353365,rayexper,N,155.21431448580765,177.53194696163646,176.82638099108803,29.53088620705675,34.27258741359127,0.0,0.0,0.0,-0.29874,0.28513,-0.07614,-0.41867,0.79716,-0.25075,-0.34085,1.26833,-0.38063,-0.21704,1.68332,-0.52902,-0.49081,0.81121,-0.66897,-0.7419,1.35262,-0.88018,-0.92534,1.73352,-1.02155,-1.06443,2.06939,-1.12198,-0.25842,0.70611,-0.65926,-0.14932,1.78579,-0.8398,-0.09996,2.41922,-0.89164,-0.03403,2.8865,-0.96157,-0.00634,0.68333,-0.60146,-0.01737,1.63063,-0.6504,-0.11559,1.46955,-0.48918,-0.13801,1.18415,-0.40064,0.19329,0.72661,-0.54568,0.11153,1.4963,-0.56836,0.04741,1.36268,-0.43858,0.02492,1.1336,-0.34828,,,
2026-09-29T17:16:14.560884,rayexper,N,156.13456831325152,177.37156465329852,176.3489951854063,31.925877216559584,35.037160763332565,0.0,0.0,0.0,-0.29641,0.27791,-0.08452,-0.41539,0.78085,-0.26917,-0.34341,1.2405,-0.40208,-0.23243,1.65664,-0.55243,-0.48038,0.77334,-0.7292,-0.72505,1.32053,-0.94878,-0.90538,1.70068,-1.09305,-1.04217,2.03983,-1.19674,-0.25092,0.65651,-0.71135,-0.13808,1.72797,-0.90145,-0.08937,2.35542,-0.95143,-0.02155,2.81721,-1.02348,-0.00267,0.6393,-0.6418,-0.01339,1.58236,-0.68391,-0.11334,1.42931,-0.5103,-0.13903,1.14671,-0.41929,0.18998,0.69671,-0.57505,0.1083,1.46714,-0.59172,0.04526,1.33401,-0.45781,0.02338,1.10705,-0.36834,,,
2026-09-29T17:16:14.759204,rayexper,N,155.51776624103832,176.74622473345613,176.471099690518,26.943260608584094,32.30979368272508,0.0,0.0,0.0,-0.30165,0.2952,-0.07767,-0.41686,0.83204,-0.24716,-0.3311,1.32667,-0.37438,-0.19971,1.73945,-0.5205,-0.48828,0.83175,-0.64892,-0.75465,1.40399,-0.84591,-0.93712,1.80293,-0.96813,-1.07605,2.14302,-1.05277,-0.24934,0.72581,-0.64111,-0.13793,1.83589,-0.82069,-0.08471,2.4995,-0.87099,-0.01559,2.9759,-0.93386,0.00813,0.70595,-0.5861,-0.00758,1.67179,-0.65199,-0.11017,1.50373,-0.50607,-0.13264,1.20997,-0.41866,0.21025,0.75916,-0.53085,0.1203,1.55098,-0.5677,0.05009,1.40757,-0.44464,0.02886,1.17073,-0.35313,,,
2026-09-29T17:16:14.962031,rayexper,N,155.47011668790688,176.86446817055474,176.25844212191126,25.742065667165523,30.29372041513829,0.0,0.0,0.0,-0.30007,0.27517,-0.08596,-0.42021,0.80778,-0.26086,-0.34213,1.30332,-0.39381,-0.21067,1.71576,-0.5449,-0.50578,0.81646,-0.64736,-0.76701,1.40694,-0.84629,-0.94634,1.80416,-0.96482,-1.08566,2.1422,-1.04632,-0.27395,0.71523,-0.64296,-0.15724,1.82961,-0.83012,-0.10563,2.47924,-0.8815,-0.04381,2.9497,-0.94341,-0.01793,0.68911,-0.59353,-0.02769,1.6588,-0.67284,-0.12702,1.48603,-0.52836,-0.14759,1.19417,-0.43869,0.18776,0.73403,-0.54467,0.1047,1.53389,-0.59109,0.03568,1.38712,-0.46997,0.01902,1.14458,-0.37874,,,
2026-09-29T17:16:15.162446,rayexper,N,155.04217204696909,177.59262851242786,176.8088279549432,25.494710663378548,30.068518279350624,0.0,0.0,0.0,-0.30762,0.30226,-0.06775,-0.41726,0.84696,-0.23161,-0.32405,1.34787,-0.35762,-0.18236,1.74574,-0.50273,-0.50269,0.84738,-0.61667,-0.76843,1.43736,-0.81041,-0.94845,1.83887,-0.93323,-1.08736,2.1803,-1.01904,-0.26031,0.74151,-0.61839,-0.14978,1.85235,-0.78971,-0.08777,2.51648,-0.84022,-0.01456,2.99811,-0.90503,0.00265,0.71949,-0.57492,-0.01001,1.70101,-0.64139,-0.1086,1.53011,-0.50225,-0.13122,1.2344,-0.4198,0.21285,0.76603,-0.53075,0.12379,1.56326,-0.57338,0.05732,1.41231,-0.45522,0.03993,1.17244,-0.36643,,,
2026-09-29T17:16:15.362573,rayexper,N,155.4017737414099,177.14231085284283,176.76197211752256,26.26390652041121,31.829548942274798,0.0,0.0,0.0,-0.29624,0.31673,-0.0636,-0.40257,0.86773,-0.22259,-0.30695,1.36531,-0.34438,-0.16804,1.76468,-0.48351,-0.48468,0.85693,-0.60639,-0.74935,1.4422,-0.79856,-0.92823,1.84686,-0.9181,-1.06762,2.18553,-1.00052,-0.24427,0.75417,-0.60956,-0.13224,1.87118,-0.78041,-0.07632,2.53247,-0.82863,-0.00874,3.00708,-0.88944,0.0136,0.72891,-0.56764,0.00343,1.70711,-0.63469,-0.09512,1.54025,-0.49239,-0.11545,1.24795,-0.40516,0.21956,0.76874,-0.52496,0.13408,1.56652,-0.56515,0.06403,1.42382,-0.44393,0.0444,1.18831,-0.35182,,,
2026-09-29T17:16:15.605744,rayexper,N,155.70059707251266,177.51232750128978,176.44531155674494,30.207132282459824,34.87522347939322,0.0,0.0,0.0,-0.29022,0.30148,-0.08743,-0.38858,0.8285,-0.27357,-0.28928,1.30844,-0.41373,-0.15089,1.71138,-0.57229,-0.47062,0.81865,-0.68431,-0.71098,1.37836,-0.89253,-0.89194,1.75355,-1.02705,-1.02885,2.08346,-1.12287,-0.24114,0.69941,-0.67281,-0.12492,1.77895,-0.86505,-0.07496,2.40805,-0.91992,-0.00828,2.86182,-0.98887,0.01454,0.66724,-0.61262,0.00056,1.61758,-0.66938,-0.10411,1.46224,-0.50924,-0.12845,1.18098,-0.41959,0.21879,0.71368,-0.55478,0.13292,1.48876,-0.58109,0.06188,1.35689,-0.45198,0.0397,1.13076,-0.36195,,,
2026-09-29T17:16:15.799516,rayexper,N,156.16896174006143,177.27214089436654,176.07550551021697,31.485794940259822,35.114245158964245,0.0,0.0,0.0,-0.286,0.28376,-0.07934,-0.38593,0.77479,-0.25995,-0.29972,1.22321,-0.39195,-0.1798,1.62769,-0.53982,-0.46484,0.798,-0.6973,-0.69909,1.33263,-0.90888,-0.87066,1.70148,-1.04566,-1.00007,2.02858,-1.14372,-0.2439,0.68824,-0.68326,-0.12952,1.73022,-0.87492,-0.07954,2.32728,-0.92543,-0.01492,2.77309,-0.99328,-0.00123,0.6618,-0.61848,-0.00074,1.56945,-0.6635,-0.0969,1.40928,-0.49116,-0.12399,1.13624,-0.3979,0.19158,0.69926,-0.55658,0.12123,1.44142,-0.56992,0.0628,1.30661,-0.43315,0.04253,1.08142,-0.34066,,,
2026-09-29T17:16:16.025253,rayexper,N,155.91877859603179,177.3113780083962,176.37525275075268,30.290635378609238,34.050432335318355,0.0,0.0,0.0,-0.29061,0.28982,-0.08035,-0.39629,0.80533,-0.25854,-0.30803,1.27492,-0.3908,-0.18317,1.67778,-0.53995,-0.47597,0.81074,-0.68246,-0.71529,1.35665,-0.89322,-0.89177,1.73628,-1.03006,-1.0268,2.06865,-1.12763,-0.24381,0.69918,-0.67209,-0.13485,1.75921,-0.86378,-0.08662,2.38801,-0.91949,-0.02039,2.85091,-0.99029,0.00698,0.67281,-0.61233,-0.00414,1.60605,-0.66711,-0.10246,1.45008,-0.50372,-0.12631,1.17061,-0.41254,0.20288,0.71292,-0.55475,0.11857,1.47929,-0.57892,0.05536,1.34268,-0.4475,0.03674,1.1138,-0.35592,,,
2026-09-29T17:16:16.254166,rayexper,N,155.9244889050178,177.80327502328993,176.08354658493917,35.98622895375879,38.12504820072741,0.0,0.0,0.0,-0.27939,0.27782,-0.07368,-0.38265,0.74215,-0.26384,-0.29955,1.18081,-0.40391,-0.18947,1.58017,-0.55807,-0.46448,0.76996,-0.72687,-0.6861,1.29705,-0.95106,-0.85651,1.66049,-1.10145,-0.98204,1.98378,-1.21241,-0.24801,0.65732,-0.71163,-0.14009,1.67462,-0.91669,-0.09272,2.25883,-0.97375,-0.02839,2.69989,-1.05102,-0.00672,0.63351,-0.64168,-0.01302,1.52173,-0.66924,-0.10421,1.36695,-0.47261,-0.12977,1.10555,-0.37226,0.1814,0.67187,-0.5766,0.10869,1.39405,-0.57328,0.0542,1.25935,-0.42485,0.03677,1.0432,-0.32962,,,
2026-09-29T17:16:16.421608,rayexper,N,156.07681483386673,177.74758876168838,176.68911529978834,28.961207282672664,32.05668753607261,0.0,0.0,0.0,-0.29311,0.28865,-0.08273,-0.40081,0.8075,-0.26,-0.31529,1.28207,-0.39203,-0.19097,1.68891,-0.54073,-0.48189,0.81635,-0.67188,-0.72317,1.37336,-0.88257,-0.89872,1.75378,-1.02063,-1.03268,2.0886,-1.11919,-0.25292,0.70646,-0.66101,-0.14132,1.77909,-0.84784,-0.08954,2.40303,-0.90226,-0.02347,2.86367,-0.97266,-0.00218,0.68074,-0.60268,-0.00782,1.62179,-0.65914,-0.10504,1.46146,-0.49966,-0.12899,1.17685,-0.41076,0.19785,0.72452,-0.54687,0.11761,1.48916,-0.57704,0.05559,1.34765,-0.45103,0.03646,1.11445,-0.36256,,,
2026-09-29T17:16:16.625321,rayexper,N,155.2517713684062,177.27750321475355,176.31907142435622,27.901039611674204,32.15652732227012,0.0,0.0,0.0,-0.29932,0.28065,-0.08059,-0.41816,0.80496,-0.25065,-0.33808,1.29266,-0.37797,-0.20933,1.70239,-0.52231,-0.48871,0.82022,-0.64592,-0.73925,1.39547,-0.84887,-0.91763,1.78565,-0.97551,-1.05589,2.1168,-1.063,-0.2538,0.72677,-0.63827,-0.14033,1.81605,-0.82409,-0.08978,2.45285,-0.87645,-0.02682,2.9189,-0.93963,-0.00141,0.70235,-0.58448,-0.01062,1.64357,-0.65277,-0.11118,1.47876,-0.50191,-0.13491,1.195,-0.41067,0.19888,0.74082,-0.53172,0.11519,1.51383,-0.56765,0.04944,1.36965,-0.44189,0.0307,1.13498,-0.34875,,,
2026-09-29T17:16:16.795887,rayexper,N,156.78195084735876,177.24459431746794,176.16549249303532,29.653242491388283,32.37865663580999,0.0,0.0,0.0,-0.29386,0.27946,-0.10155,-0.40094,0.78343,-0.29197,-0.32297,1.24119,-0.43133,-0.20607,1.66134,-0.58712,-0.47417,0.78463,-0.7151,-0.71386,1.32764,-0.93302,-0.88736,1.6984,-1.07337,-1.01866,2.02996,-1.17331,-0.25157,0.67397,-0.69461,-0.13437,1.73105,-0.89002,-0.08251,2.34032,-0.94303,-0.01686,2.79153,-1.01303,-0.00629,0.64908,-0.62638,-0.00655,1.58101,-0.68248,-0.10854,1.41996,-0.51722,-0.13751,1.13318,-0.42686,0.18732,0.6982,-0.56248,0.11672,1.45723,-0.58759,0.05522,1.31958,-0.45798,0.03403,1.08169,-0.36974,,,
2026-09-29T17:16:17.022512,rayexper,N,155.8805219763616,177.810455520431,176.73857548850395,29.565456427917745,33.5573164174107,0.0,0.0,0.0,-0.294,0.3111,-0.07103,-0.393,0.84088,-0.24245,-0.29835,1.30584,-0.37175,-0.16707,1.70127,-0.51873,-0.47073,0.83966,-0.65458,-0.71176,1.39272,-0.85633,-0.88662,1.77219,-0.98841,-1.0203,2.1044,-1.08322,-0.24121,0.72215,-0.64831,-0.12242,1.7902,-0.83065,-0.07091,2.41458,-0.88338,-0.00502,2.8724,-0.95221,0.01089,0.68802,-0.59347,0.00602,1.63041,-0.64627,-0.09703,1.4734,-0.48785,-0.12358,1.18797,-0.39938,0.21061,0.72415,-0.53987,0.12877,1.49766,-0.56602,0.06171,1.36245,-0.43837,0.03983,1.12944,-0.34874,,,
2026-09-29T17:16:17.227970,rayexper,N,154.72386514875566,177.3600704207793,176.26324042204442,29.76779036199741,35.02720121645359,0.0,0.0,0.0,-0.29525,0.2893,-0.07522,-0.41293,0.81441,-0.24336,-0.32829,1.29942,-0.36913,-0.1951,1.70297,-0.51128,-0.4801,0.82854,-0.6443,-0.71847,1.39888,-0.84186,-0.88983,1.77908,-0.96406,-1.02205,2.10618,-1.05008,-0.24982,0.73022,-0.6359,-0.13265,1.80322,-0.82531,-0.08402,2.43072,-0.87985,-0.02043,2.88851,-0.94443,0.00203,0.69927,-0.5792,-0.00752,1.63537,-0.6415,-0.11229,1.47736,-0.4854,-0.13811,1.1983,-0.39201,0.20331,0.7311,-0.52356,0.11814,1.49795,-0.55086,0.04688,1.36822,-0.42266,0.02422,1.13972,-0.32957,,,
2026-09-29T17:16:17.910455,rayexper,N,154.69983667757353,177.8554682978039,171.74751787491067,24.560445807596025,29.91738930221442,0.0,0.0,0.0,-0.30393,0.31776,-0.09682,-0.44995,0.86151,-0.29429,-0.39256,1.35686,-0.45607,-0.26959,1.71756,-0.63601,-0.53495,0.78634,-0.69672,-0.65209,1.6876,-0.92646,-0.72325,2.20715,-1.05156,-0.77816,2.65749,-1.13509,-0.2766,0.63466,-0.7216,-0.18501,1.62617,-0.96075,-0.13803,2.18383,-1.00619,-0.10018,2.59449,-1.05018,-0.01563,0.61433,-0.70972,0.0005,1.61317,-0.83902,-0.05346,1.50397,-0.71529,-0.08118,1.25006,-0.63013,0.19585,0.6871,-0.70084,0.14807,1.48379,-0.77037,0.0951,1.39305,-0.66947,0.05682,1.16636,-0.59092,,,
2026-09-29T17:16:18.126997,rayexper,N,154.92861990607003,176.71714161408033,172.4399721988427,35.965533253710085,37.11861878531756,0.0,0.0,0.0,-0.32833,0.3498,-0.06553,-0.49111,0.95258,-0.22989,-0.43683,1.52049,-0.36596,-0.30424,1.92511,-0.52029,-0.5928,0.84845,-0.60852,-0.6704,1.86244,-0.81831,-0.70439,2.48162,-0.92843,-0.72035,2.99065,-0.99554,-0.31159,0.69274,-0.65041,-0.22996,1.74123,-0.86001,-0.17878,2.3472,-0.89489,-0.13841,2.76103,-0.92697,-0.03228,0.67557,-0.65849,-0.03684,1.73676,-0.78976,-0.07491,1.73319,-0.68518,-0.09007,1.52659,-0.60381,0.20644,0.75999,-0.66497,0.14412,1.63166,-0.73779,0.09259,1.59765,-0.63801,0.05818,1.38292,-0.55281,,,
2026-09-29T17:16:18.751671,rayexper,N,156.8018189896523,176.0433565425012,173.1788938179025,70.11749650658489,48.54053972932099,0.0,0.0,0.0,-0.32953,0.37833,-0.06249,-0.48531,1.09038,-0.21257,-0.40085,1.76569,-0.34048,-0.25609,2.23032,-0.4843,-0.61361,0.87299,-0.52528,-0.6544,1.94627,-0.71666,-0.65368,2.61463,-0.81025,-0.64726,3.1376,-0.86356,-0.33413,0.74507,-0.57727,-0.29383,1.83285,-0.76904,-0.26069,2.46871,-0.80383,-0.23143,2.87002,-0.82891,-0.04841,0.73118,-0.60141,-0.06247,1.86169,-0.74054,-0.10373,1.96357,-0.65404,-0.12394,1.81959,-0.57766,0.21461,0.81453,-0.6232,0.14046,1.73188,-0.70984,0.08705,1.76409,-0.62283,0.05624,1.57981,-0.54227,,,
2026-09-29T17:16:18.952880,rayexper,N,157.82685047584994,176.12204420416867,173.50197836070967,83.66080615124802,54.26231944939461,0.0,0.0,0.0,-0.34012,0.36705,-0.05607,-0.49859,1.05967,-0.19019,-0.43209,1.71383,-0.30352,-0.30897,2.16984,-0.43144,-0.61542,0.87942,-0.48286,-0.65926,1.94434,-0.66413,-0.66284,2.61601,-0.7525,-0.65922,3.14236,-0.80184,-0.33703,0.77596,-0.5332,-0.28041,1.86013,-0.71572,-0.24406,2.44537,-0.7474,-0.21744,2.79318,-0.76642,-0.05527,0.77088,-0.55815,-0.06151,1.87924,-0.69528,-0.10959,2.00497,-0.61716,-0.13842,1.87865,-0.54334,0.20249,0.85374,-0.58039,0.13497,1.75103,-0.6683,0.0736,1.79547,-0.58796,0.03231,1.62501,-0.50913,,,
2026-09-29T17:16:19.141876,rayexper,N,156.71614802426402,176.47530252021105,173.32158398284767,23.784859118898122,28.46013035780527,0.0,0.0,0.0,-0.32583,0.38567,-0.06857,-0.44185,1.12036,-0.22824,-0.29914,1.80642,-0.36333,-0.13541,2.2743,-0.51266,-0.61096,0.85274,-0.53822,-0.63311,1.87267,-0.73055,-0.62822,2.52933,-0.82946,-0.61764,3.05291,-0.89125,-0.32821,0.73873,-0.5887,-0.29616,1.80645,-0.77977,-0.25155,2.41356,-0.82016,-0.20875,2.79449,-0.85505,-0.0455,0.73028,-0.60969,-0.04435,1.85463,-0.74393,-0.09076,1.81822,-0.6538,-0.11356,1.5481,-0.58151,0.21451,0.81154,-0.62948,0.15318,1.7114,-0.71757,0.09496,1.6584,-0.63386,0.0591,1.4026,-0.56079,,,
2026-09-29T17:16:19.341353,rayexper,N,157.6694127641222,176.76539735895983,173.68391546353502,73.90924532786555,50.23406495530031,0.0,0.0,0.0,-0.32983,0.39048,-0.05925,-0.4916,1.1003,-0.19856,-0.41929,1.78487,-0.31616,-0.29026,2.25188,-0.44855,-0.59864,0.89341,-0.49372,-0.61411,1.9711,-0.67918,-0.60648,2.63103,-0.77138,-0.59686,3.14343,-0.82272,-0.30867,0.77968,-0.54481,-0.27712,1.87697,-0.72369,-0.25296,2.50288,-0.7556,-0.2266,2.88828,-0.77773,-0.02509,0.76223,-0.57049,-0.03393,1.86641,-0.70604,-0.08301,1.9732,-0.62856,-0.11074,1.8365,-0.55675,0.23433,0.83395,-0.59399,0.16227,1.72749,-0.68387,0.10108,1.76322,-0.60568,0.06102,1.58427,-0.52985,,,
2026-09-29T17:16:19.560330,rayexper,N,156.34358128757395,176.90878351258553,172.8275591105871,39.961544325988314,37.977605240470204,0.0,0.0,0.0,-0.32294,0.36521,-0.05218,-0.4822,1.03264,-0.19443,-0.41628,1.6643,-0.31538,-0.27986,2.097,-0.45273,-0.59279,0.88262,-0.51435,-0.62408,1.93933,-0.70376,-0.62719,2.58209,-0.80083,-0.6216,3.08988,-0.85815,-0.31579,0.76059,-0.56725,-0.26648,1.81257,-0.75879,-0.22112,2.40405,-0.79376,-0.18019,2.78065,-0.81901,-0.03571,0.74727,-0.59159,-0.04099,1.81926,-0.72331,-0.08631,1.84148,-0.63303,-0.11215,1.64541,-0.55653,0.21835,0.8261,-0.61378,0.154,1.70485,-0.69537,0.09665,1.68603,-0.60647,0.05566,1.4715,-0.52582,,,
2026-09-29T17:16:19.791488,rayexper,N,157.4091558377198,178.0902309398788,175.8694629096697,24.793831202358266,27.426886548703084,0.0,0.0,0.0,-0.31225,0.34078,-0.05152,-0.41955,0.95657,-0.21721,-0.30624,1.54245,-0.35232,-0.17171,1.98811,-0.50377,-0.55717,0.82253,-0.62359,-0.70969,1.64105,-0.81903,-0.80288,2.1405,-0.92981,-0.87331,2.5722,-1.00948,-0.29652,0.69988,-0.64981,-0.20516,1.84601,-0.83915,-0.15911,2.51436,-0.88701,-0.10175,3.00114,-0.94588,-0.02982,0.68056,-0.63084,-0.02616,1.73165,-0.71101,-0.10933,1.58074,-0.58055,-0.13939,1.29664,-0.50197,0.18855,0.74386,-0.61056,0.12781,1.5709,-0.65839,0.06667,1.43507,-0.55356,0.0334,1.18377,-0.47577,,,
2026-09-29T17:16:19.991828,rayexper,N,156.98548799471385,177.17957164739434,176.28255724770835,21.290854974943553,24.87230236058007,0.0,0.0,0.0,-0.31617,0.34498,-0.05259,-0.44005,0.9513,-0.19932,-0.36188,1.50991,-0.31859,-0.2307,1.92424,-0.45401,-0.54774,0.87695,-0.56173,-0.72022,1.69165,-0.74344,-0.81262,2.19776,-0.84487,-0.88394,2.62745,-0.91626,-0.29143,0.75249,-0.59062,-0.18127,1.91408,-0.76311,-0.11438,2.59389,-0.809,-0.04853,3.09055,-0.8632,-0.02145,0.71854,-0.58022,-0.01052,1.7726,-0.6762,-0.09515,1.61404,-0.56353,-0.12211,1.32223,-0.48731,0.2051,0.76467,-0.56764,0.14149,1.60646,-0.63779,0.07674,1.46264,-0.54349,0.04945,1.21195,-0.46547,,,
2026-09-29T17:16:20.287411,rayexper,N,156.76196321314086,178.47246807866213,176.24079192274442,19.12653904552842,23.132632988437962,0.0,0.0,0.0,-0.30827,0.32272,-0.05214,-0.4384,0.90137,-0.18165,-0.38071,1.43724,-0.28463,-0.25519,1.83158,-0.40225,-0.52119,0.894,-0.51273,-0.70185,1.6716,-0.68968,-0.80609,2.13144,-0.79239,-0.88874,2.52712,-0.86245,-0.27707,0.79849,-0.53447,-0.15301,1.88221,-0.69148,-0.08119,2.48681,-0.72986,-0.0175,2.94837,-0.77605,-0.026,0.76467,-0.52266,0.00373,1.71371,-0.61501,-0.07705,1.54488,-0.51389,-0.10631,1.26879,-0.44225,0.18213,0.78486,-0.50936,0.13109,1.54755,-0.57721,0.07673,1.40665,-0.49217,0.0534,1.17574,-0.41915,,,
2026-09-29T17:16:20.474748,rayexper,N,156.5710794240115,178.6777053041804,176.11143819865214,20.88151830492494,24.60240046911785,0.0,0.0,0.0,-0.30377,0.32239,-0.0511,-0.43546,0.89245,-0.1852,-0.37822,1.41793,-0.29001,-0.25506,1.81559,-0.40963,-0.51286,0.88864,-0.54531,-0.6904,1.67065,-0.7287,-0.7989,2.12554,-0.83441,-0.88427,2.51888,-0.90671,-0.26689,0.78156,-0.56386,-0.14018,1.87637,-0.72705,-0.07332,2.4813,-0.76484,-0.01313,2.94575,-0.81252,-0.01491,0.74678,-0.54589,0.01604,1.71313,-0.63466,-0.06499,1.54922,-0.52439,-0.0966,1.27312,-0.44879,0.19204,0.77013,-0.52612,0.14224,1.54694,-0.58868,0.08637,1.40913,-0.49852,0.06002,1.17751,-0.42342,,,
2026-09-29T17:16:20.633207,rayexper,N,156.78820381571578,178.86724424023043,176.1606083199079,19.85048837008319,24.137219361838984,0.0,0.0,0.0,-0.30428,0.32485,-0.04553,-0.43834,0.88579,-0.17385,-0.38887,1.41258,-0.27541,-0.26995,1.80624,-0.39251,-0.51175,0.89263,-0.5205,-0.69736,1.66584,-0.697,-0.80633,2.11788,-0.80079,-0.89354,2.50814,-0.87213,-0.26786,0.79795,-0.53993,-0.13993,1.87518,-0.69632,-0.06681,2.46338,-0.73208,-0.00486,2.91088,-0.77705,-0.0182,0.77049,-0.52372,0.00851,1.71229,-0.6091,-0.07255,1.54445,-0.50533,-0.10367,1.26756,-0.43428,0.18556,0.79849,-0.50509,0.13488,1.54925,-0.56681,0.07973,1.40856,-0.48002,0.05242,1.17912,-0.40679,,,
2026-09-29T17:16:20.824840,rayexper,N,154.7317448608636,177.38952745971528,175.60439798099134,18.448377928566337,22.87366549610946,0.0,0.0,0.0,-0.3314,0.33879,-0.05674,-0.46702,0.94848,-0.19677,-0.39525,1.50483,-0.3099,-0.24297,1.88894,-0.44203,-0.55804,0.86583,-0.54756,-0.77104,1.66669,-0.71605,-0.89393,2.14071,-0.80182,-0.9882,2.53947,-0.85922,-0.29277,0.76464,-0.57412,-0.15759,1.92256,-0.73937,-0.07377,2.56623,-0.7734,-0.00185,3.01597,-0.81496,-0.01822,0.75146,-0.56418,-0.00152,1.78425,-0.67083,-0.08393,1.62471,-0.57129,-0.10587,1.32676,-0.49763,0.20651,0.8145,-0.55049,0.13769,1.65605,-0.62958,0.07732,1.51316,-0.54097,0.06043,1.26051,-0.46307,,,
2026-09-29T17:16:21.026562,rayexper,N,142.81613268821027,161.70695745153046,155.47971958377457,138.08854054841657,142.40647307326628,0.0,0.0,0.0,-0.36804,0.19432,-0.15408,-0.57684,0.38172,-0.41095,-0.58433,0.65391,-0.62994,-0.55465,0.91769,-0.87417,-0.66913,-0.15534,-0.83412,-0.94642,0.17733,-1.17001,-1.15232,0.50861,-1.36098,-1.31581,0.83996,-1.47622,-0.42442,-0.25074,-0.87006,-0.48189,0.38313,-1.20513,-0.54376,0.93014,-1.24579,-0.54497,1.33525,-1.25982,-0.16584,-0.17368,-0.88353,-0.22532,0.5137,-1.13166,-0.31149,0.8556,-1.03544,-0.34151,0.99176,-0.94028,0.04679,0.01425,-0.90186,-0.05577,0.57575,-1.08292,-0.15592,0.85392,-1.03047,-0.21697,0.93058,-0.9612,,,
2026-09-29T17:16:56.392102,rayexper,N,155.0390242900084,178.4433665768381,175.7002496835972,27.448693514849342,32.51409910108671,0.0,0.0,0.0,-0.27465,0.33062,-0.07462,-0.36713,0.91771,-0.20277,-0.26035,1.41737,-0.29581,-0.11651,1.7579,-0.3985,-0.42266,0.91537,-0.53011,-0.52379,1.73164,-0.68691,-0.58474,2.18419,-0.76912,-0.6316,2.57057,-0.82477,-0.1815,0.83164,-0.52482,-0.04203,1.78438,-0.67015,0.02924,2.33368,-0.70162,0.10115,2.75301,-0.7435,0.05114,0.79173,-0.48386,0.06993,1.67657,-0.54537,-0.02746,1.53855,-0.42971,-0.06233,1.29734,-0.35563,0.2356,0.7907,-0.44551,0.17929,1.4903,-0.47678,0.10662,1.38007,-0.38302,0.08265,1.18458,-0.31191,,,
2026-09-29T17:16:56.897366,rayexper,N,155.27650171850334,179.04529744991876,176.08178520540673,27.505735144508062,33.923521008204254,0.0,0.0,0.0,-0.26465,0.35351,-0.06303,-0.34472,0.93925,-0.19359,-0.23215,1.42635,-0.28964,-0.0831,1.7655,-0.39574,-0.40919,0.93361,-0.53916,-0.50573,1.75203,-0.7068,-0.56542,2.20911,-0.80144,-0.6095,2.6065,-0.86733,-0.17085,0.82413,-0.54001,-0.01644,1.8144,-0.69099,0.05864,2.36908,-0.7257,0.13193,2.80202,-0.77242,0.06378,0.77002,-0.50336,0.09894,1.68809,-0.5661,-0.00104,1.54226,-0.44237,-0.04114,1.29406,-0.36406,0.25218,0.76499,-0.46848,0.20465,1.48637,-0.50442,0.12898,1.37756,-0.40794,0.09738,1.18904,-0.33469,,,
2026-09-29T17:16:57.170031,rayexper,N,155.90278462650892,179.4505012113246,175.36585301050397,34.10744437418215,42.095250475413465,0.0,0.0,0.0,-0.25374,0.36232,-0.0509,-0.31978,0.91642,-0.1902,-0.20089,1.36858,-0.29272,-0.06354,1.70161,-0.40431,-0.38908,0.91835,-0.58224,-0.4713,1.69531,-0.75645,-0.5286,2.13458,-0.85947,-0.56353,2.5242,-0.9354,-0.16123,0.79873,-0.57968,0.00187,1.76059,-0.74386,0.07411,2.29867,-0.7788,0.1477,2.72268,-0.82946,0.07131,0.74384,-0.53299,0.10826,1.63573,-0.5724,0.00901,1.49896,-0.41777,-0.03435,1.26761,-0.32881,0.25557,0.74288,-0.48882,0.21098,1.44186,-0.49715,0.14094,1.35176,-0.38153,0.10587,1.18522,-0.30176,,,
2026-09-29T17:16:57.397751,rayexper,N,155.4703441299047,179.065505524834,176.1762420570826,33.46849452111902,39.199019366915834,0.0,0.0,0.0,-0.24931,0.34573,-0.06214,-0.32171,0.89293,-0.20856,-0.20376,1.34737,-0.31334,-0.06464,1.692,-0.426,-0.39227,0.90164,-0.61167,-0.47115,1.67006,-0.79693,-0.53233,2.10462,-0.91329,-0.56879,2.49371,-1.00092,-0.16969,0.78021,-0.60206,-0.0057,1.73933,-0.77214,0.0646,2.26556,-0.8155,0.13758,2.6838,-0.87663,0.05924,0.72743,-0.54748,0.10444,1.60666,-0.5799,0.00885,1.46065,-0.42008,-0.03461,1.2284,-0.33434,0.2396,0.73061,-0.49748,0.20212,1.41204,-0.50338,0.13561,1.3082,-0.38826,0.10193,1.13707,-0.31269,,,
2026-09-29T17:16:57.595704,rayexper,N,155.10802933378773,179.10625235907293,175.90670928131985,30.1424729191179,36.316744440712135,0.0,0.0,0.0,-0.26103,0.34599,-0.06907,-0.33887,0.92113,-0.21135,-0.22256,1.39612,-0.3148,-0.07439,1.73735,-0.42827,-0.40811,0.91628,-0.5843,-0.49309,1.72096,-0.76154,-0.55251,2.17164,-0.86488,-0.59272,2.56672,-0.939,-0.17385,0.79638,-0.57927,-0.01268,1.77839,-0.74029,0.06108,2.32494,-0.77743,0.135,2.75245,-0.8292,0.06054,0.74248,-0.53378,0.0992,1.65862,-0.5866,-0.00015,1.51695,-0.44835,-0.04121,1.27549,-0.36709,0.24742,0.74316,-0.49142,0.20281,1.45897,-0.51628,0.12962,1.35603,-0.41238,0.09716,1.17455,-0.33866,,,
2026-09-29T17:16:57.837132,rayexper,N,155.82168315276593,178.99335476059892,175.78421035987083,31.37303768766909,38.49748313154812,0.0,0.0,0.0,-0.26012,0.34855,-0.06725,-0.33481,0.91689,-0.21476,-0.21889,1.38724,-0.32361,-0.07743,1.73253,-0.44237,-0.40658,0.91394,-0.59728,-0.49072,1.72184,-0.77818,-0.55246,2.17153,-0.88496,-0.59336,2.56723,-0.96286,-0.17675,0.78619,-0.59216,-0.01072,1.76495,-0.75907,0.0627,2.31142,-0.79846,0.13545,2.74118,-0.85367,0.05773,0.72848,-0.54504,0.09828,1.64883,-0.59305,0.0003,1.50715,-0.44529,-0.03999,1.26619,-0.36098,0.24435,0.72995,-0.5017,0.20312,1.44643,-0.52316,0.12882,1.34953,-0.41618,0.09371,1.17673,-0.3421,,,
2026-09-29T17:16:58.031799,rayexper,N,156.60838331628918,178.10969931832201,176.28362648372857,37.74415376376613,44.01698804926224,0.0,0.0,0.0,-0.2482,0.3519,-0.05376,-0.31178,0.88421,-0.20579,-0.19319,1.32003,-0.31608,-0.06542,1.6658,-0.43347,-0.39103,0.89561,-0.63006,-0.46435,1.65989,-0.82345,-0.53024,2.09203,-0.95238,-0.56455,2.48222,-1.05143,-0.17699,0.76505,-0.61918,-0.01247,1.70335,-0.79633,0.0564,2.21633,-0.84356,0.12931,2.62542,-0.91111,0.05135,0.71161,-0.56008,0.09344,1.58161,-0.57628,0.00029,1.44454,-0.39691,-0.04358,1.2191,-0.30588,0.23028,0.72006,-0.50657,0.19367,1.38386,-0.49881,0.12735,1.28836,-0.37373,0.08895,1.12889,-0.29523,,,
2026-09-29T17:16:58.270353,rayexper,N,156.16965381658233,178.98436597289736,175.6074251862659,37.33197289876182,44.55165612177067,0.0,0.0,0.0,-0.25138,0.35575,-0.05142,-0.31649,0.8999,-0.19885,-0.19742,1.34806,-0.30694,-0.06123,1.69129,-0.4249,-0.38634,0.90033,-0.61519,-0.46496,1.68016,-0.80156,-0.52804,2.11709,-0.91773,-0.56321,2.509,-1.00433,-0.16634,0.77607,-0.60832,-0.00644,1.73021,-0.77739,0.06308,2.25029,-0.81449,0.13656,2.6659,-0.87014,0.06218,0.71978,-0.55467,0.10189,1.59556,-0.58059,0.00217,1.46744,-0.41341,-0.04344,1.24446,-0.32358,0.2451,0.71963,-0.50482,0.20644,1.39491,-0.5041,0.1368,1.30993,-0.38428,0.09761,1.15093,-0.30565,,,
2026-09-29T17:16:59.015985,rayexper,N,155.86980743442308,177.82602047056056,174.6506551350917,30.18739501581227,37.401625525364274,0.0,0.0,0.0,-0.26621,0.3574,-0.05932,-0.34077,0.92914,-0.19299,-0.23216,1.39723,-0.29312,-0.09181,1.72447,-0.40439,-0.40815,0.9311,-0.55437,-0.49654,1.75392,-0.71196,-0.54652,2.21159,-0.7895,-0.58062,2.60845,-0.84286,-0.17256,0.81211,-0.5574,-0.00431,1.799,-0.71503,0.07538,2.35464,-0.74188,0.1503,2.78498,-0.77874,0.06305,0.75274,-0.5205,0.1026,1.65927,-0.58661,-0.00165,1.52583,-0.45898,-0.04534,1.29161,-0.37557,0.25365,0.74572,-0.48407,0.20896,1.46635,-0.51283,0.13449,1.37242,-0.40884,0.10433,1.1914,-0.33037,,,
2026-09-29T17:16:59.338755,rayexper,N,155.8666134528893,179.0354258935807,175.43548563623608,30.289219770870876,38.28190885845698,0.0,0.0,0.0,-0.25726,0.36842,-0.05087,-0.32481,0.92934,-0.19194,-0.20901,1.38725,-0.29876,-0.06635,1.72219,-0.41617,-0.40958,0.93292,-0.57588,-0.48095,1.7353,-0.75345,-0.5326,2.184,-0.8558,-0.56575,2.57894,-0.9292,-0.18335,0.79246,-0.58171,0.00112,1.78031,-0.7475,0.08872,2.3287,-0.78216,0.17039,2.75501,-0.83163,0.05508,0.72553,-0.54592,0.1194,1.65189,-0.5999,0.02547,1.50971,-0.45271,-0.01719,1.26524,-0.36478,0.24971,0.72167,-0.51195,0.22781,1.44964,-0.53515,0.15769,1.35465,-0.42451,0.12098,1.18028,-0.34531,,,
2026-09-29T17:17:00.125819,rayexper,N,155.32033466042708,178.440272571195,175.71862544555515,26.699417097533143,33.33345939003069,0.0,0.0,0.0,-0.27542,0.36344,-0.0695,-0.3506,0.94401,-0.20343,-0.23347,1.42984,-0.30236,-0.08387,1.7662,-0.411,-0.4242,0.9323,-0.5481,-0.50986,1.75472,-0.71328,-0.56009,2.22339,-0.80234,-0.59895,2.62861,-0.86409,-0.18378,0.81518,-0.54928,-0.00633,1.81068,-0.70646,0.08169,2.39771,-0.74375,0.16272,2.84245,-0.79111,0.05685,0.75967,-0.5128,0.10847,1.70061,-0.58499,0.00285,1.5605,-0.46495,-0.04212,1.30362,-0.38683,0.25041,0.75981,-0.47802,0.21487,1.5073,-0.52158,0.13398,1.40347,-0.42645,0.09796,1.20595,-0.35247,,,
2026-09-29T17:17:00.292923,rayexper,N,154.59155926982723,178.90729984782416,176.29534722851244,27.00252570289279,33.194242182468265,0.0,0.0,0.0,-0.26959,0.36271,-0.07193,-0.34532,0.94984,-0.20765,-0.22321,1.43873,-0.30761,-0.06587,1.77281,-0.41774,-0.40897,0.93604,-0.55859,-0.49542,1.74897,-0.72874,-0.54864,2.21068,-0.82469,-0.58944,2.61172,-0.89233,-0.16994,0.81211,-0.55822,0.00074,1.79698,-0.71506,0.08361,2.38044,-0.75705,0.16586,2.8234,-0.81108,0.06908,0.7517,-0.5198,0.1181,1.69215,-0.58622,0.0085,1.55051,-0.46504,-0.03761,1.29102,-0.38961,0.25967,0.75011,-0.48388,0.22409,1.50323,-0.52483,0.14197,1.40169,-0.43138,0.1072,1.20384,-0.36065,,,
2026-09-29T17:17:00.428517,rayexper,N,155.49679463889004,178.71933012187054,175.77274018254815,27.162604218915394,33.04124529845852,0.0,0.0,0.0,-0.27152,0.36886,-0.06736,-0.34406,0.95631,-0.2023,-0.22862,1.43828,-0.30142,-0.07613,1.7746,-0.41143,-0.40976,0.938,-0.55864,-0.50039,1.75344,-0.72797,-0.55373,2.21842,-0.82236,-0.59402,2.62252,-0.88832,-0.17198,0.81078,-0.55952,0.00082,1.80741,-0.71644,0.08252,2.38422,-0.75256,0.16064,2.82352,-0.80076,0.06664,0.75006,-0.52213,0.11713,1.69572,-0.59096,0.01021,1.55836,-0.46858,-0.03551,1.29769,-0.39068,0.25835,0.74833,-0.48625,0.22255,1.50654,-0.52829,0.14329,1.40537,-0.43303,0.10833,1.20433,-0.36007,,,
2026-09-29T17:17:00.560133,rayexper,N,155.0448569922155,178.56574584427221,175.79297364644236,27.282116880338396,32.17106809575137,0.0,0.0,0.0,-0.27011,0.37325,-0.07572,-0.34282,0.96775,-0.21516,-0.2239,1.45365,-0.31834,-0.06532,1.78787,-0.43235,-0.41151,0.93664,-0.5683,-0.4994,1.76598,-0.73798,-0.55171,2.23532,-0.83012,-0.59226,2.64045,-0.8941,-0.17004,0.80489,-0.56854,0.0019,1.80328,-0.72964,0.08344,2.39536,-0.76979,0.16078,2.84037,-0.82074,0.07193,0.7488,-0.53097,0.12198,1.7117,-0.60481,0.01025,1.58135,-0.48747,-0.03874,1.31905,-0.41257,0.26466,0.75944,-0.49544,0.22796,1.53162,-0.54254,0.14266,1.42983,-0.45141,0.10596,1.22076,-0.38109,,,
2026-09-29T17:17:00.634229,rayexper,N,154.69640010545172,178.71881708786262,176.12421374956483,27.277199417990175,32.69485887851181,0.0,0.0,0.0,-0.27601,0.37644,-0.07581,-0.35075,0.98533,-0.21597,-0.22792,1.48337,-0.32036,-0.06236,1.82266,-0.4359,-0.41094,0.93834,-0.56444,-0.50275,1.78862,-0.73651,-0.55781,2.26784,-0.83118,-0.60292,2.67942,-0.89649,-0.1669,0.80636,-0.56738,0.00427,1.82777,-0.72513,0.08604,2.42691,-0.76453,0.16381,2.87258,-0.81525,0.07584,0.74269,-0.53314,0.12839,1.72828,-0.60807,0.01712,1.60364,-0.49081,-0.03028,1.33704,-0.41506,0.27135,0.74258,-0.50102,0.23885,1.52938,-0.55144,0.15115,1.43281,-0.46102,0.11226,1.22429,-0.3903,,,
2026-09-29T17:17:00.762920,rayexper,N,154.86319905873148,178.73663918335183,176.01276174396307,26.435439132598944,31.866900559338365,0.0,0.0,0.0,-0.27071,0.37068,-0.07207,-0.34345,0.97183,-0.2125,-0.22087,1.46025,-0.31713,-0.05961,1.79844,-0.43271,-0.41399,0.94474,-0.56804,-0.50456,1.78447,-0.74023,-0.55533,2.25888,-0.83512,-0.59584,2.66867,-0.90155,-0.17223,0.80242,-0.57137,0.00369,1.8188,-0.73127,0.08735,2.40816,-0.77046,0.16445,2.85354,-0.82191,0.07062,0.73432,-0.53661,0.12603,1.71479,-0.61043,0.02142,1.5787,-0.48872,-0.02346,1.31327,-0.41119,0.26614,0.73295,-0.50364,0.23451,1.51518,-0.55218,0.15316,1.41121,-0.45847,0.11705,1.20451,-0.38613,,,
2026-09-29T17:17:00.900232,rayexper,N,154.51260249365944,179.23665146383118,176.470926299211,27.151414018039784,32.62576680497843,0.0,0.0,0.0,-0.26613,0.37209,-0.05926,-0.34506,0.96597,-0.19039,-0.22682,1.45469,-0.2861,-0.06614,1.7969,-0.39246,-0.40865,0.93953,-0.5559,-0.4997,1.77122,-0.73009,-0.55386,2.2445,-0.83135,-0.59554,2.65202,-0.90227,-0.16707,0.81133,-0.56021,0.00095,1.82797,-0.71317,0.08369,2.39831,-0.74979,0.16152,2.83394,-0.80101,0.07404,0.75324,-0.52584,0.12252,1.71887,-0.58817,0.02026,1.5779,-0.46162,-0.02343,1.31407,-0.38372,0.26934,0.75291,-0.49286,0.23063,1.51987,-0.53137,0.15383,1.41294,-0.43384,0.12125,1.21064,-0.36046,,,
2026-09-29T17:17:00.988894,rayexper,N,154.78862489316697,178.86400712918265,176.5601549795837,24.474807818076325,30.005574767187966,0.0,0.0,0.0,-0.26938,0.37352,-0.06292,-0.35034,0.97722,-0.1893,-0.2355,1.47551,-0.2834,-0.07579,1.81482,-0.38804,-0.41375,0.95188,-0.52453,-0.50817,1.7784,-0.69172,-0.56172,2.24902,-0.78622,-0.60292,2.65186,-0.85097,-0.17041,0.8292,-0.53234,-0.00941,1.8375,-0.68233,0.07682,2.41419,-0.72134,0.15795,2.85256,-0.77105,0.07134,0.7665,-0.50459,0.11909,1.72147,-0.57955,0.02055,1.57776,-0.46668,-0.02139,1.31221,-0.39225,0.26863,0.7592,-0.47788,0.22855,1.52362,-0.52745,0.15309,1.41055,-0.4369,0.12269,1.20319,-0.36514,,,
2026-09-29T17:17:01.095873,rayexper,N,154.64358036089084,179.1766605359399,176.05449771494128,28.259438047486714,34.85742377641022,0.0,0.0,0.0,-0.26784,0.36371,-0.06748,-0.34088,0.9416,-0.20833,-0.21652,1.41894,-0.31187,-0.06192,1.75529,-0.42613,-0.40721,0.92656,-0.57865,-0.49687,1.73378,-0.75744,-0.55239,2.19699,-0.86193,-0.59184,2.60084,-0.93642,-0.17103,0.79826,-0.57752,-0.00137,1.79442,-0.73753,0.08057,2.36068,-0.77534,0.15988,2.79836,-0.82807,0.06823,0.73773,-0.53685,0.1181,1.68089,-0.59687,0.0143,1.53787,-0.46358,-0.03015,1.2803,-0.38347,0.26085,0.73575,-0.49869,0.22444,1.48481,-0.53362,0.148,1.38577,-0.43375,0.11298,1.19536,-0.3606,,,
2026-09-29T17:17:01.264823,rayexper,N,154.864550176104,179.23598318833317,175.9744189366175,29.478562305814137,36.02455171379648,0.0,0.0,0.0,-0.26404,0.36591,-0.06622,-0.33437,0.94258,-0.20729,-0.21035,1.41566,-0.31147,-0.05781,1.74772,-0.42606,-0.39995,0.92825,-0.57814,-0.48366,1.73722,-0.75744,-0.5387,2.19673,-0.86304,-0.57993,2.59775,-0.93876,-0.16598,0.79943,-0.57738,0.00422,1.78757,-0.73804,0.08559,2.35218,-0.77612,0.16368,2.78754,-0.82914,0.07221,0.73544,-0.53692,0.12172,1.67926,-0.59449,0.01823,1.54338,-0.45828,-0.02753,1.28873,-0.37687,0.26362,0.72836,-0.49929,0.22766,1.47597,-0.53247,0.15104,1.38277,-0.4317,0.11486,1.1953,-0.3581,,,
2026-09-29T17:17:01.392045,rayexper,N,155.0682040448704,178.93017269368454,176.0820402376321,27.790461277777016,33.63330136305963,0.0,0.0,0.0,-0.26944,0.35717,-0.072,-0.34935,0.94678,-0.21059,-0.23579,1.43885,-0.31148,-0.07935,1.78203,-0.42289,-0.41633,0.92878,-0.57635,-0.50205,1.75939,-0.75287,-0.5529,2.232,-0.85308,-0.59043,2.64324,-0.92363,-0.17968,0.79752,-0.57592,-0.00379,1.80706,-0.73703,0.07858,2.39032,-0.77756,0.15685,2.83425,-0.83062,0.05854,0.73484,-0.53649,0.11504,1.7003,-0.60521,0.00887,1.56957,-0.48061,-0.0382,1.31023,-0.4029,0.25105,0.73431,-0.49926,0.22216,1.49782,-0.54332,0.14091,1.40138,-0.44927,0.10184,1.20375,-0.37757,,,
2026-09-29T17:17:01.656557,rayexper,N,154.44418750610137,179.15013926327387,176.19644569148943,27.864293475914806,34.12215388442823,0.0,0.0,0.0,-0.26384,0.36668,-0.07166,-0.33683,0.95665,-0.21117,-0.21311,1.43857,-0.31371,-0.05326,1.76903,-0.42657,-0.39844,0.93768,-0.57077,-0.48526,1.76076,-0.74609,-0.53811,2.22836,-0.84701,-0.57777,2.63446,-0.91863,-0.16055,0.80563,-0.57024,0.01244,1.80657,-0.73016,0.09319,2.38304,-0.7714,0.17024,2.82722,-0.82559,0.0783,0.73883,-0.53079,0.12878,1.69207,-0.59641,0.02316,1.55344,-0.46917,-0.02227,1.29641,-0.39066,0.2695,0.7334,-0.49395,0.2339,1.49336,-0.53396,0.15555,1.39489,-0.43676,0.12144,1.20185,-0.36397,,,
2026-09-29T17:17:01.892385,rayexper,N,154.6816516038836,178.5796132066094,175.93423940976777,26.54653189376016,32.41852211598825,0.0,0.0,0.0,-0.26984,0.36209,-0.08231,-0.34393,0.95724,-0.22601,-0.22228,1.4471,-0.3315,-0.05876,1.78633,-0.44745,-0.40332,0.93625,-0.57448,-0.49113,1.77332,-0.74743,-0.54266,2.24342,-0.84151,-0.58376,2.65147,-0.90618,-0.16365,0.80338,-0.57254,0.0089,1.82229,-0.73162,0.08906,2.4061,-0.76935,0.16538,2.84837,-0.81867,0.07421,0.73738,-0.53338,0.12748,1.71006,-0.60969,0.0198,1.57581,-0.49098,-0.02583,1.31264,-0.41431,0.26514,0.73627,-0.49667,0.23374,1.50787,-0.54584,0.15144,1.40894,-0.45368,0.11562,1.20647,-0.38236,,,
2026-09-29T17:17:02.034365,rayexper,N,154.55293421086802,178.67399039475876,176.41695404005128,25.49133567359407,30.65037108312063,0.0,0.0,0.0,-0.28109,0.38763,-0.06725,-0.35671,0.99948,-0.19762,-0.23519,1.49485,-0.29407,-0.06994,1.83206,-0.40069,-0.41829,0.94894,-0.5385,-0.50865,1.78139,-0.70717,-0.56043,2.25773,-0.80124,-0.60289,2.66549,-0.86503,-0.16977,0.82016,-0.54636,0.00163,1.84694,-0.69838,0.08556,2.44277,-0.73709,0.16372,2.8858,-0.78623,0.07477,0.75754,-0.51819,0.12882,1.74015,-0.59701,0.0219,1.61292,-0.48765,-0.02509,1.34262,-0.41418,0.27211,0.75537,-0.49088,0.23783,1.5436,-0.5438,0.15499,1.43974,-0.45505,0.11868,1.22383,-0.38361,,,
2026-09-29T17:17:02.229031,rayexper,N,155.15455413842864,178.5593843934665,176.4681302640699,25.87257875388024,29.51614768677367,0.0,0.0,0.0,-0.28512,0.37987,-0.07667,-0.36489,0.99997,-0.21316,-0.25052,1.50577,-0.31268,-0.08528,1.85372,-0.4209,-0.42394,0.9393,-0.56293,-0.51927,1.79832,-0.73821,-0.56847,2.29266,-0.8368,-0.60877,2.71378,-0.90413,-0.17276,0.8064,-0.56557,0.00214,1.86131,-0.72865,0.08376,2.4813,-0.77526,0.15741,2.93593,-0.83021,0.07418,0.75376,-0.53085,0.12086,1.76831,-0.61436,0.0119,1.64153,-0.50289,-0.03599,1.36482,-0.42767,0.27049,0.77163,-0.49746,0.23562,1.58061,-0.55253,0.15293,1.46983,-0.46216,0.11576,1.24236,-0.38926,,,
2026-09-29T17:17:02.396211,rayexper,N,157.0414532828357,177.6587797289053,175.67785956858324,23.917945360538194,26.99803612234916,0.0,0.0,0.0,-0.28303,0.37656,-0.09632,-0.36056,1.01974,-0.23779,-0.25521,1.55773,-0.34033,-0.09154,1.91931,-0.45047,-0.42753,0.91258,-0.57658,-0.517,1.81427,-0.74835,-0.56589,2.31905,-0.83195,-0.6061,2.7428,-0.88609,-0.17177,0.79952,-0.57556,-0.0028,1.86343,-0.73916,0.08751,2.47833,-0.77561,0.16862,2.91993,-0.81998,0.07945,0.75349,-0.54087,0.12838,1.77464,-0.63863,0.02328,1.65338,-0.53621,-0.02215,1.3702,-0.46249,0.28071,0.7705,-0.50846,0.24169,1.58989,-0.5763,0.15853,1.48403,-0.49764,0.12527,1.24852,-0.43176,,,
2026-09-29T17:17:02.664759,rayexper,N,155.7003152715888,178.5076516745298,176.20979764883242,25.764235308653085,28.956836361333078,0.0,0.0,0.0,-0.27857,0.39693,-0.08303,-0.34707,1.03641,-0.21988,-0.22524,1.55741,-0.31988,-0.05292,1.90232,-0.42748,-0.39479,0.93575,-0.55493,-0.48854,1.81609,-0.73211,-0.53852,2.32183,-0.82947,-0.58019,2.74522,-0.8949,-0.14152,0.81779,-0.55784,0.03048,1.87388,-0.72132,0.11976,2.4963,-0.76411,0.20045,2.94567,-0.81443,0.10883,0.76952,-0.52655,0.15888,1.79059,-0.61616,0.04898,1.66937,-0.50563,0.0019,1.38887,-0.42796,0.30902,0.78362,-0.49773,0.27212,1.6024,-0.56016,0.18688,1.49758,-0.47445,0.15286,1.26794,-0.40311,,,
2026-09-29T17:17:38.827375,rayexper,N,159.85189382773322,177.29942070070362,173.0694925226645,56.068888006549976,59.92654377162002,0.0,0.0,0.0,-0.23124,0.41135,-0.1451,-0.30124,0.98508,-0.26691,-0.26306,1.43987,-0.29482,-0.14561,1.75336,-0.31227,-0.18616,0.87047,-0.76383,-0.16559,1.60021,-1.00613,-0.14805,2.13922,-1.17618,-0.11356,2.56969,-1.28539,-0.00911,0.74929,-0.66218,0.1549,1.65017,-0.77656,0.20231,2.07187,-0.75722,0.2548,2.32529,-0.78196,0.16323,0.70744,-0.52362,0.20758,1.56153,-0.50191,0.07822,1.52355,-0.31993,-0.00404,1.33348,-0.2272,0.27135,0.70851,-0.39692,0.27235,1.37759,-0.3431,0.17511,1.37049,-0.21053,0.12047,1.20398,-0.13281,,,
2026-09-29T17:17:38.980822,rayexper,N,162.62745539792994,175.59654676690977,112.90352396088235,42.24369329453267,48.51048495004175,0.0,0.0,0.0,-0.23267,0.43264,-0.16099,-0.30406,1.0012,-0.26852,-0.30124,1.46704,-0.27906,-0.20315,1.80702,-0.27743,-0.1009,0.89865,-0.73939,0.06389,1.71596,-1.00179,0.20083,2.2545,-1.18461,0.33236,2.65915,-1.2921,0.0712,0.77458,-0.62845,0.20379,1.64852,-0.70089,0.11011,1.79183,-0.63228,0.04684,1.76176,-0.62055,0.22514,0.71457,-0.49789,0.25342,1.56479,-0.50959,0.1166,1.47549,-0.37204,0.03981,1.25773,-0.30164,0.30998,0.72214,-0.37308,0.3044,1.39979,-0.35205,0.19828,1.37787,-0.24589,0.14795,1.1875,-0.18787,,,
2026-09-29T17:17:39.140318,rayexper,N,157.2432485617966,173.97779687003202,174.06038189572845,41.280273600130116,41.613792473631285,0.0,0.0,0.0,-0.2626,0.42422,-0.1287,-0.32427,1.07722,-0.24236,-0.24375,1.59279,-0.29221,-0.07325,1.87703,-0.34426,-0.28202,0.93312,-0.61003,-0.37684,1.73445,-0.80527,-0.40074,2.33637,-0.93158,-0.39856,2.80821,-1.01523,-0.04379,0.83041,-0.55543,0.11499,1.81579,-0.66846,0.16576,2.23944,-0.65813,0.21225,2.48579,-0.67542,0.1694,0.78333,-0.47319,0.19472,1.71405,-0.50147,0.06024,1.66219,-0.36634,-0.01522,1.39944,-0.28755,0.31592,0.79244,-0.40028,0.3008,1.55505,-0.40977,0.19201,1.51213,-0.31278,0.1353,1.28992,-0.24596,,,
2026-09-29T17:17:41.365476,rayexper,N,152.40840171148096,178.5719337733868,176.22661543323915,28.78876570202212,39.532570547615485,0.0,0.0,0.0,-0.2076,0.36425,0.02185,-0.25726,0.81394,-0.02461,-0.16486,1.15337,-0.06145,-0.04248,1.36122,-0.10391,-0.28982,0.9856,-0.25608,-0.40734,1.57718,-0.35418,-0.47507,1.93016,-0.41418,-0.52167,2.21962,-0.45015,-0.10706,0.95706,-0.26941,0.00806,1.67754,-0.34861,0.07329,2.08005,-0.36338,0.13855,2.39202,-0.38211,0.06284,0.91258,-0.25439,0.09106,1.48542,-0.26471,0.0212,1.37313,-0.17816,-0.01259,1.19137,-0.1197,0.19336,0.85725,-0.23658,0.17177,1.32752,-0.21348,0.12399,1.2368,-0.12277,0.09472,1.08115,-0.05302,,,
2026-09-29T17:17:41.505277,rayexper,N,156.41926061849782,177.59258816548515,177.89698343398192,54.690678476923104,70.6515560400481,0.0,0.0,0.0,-0.20881,0.36917,0.05594,-0.26675,0.81256,0.01922,-0.19378,1.15147,0.0054,-0.0966,1.40259,-0.00805,-0.28939,0.99771,-0.34112,-0.412,1.56703,-0.44051,-0.49194,1.92419,-0.51801,-0.53457,2.21894,-0.57647,-0.11002,0.9363,-0.33351,0.00713,1.65673,-0.41863,0.06958,2.08539,-0.44342,0.14284,2.40596,-0.48277,0.06407,0.88956,-0.27828,0.0888,1.49623,-0.2043,0.00919,1.42354,-0.04966,-0.0398,1.27085,0.0267,0.19232,0.8437,-0.22134,0.17077,1.32211,-0.12047,0.11122,1.28606,0.01014,0.06073,1.17658,0.09382,,,
2026-09-29T17:17:41.675242,rayexper,N,154.59707329548618,177.53999074356332,179.16667928930113,48.28937035060727,61.51104617762211,0.0,0.0,0.0,-0.20672,0.38547,0.09748,-0.26428,0.82144,0.0698,-0.18616,1.14808,0.05275,-0.08233,1.38369,0.03402,-0.30459,1.01294,-0.29701,-0.41989,1.57407,-0.40217,-0.50755,1.9329,-0.48804,-0.55786,2.22251,-0.55317,-0.13237,0.93916,-0.31694,-0.00563,1.67063,-0.40602,0.05665,2.09383,-0.43817,0.12532,2.41006,-0.48543,0.04704,0.89515,-0.28854,0.09122,1.50354,-0.21585,0.02691,1.39887,-0.05818,-0.0134,1.23216,0.01857,0.18061,0.85749,-0.25601,0.17168,1.34264,-0.15415,0.12244,1.27351,-0.01901,0.07829,1.1422,0.06671,,,
2026-09-29T17:17:41.824292,rayexper,N,153.52749027491757,177.65142436168873,178.9086309781159,44.85445167938045,55.26650298104472,0.0,0.0,0.0,-0.19868,0.3913,0.10047,-0.25226,0.82581,0.07258,-0.16824,1.14927,0.05018,-0.06056,1.3674,0.02473,-0.29527,1.03157,-0.27633,-0.40876,1.59239,-0.37651,-0.49576,1.94858,-0.45646,-0.54689,2.23266,-0.51772,-0.12668,0.94408,-0.30441,0.00418,1.67519,-0.40428,0.06989,2.10631,-0.44365,0.14202,2.42713,-0.49263,0.05038,0.88596,-0.28467,0.09989,1.50964,-0.22987,0.038,1.3972,-0.0789,-0.00259,1.22949,-0.00143,0.18589,0.83548,-0.25966,0.18414,1.33197,-0.17035,0.13847,1.24272,-0.03705,0.09668,1.10002,0.05,,,
2026-09-29T17:17:41.997043,rayexper,N,153.0710953425729,178.0301303543421,177.9892926539415,49.189057982472654,61.16476341142016,0.0,0.0,0.0,-0.21024,0.39163,0.08139,-0.26663,0.8272,0.04888,-0.18372,1.15304,0.03127,-0.07047,1.3778,0.01173,-0.2986,1.00819,-0.31641,-0.41897,1.58416,-0.42755,-0.49945,1.94979,-0.51395,-0.54689,2.246,-0.57666,-0.1184,0.93682,-0.32916,0.0073,1.6784,-0.41867,0.07411,2.10369,-0.44491,0.1461,2.42241,-0.48502,0.06029,0.89162,-0.29516,0.09808,1.51653,-0.23378,0.02525,1.42904,-0.0829,-0.02195,1.26371,-0.0054,0.19226,0.84645,-0.25719,0.18149,1.34665,-0.1667,0.12767,1.28565,-0.03575,0.07995,1.15425,0.0509,,,
2026-09-29T17:17:42.113987,rayexper,N,153.39497939935785,178.37415407437987,177.82882616108762,45.26894732920518,57.14325485158496,0.0,0.0,0.0,-0.2145,0.36659,0.06456,-0.2792,0.80485,0.02748,-0.19981,1.1454,0.00626,-0.08944,1.37924,-0.01665,-0.3068,0.9973,-0.31655,-0.42525,1.57929,-0.43049,-0.5067,1.9456,-0.51757,-0.55555,2.24425,-0.57989,-0.12522,0.93674,-0.32685,-0.00327,1.67493,-0.41957,0.06163,2.10241,-0.44785,0.13359,2.42683,-0.48782,0.05216,0.89323,-0.29357,0.08541,1.5164,-0.24627,0.01379,1.42111,-0.10413,-0.02921,1.25001,-0.02921,0.18389,0.8472,-0.25754,0.16968,1.34053,-0.17994,0.11863,1.2722,-0.05518,0.07485,1.13642,0.02859,,,
2026-09-29T17:17:42.272279,rayexper,N,151.84772354013333,177.7001730569617,178.33587393517965,49.287164064544996,60.52912570953066,0.0,0.0,0.0,-0.20503,0.39282,0.09257,-0.25983,0.82494,0.05658,-0.17172,1.14229,0.03187,-0.05458,1.35883,0.0045,-0.29297,1.01699,-0.31718,-0.40764,1.56991,-0.43123,-0.49069,1.93231,-0.52319,-0.53672,2.22595,-0.59356,-0.12002,0.93303,-0.3392,0.0087,1.66092,-0.44323,0.07356,2.08972,-0.47941,0.14601,2.40989,-0.52845,0.05903,0.87994,-0.31188,0.1041,1.50141,-0.24877,0.0394,1.39985,-0.08406,-0.00308,1.2346,-0.00113,0.19148,0.83144,-0.28104,0.18521,1.32864,-0.18555,0.13546,1.25476,-0.04566,0.09007,1.12094,0.04429,,,
2026-09-29T17:17:42.448481,rayexper,N,153.4446101993942,177.9902912726295,178.60819357234593,46.06473241763974,57.000242108186406,0.0,0.0,0.0,-0.21165,0.39554,0.08554,-0.26323,0.83334,0.05882,-0.17535,1.15799,0.0441,-0.06568,1.37978,0.02787,-0.29477,1.02152,-0.29176,-0.40984,1.5737,-0.39393,-0.49121,1.92582,-0.47503,-0.53968,2.21226,-0.5355,-0.11807,0.94399,-0.30813,0.00772,1.66962,-0.40007,0.06845,2.09209,-0.43191,0.13631,2.40629,-0.47507,0.05929,0.89218,-0.27829,0.09651,1.51429,-0.22406,0.02634,1.41588,-0.07929,-0.01723,1.24784,-0.00353,0.18942,0.84113,-0.24371,0.17928,1.34593,-0.15752,0.12682,1.27402,-0.02926,0.08188,1.13201,0.05603,,,
2026-09-29T17:17:42.546692,rayexper,N,152.99564894585453,178.14644711561945,178.52753481223132,43.739613516883416,54.64296628325569,0.0,0.0,0.0,-0.20297,0.38262,0.08015,-0.2585,0.82224,0.04842,-0.17081,1.14598,0.02915,-0.05865,1.37514,0.00798,-0.29499,1.01668,-0.29944,-0.41037,1.57634,-0.40568,-0.495,1.93234,-0.48895,-0.54598,2.22283,-0.55062,-0.12289,0.94066,-0.31632,0.0052,1.67884,-0.40928,0.07105,2.10209,-0.44068,0.14081,2.42451,-0.48459,0.05387,0.89223,-0.28784,0.10098,1.51524,-0.23716,0.04017,1.4095,-0.09184,0.00197,1.2368,-0.01674,0.18776,0.84962,-0.25524,0.17951,1.34969,-0.1734,0.13435,1.26958,-0.04607,0.09348,1.12669,0.03774,,,
2026-09-29T17:17:42.697985,rayexper,N,154.0143699836181,178.50521517183,178.2500880807838,43.60575373335497,57.29784846589627,0.0,0.0,0.0,-0.20107,0.40342,0.06639,-0.25399,0.85814,0.02407,-0.16876,1.19997,-0.00676,-0.05169,1.43057,-0.04233,-0.29775,1.02181,-0.31074,-0.41113,1.59381,-0.425,-0.49453,1.9533,-0.51094,-0.54677,2.24607,-0.57253,-0.12317,0.936,-0.32974,0.01791,1.67916,-0.42506,0.08781,2.11787,-0.45635,0.15983,2.44815,-0.49976,0.05911,0.87608,-0.30656,0.11813,1.53691,-0.27323,0.04568,1.45587,-0.1376,-0.00091,1.28238,-0.06482,0.19825,0.83019,-0.27958,0.19887,1.35857,-0.21993,0.14439,1.31054,-0.10446,0.09565,1.18416,-0.02574,,,
2026-09-29T17:17:42.845624,rayexper,N,153.27426172781458,179.39317665097704,177.00965539138622,43.290641684089614,58.06677362593286,0.0,0.0,0.0,-0.21114,0.3868,0.06569,-0.27071,0.83574,0.03057,-0.18394,1.18455,0.0083,-0.06841,1.41513,-0.0167,-0.3076,1.01008,-0.30401,-0.42805,1.61943,-0.41797,-0.50647,1.99496,-0.49634,-0.55625,2.29489,-0.54946,-0.13037,0.93807,-0.32097,0.00536,1.71974,-0.4165,0.08005,2.16315,-0.43969,0.15408,2.49417,-0.47237,0.05223,0.88924,-0.29703,0.10787,1.57769,-0.274,0.03489,1.49905,-0.14109,-0.01312,1.3231,-0.06291,0.19287,0.84345,-0.26844,0.19137,1.38926,-0.21423,0.1347,1.3458,-0.09896,0.08381,1.21917,-0.01609,,,
2026-09-29T17:17:43.021044,rayexper,N,154.00764018041448,178.31287450691354,178.23852063026064,46.33717030788642,59.64598949375233,0.0,0.0,0.0,-0.20139,0.40819,0.07233,-0.25274,0.86645,0.02933,-0.16599,1.20442,-2e-05,-0.04862,1.4359,-0.03409,-0.29785,1.02828,-0.33199,-0.41052,1.60202,-0.45269,-0.49351,1.96582,-0.54508,-0.54145,2.2624,-0.61242,-0.12402,0.92856,-0.34986,0.02171,1.68436,-0.45045,0.0931,2.12279,-0.4827,0.16929,2.45718,-0.52879,0.05846,0.86642,-0.32278,0.11915,1.54585,-0.28274,0.04223,1.465,-0.13756,-0.00878,1.29619,-0.06155,0.1982,0.82358,-0.29158,0.20021,1.36063,-0.22499,0.14391,1.31314,-0.10399,0.09131,1.1907,-0.02324,,,
2026-09-29T17:17:43.168216,rayexper,N,152.7742697596314,178.5529254536191,177.6159413549269,47.241788739159794,62.38890476691835,0.0,0.0,0.0,-0.20632,0.39854,0.08458,-0.26482,0.84354,0.04817,-0.18211,1.1804,0.02204,-0.06271,1.40394,-0.00877,-0.30774,1.02251,-0.31158,-0.42132,1.6017,-0.43008,-0.5053,1.96509,-0.51808,-0.5573,2.25648,-0.58028,-0.12989,0.93274,-0.33633,0.01143,1.69182,-0.43562,0.08525,2.13071,-0.46378,0.15889,2.46268,-0.50373,0.05414,0.87906,-0.31663,0.10826,1.56814,-0.28233,0.03824,1.49861,-0.14064,-0.0096,1.33251,-0.06253,0.19455,0.83735,-0.29133,0.1919,1.37809,-0.22721,0.13807,1.33948,-0.10672,0.08597,1.22445,-0.02345,,,
2026-09-29T17:17:43.347711,rayexper,N,154.2475564563525,177.97538275136213,178.2912254843698,51.177337725831826,66.0803725805574,0.0,0.0,0.0,-0.19741,0.42232,0.07605,-0.25368,0.88026,0.03364,-0.16912,1.21483,0.00676,-0.05927,1.44932,-0.02485,-0.2933,1.03318,-0.34643,-0.41423,1.59735,-0.47681,-0.50332,1.96471,-0.58003,-0.55595,2.25877,-0.65499,-0.12552,0.9232,-0.36323,0.02426,1.68974,-0.46665,0.09714,2.13349,-0.49962,0.17146,2.46713,-0.54794,0.05807,0.85898,-0.33376,0.12304,1.56571,-0.2875,0.04965,1.50407,-0.13242,-0.00296,1.34203,-0.05188,0.20153,0.80938,-0.30041,0.21166,1.35995,-0.22957,0.15438,1.33296,-0.10319,0.09987,1.22234,-0.01894,,,
2026-09-29T17:17:43.478155,rayexper,N,152.56135766766914,178.60393578920164,177.24277432923702,55.79106790183567,77.59078191618282,0.0,0.0,0.0,-0.20289,0.41479,0.08515,-0.263,0.85879,0.04409,-0.1804,1.1899,0.01612,-0.06185,1.41589,-0.01666,-0.30075,1.02713,-0.33488,-0.41806,1.59507,-0.45789,-0.50263,1.95311,-0.54972,-0.55305,2.24305,-0.6152,-0.12829,0.92544,-0.3565,0.01336,1.68561,-0.45913,0.08644,2.12709,-0.48576,0.15995,2.46227,-0.52558,0.05549,0.86526,-0.33147,0.10771,1.5622,-0.28992,0.03458,1.52044,-0.13792,-0.01714,1.37334,-0.05513,0.19793,0.82142,-0.30096,0.19543,1.36505,-0.22864,0.13681,1.36318,-0.10267,0.07971,1.28102,-0.01711,,,
2026-09-29T17:17:43.613111,rayexper,N,153.33452895318294,179.68487391848146,177.74478488287548,39.36555860986274,56.447063047011056,0.0,0.0,0.0,-0.20695,0.42277,0.04195,-0.26376,0.89056,-0.01049,-0.17721,1.24809,-0.05082,-0.05155,1.47647,-0.09683,-0.29757,1.0215,-0.31124,-0.42317,1.62731,-0.42569,-0.50545,1.9942,-0.50297,-0.56277,2.2916,-0.55465,-0.11591,0.93731,-0.32865,0.03074,1.71759,-0.4207,0.10405,2.1749,-0.44668,0.17136,2.51411,-0.48362,0.06934,0.87601,-0.3094,0.12893,1.6029,-0.30669,0.04741,1.54423,-0.19772,-0.00672,1.35828,-0.13377,0.21167,0.83276,-0.28577,0.21499,1.39663,-0.26053,0.15083,1.37218,-0.16715,0.09529,1.25327,-0.09846,,,
2026-09-29T17:17:43.764572,rayexper,N,154.3273574146098,178.96072541366334,177.98995333875598,42.091491294163355,59.40436878682086,0.0,0.0,0.0,-0.20063,0.41354,0.04899,-0.25696,0.87405,-0.00267,-0.17423,1.22271,-0.04139,-0.05942,1.45233,-0.08579,-0.29738,1.02206,-0.3222,-0.42273,1.60813,-0.44238,-0.50511,1.97546,-0.5288,-0.55844,2.26826,-0.58904,-0.12248,0.93298,-0.33843,0.02152,1.69525,-0.43625,0.09546,2.14819,-0.46706,0.16754,2.48467,-0.50914,0.05984,0.86962,-0.31527,0.122,1.56667,-0.29857,0.04658,1.50418,-0.1748,-0.00369,1.32406,-0.10579,0.20118,0.82281,-0.28865,0.21265,1.36794,-0.24966,0.15311,1.34338,-0.14706,0.09807,1.22973,-0.07433,,,
2026-09-29T17:17:43.938511,rayexper,N,153.3250524884354,177.9393973533605,178.12596709327104,49.91903838760569,64.85887628878976,0.0,0.0,0.0,-0.20227,0.4247,0.08175,-0.25592,0.88169,0.03707,-0.16947,1.2134,0.00596,-0.05089,1.44156,-0.03118,-0.30058,1.03202,-0.3467,-0.42036,1.59745,-0.47764,-0.51147,1.96007,-0.58031,-0.56534,2.25399,-0.6549,-0.1301,0.92056,-0.36831,0.0226,1.68794,-0.47346,0.09552,2.13047,-0.50617,0.1725,2.46726,-0.5543,0.05574,0.8552,-0.3428,0.12169,1.55927,-0.29934,0.04779,1.49097,-0.14427,-0.00297,1.32729,-0.06339,0.20076,0.80891,-0.31269,0.21086,1.35998,-0.2437,0.15614,1.32701,-0.11659,0.10306,1.21651,-0.03179,,,
2026-09-29T17:17:44.100748,rayexper,N,152.07011719148574,178.08136963886793,178.018700355506,49.80307875215103,66.87587178641748,0.0,0.0,0.0,-0.19952,0.42627,0.0918,-0.25709,0.87764,0.05373,-0.16884,1.20928,0.02652,-0.04806,1.42895,-0.00653,-0.29883,1.03638,-0.32456,-0.41804,1.60683,-0.44955,-0.50531,1.97264,-0.5468,-0.55802,2.26438,-0.61732,-0.12792,0.92761,-0.35096,0.02344,1.70191,-0.45299,0.09953,2.142,-0.48278,0.17643,2.4718,-0.52713,0.05846,0.86015,-0.33051,0.12219,1.56518,-0.28643,0.0504,1.49457,-0.12983,0.00141,1.32843,-0.04614,0.20589,0.80702,-0.30479,0.21331,1.35841,-0.23443,0.1568,1.32834,-0.10582,0.10392,1.22264,-0.01895,,,
2026-09-29T17:17:44.226649,rayexper,N,153.0680699265923,177.6633395143059,178.1766745995931,53.705499641275885,69.92470732004088,0.0,0.0,0.0,-0.19304,0.42497,0.09727,-0.24834,0.87483,0.05878,-0.16293,1.20378,0.03246,-0.04599,1.42995,9e-05,-0.29482,1.03844,-0.33903,-0.41502,1.60283,-0.46933,-0.50792,1.96819,-0.57376,-0.5624,2.26416,-0.65089,-0.13353,0.92078,-0.36653,0.02019,1.69136,-0.47205,0.09732,2.12811,-0.50414,0.17416,2.46381,-0.55242,0.04945,0.84895,-0.34526,0.12399,1.5539,-0.29465,0.05846,1.49187,-0.12995,0.00904,1.34025,-0.04472,0.19641,0.79255,-0.31883,0.2147,1.34356,-0.24223,0.16194,1.31979,-0.10835,0.10759,1.22067,-0.02003,,,
2026-09-29T17:17:44.399273,rayexper,N,153.77695539018015,177.25370644006966,178.83182130282998,50.030773075186644,64.46296405733308,0.0,0.0,0.0,-0.18003,0.41947,0.10776,-0.22969,0.86464,0.07026,-0.14133,1.18275,0.04263,-0.03035,1.41368,0.01135,-0.28828,1.03768,-0.33278,-0.40042,1.58426,-0.45554,-0.4887,1.93998,-0.55635,-0.53877,2.23194,-0.63445,-0.13156,0.92185,-0.36453,0.02629,1.66975,-0.47302,0.10197,2.10171,-0.51276,0.17716,2.42979,-0.56998,0.05073,0.84977,-0.34425,0.13064,1.52006,-0.27655,0.07426,1.41422,-0.09594,0.03173,1.24771,-0.00771,0.19631,0.79539,-0.3198,0.21781,1.32201,-0.22494,0.17101,1.26471,-0.07938,0.12539,1.14787,0.01221,,,
2026-09-29T17:17:44.521042,rayexper,N,154.16456092904681,177.27376308666913,178.68620164946935,54.239790192008904,70.78144252902331,0.0,0.0,0.0,-0.18529,0.42114,0.10066,-0.23817,0.86011,0.05438,-0.15328,1.1824,0.02093,-0.04483,1.41792,-0.01692,-0.29382,1.0295,-0.35869,-0.41102,1.59157,-0.49097,-0.50203,1.95673,-0.59879,-0.55281,2.25456,-0.68134,-0.12975,0.91339,-0.38586,0.02359,1.6705,-0.4995,0.09632,2.10254,-0.54065,0.16884,2.43741,-0.59906,0.05397,0.8461,-0.36029,0.12311,1.52385,-0.2943,0.06134,1.44421,-0.11597,0.01646,1.2922,-0.02993,0.19874,0.79866,-0.33075,0.21245,1.32198,-0.23827,0.16244,1.2858,-0.09603,0.11318,1.18832,-0.00678,,,
2026-09-29T17:17:44.700409,rayexper,N,153.00709484577234,176.13105257549915,179.43452288980583,53.918484190630295,65.2002575373634,0.0,0.0,0.0,-0.18477,0.41574,0.11487,-0.23988,0.85197,0.06849,-0.15438,1.1615,0.03502,-0.04288,1.39459,-0.00329,-0.29368,1.02215,-0.37218,-0.40424,1.57584,-0.50147,-0.49997,1.93536,-0.61257,-0.55328,2.23376,-0.70123,-0.1318,0.90709,-0.39977,0.02326,1.6587,-0.50897,0.09661,2.085,-0.55055,0.17317,2.41885,-0.61547,0.05285,0.83981,-0.36979,0.12544,1.48812,-0.27888,0.0665,1.38177,-0.08418,0.02321,1.21972,0.00216,0.19847,0.7963,-0.33605,0.21109,1.2969,-0.22189,0.16491,1.22504,-0.06812,0.11946,1.10377,0.02246,,,
2026-09-29T17:17:44.859723,rayexper,N,157.19955722810812,176.30557741315917,179.8718708369606,52.48553527787654,63.71473432157136,0.0,0.0,0.0,-0.18016,0.41125,0.12627,-0.2392,0.8481,0.09883,-0.17248,1.16593,0.08107,-0.08446,1.41966,0.05904,-0.29458,1.03099,-0.32458,-0.4116,1.57489,-0.43576,-0.50239,1.92807,-0.53396,-0.55132,2.22201,-0.61308,-0.14032,0.92483,-0.35354,0.00774,1.65717,-0.4455,0.07911,2.07421,-0.48007,0.15494,2.39371,-0.53796,0.03826,0.8554,-0.3267,0.11372,1.48071,-0.22717,0.06132,1.36222,-0.03792,0.02261,1.19697,0.04637,0.18333,0.80105,-0.29509,0.20064,1.27904,-0.1751,0.15939,1.19884,-0.02407,0.11879,1.07115,0.06628,,,
2026-09-29T17:17:45.005136,rayexper,N,155.55697032275526,175.85286665046067,179.3771334561565,59.278330019526685,72.77039752843157,0.0,0.0,0.0,-0.17654,0.40539,0.14594,-0.22668,0.82522,0.12925,-0.15181,1.11227,0.12241,-0.06217,1.34266,0.11402,-0.2861,1.02661,-0.30627,-0.40289,1.54364,-0.39689,-0.49125,1.88639,-0.48228,-0.53978,2.17103,-0.55494,-0.13215,0.93423,-0.33128,-0.00059,1.62108,-0.41694,0.06345,2.03009,-0.45284,0.1315,2.34309,-0.51212,0.04166,0.87332,-0.29486,0.09897,1.44789,-0.17028,0.04535,1.34127,0.02687,0.00797,1.1902,0.11066,0.18014,0.82489,-0.25261,0.18617,1.26146,-0.1047,0.13903,1.18891,0.05484,0.0981,1.07599,0.14668,,,
2026-09-29T17:17:45.194561,rayexper,N,152.69194865003135,177.8646871175936,178.25261604197803,38.29060862843325,48.8377445568758,0.0,0.0,0.0,-0.19766,0.38569,0.08179,-0.25654,0.82971,0.0468,-0.17311,1.16465,0.01588,-0.05714,1.38322,-0.0195,-0.3048,1.02237,-0.2678,-0.41634,1.60414,-0.36876,-0.50239,1.9582,-0.44247,-0.55823,2.24278,-0.49632,-0.13413,0.94443,-0.3001,-0.00534,1.67854,-0.39459,0.05746,2.10009,-0.42639,0.12073,2.42334,-0.46749,0.0422,0.88751,-0.29093,0.0969,1.52656,-0.26114,0.03819,1.40792,-0.12914,0.00052,1.23438,-0.05753,0.17727,0.83578,-0.27723,0.17668,1.32472,-0.21682,0.13068,1.23219,-0.09995,0.0896,1.08843,-0.02019,,,
2026-09-29T17:17:45.337777,rayexper,N,155.4191157321748,177.87941349301562,178.4592615351108,49.22783057483957,62.16106416120712,0.0,0.0,0.0,-0.1925,0.38848,0.11909,-0.2495,0.80823,0.09742,-0.17788,1.13239,0.07778,-0.08029,1.3663,0.05562,-0.29376,1.02227,-0.2556,-0.40448,1.57789,-0.34105,-0.48854,1.92265,-0.40741,-0.53574,2.19844,-0.45966,-0.12953,0.94815,-0.29024,-0.00581,1.65788,-0.37942,0.05618,2.0732,-0.40891,0.12287,2.38213,-0.4506,0.04371,0.8943,-0.27548,0.09333,1.50053,-0.2044,0.03639,1.39425,-0.046,-0.00372,1.2393,0.0327,0.17551,0.84341,-0.2548,0.17101,1.30556,-0.14821,0.12612,1.22938,-0.01,0.08217,1.10007,0.07786,,,
2026-09-29T17:17:45.529487,rayexper,N,155.60109771965256,177.7442065785152,176.15741875654257,26.046364531302565,40.64346719736981,0.0,0.0,0.0,-0.21536,0.34269,0.04621,-0.28661,0.77459,0.01439,-0.22324,1.13428,-0.01669,-0.12364,1.38056,-0.05306,-0.35077,0.97547,-0.19158,-0.49203,1.55677,-0.26279,-0.57203,1.90021,-0.29818,-0.62959,2.17849,-0.31697,-0.17733,0.95935,-0.21954,-0.09591,1.65177,-0.29046,-0.04714,2.05827,-0.30257,-0.00433,2.37699,-0.31595,-0.00976,0.92598,-0.21981,0.01742,1.51544,-0.23352,-0.02951,1.4102,-0.15719,-0.05091,1.24177,-0.10231,0.12445,0.8762,-0.21466,0.09823,1.32805,-0.19096,0.05556,1.24649,-0.10584,0.02534,1.09892,-0.03804,,,
2026-09-29T17:17:45.672569,rayexper,N,155.20408949539467,178.1588911918345,176.26152636595302,27.090156927564536,41.89420462024774,0.0,0.0,0.0,-0.20388,0.34595,0.04911,-0.2682,0.7757,0.01817,-0.19902,1.14021,-0.01618,-0.09584,1.36776,-0.05739,-0.33309,0.97454,-0.17518,-0.46579,1.55734,-0.24265,-0.5458,1.89448,-0.2751,-0.60475,2.16237,-0.29263,-0.16335,0.96478,-0.20619,-0.07661,1.64925,-0.27593,-0.02787,2.05466,-0.28864,0.01718,2.36805,-0.30175,0.00367,0.93027,-0.21027,0.03905,1.51,-0.21954,-0.01358,1.39614,-0.1398,-0.03719,1.23404,-0.08343,0.14046,0.87303,-0.21003,0.12252,1.31164,-0.18523,0.07591,1.23141,-0.10128,0.04464,1.09397,-0.03443,,,
2026-09-29T17:17:45.893941,rayexper,N,153.52993151866954,178.53770986540786,176.93732230574614,27.16547476389615,38.73971735082689,0.0,0.0,0.0,-0.20885,0.36061,0.04836,-0.27882,0.79687,0.01317,-0.20644,1.15173,-0.02326,-0.09821,1.37519,-0.06704,-0.33849,0.98433,-0.19832,-0.45814,1.5848,-0.28114,-0.53566,1.93016,-0.32847,-0.59438,2.21048,-0.35571,-0.16443,0.95927,-0.22972,-0.06641,1.67034,-0.30346,-0.01207,2.07888,-0.32074,0.0368,2.40049,-0.33965,0.0056,0.9208,-0.23311,0.0436,1.54229,-0.24606,-0.00903,1.43289,-0.16584,-0.03554,1.26747,-0.10962,0.143,0.86796,-0.2318,0.12283,1.33652,-0.21331,0.07499,1.24496,-0.12843,0.04308,1.09516,-0.06013,,,
2026-09-29T17:17:46.044794,rayexper,N,152.26403641322884,179.37404933364982,177.5232774119438,26.485243464546418,41.02557303616939,0.0,0.0,0.0,-0.19897,0.35761,0.04787,-0.2553,0.78726,0.01443,-0.16758,1.13299,-0.01912,-0.04859,1.34649,-0.05944,-0.31626,0.98507,-0.19236,-0.43305,1.55868,-0.2682,-0.50526,1.89804,-0.31381,-0.55694,2.1735,-0.34261,-0.14661,0.96439,-0.22011,-0.03554,1.64782,-0.28781,0.02621,2.03789,-0.30513,0.07986,2.34505,-0.32626,0.01947,0.91953,-0.21951,0.07231,1.48396,-0.22064,0.01931,1.36115,-0.13706,-0.01059,1.19424,-0.08317,0.15422,0.86096,-0.21503,0.14645,1.28419,-0.18638,0.10152,1.19558,-0.10077,0.0668,1.05858,-0.03547,,,
2026-09-29T17:17:46.200466,rayexper,N,151.09523963248583,179.3409742239688,177.35340106606458,27.83198987985768,41.12662468574963,0.0,0.0,0.0,-0.20509,0.34602,0.06172,-0.27247,0.75501,0.03613,-0.19673,1.08612,0.01024,-0.08172,1.29178,-0.02101,-0.32708,0.98623,-0.18917,-0.44387,1.55988,-0.26851,-0.51676,1.90473,-0.31799,-0.56679,2.18277,-0.3482,-0.15508,0.96313,-0.21983,-0.04954,1.66385,-0.29213,0.00923,2.06413,-0.31153,0.06219,2.37227,-0.33234,0.01242,0.9196,-0.22004,0.05868,1.48365,-0.22014,0.01242,1.36665,-0.13334,-0.01571,1.19789,-0.07514,0.14767,0.85902,-0.2148,0.14026,1.28905,-0.17824,0.10275,1.19203,-0.08404,0.06946,1.04195,-0.01139,,,
2026-09-29T17:17:46.360062,rayexper,N,151.49387847077102,179.21394093998734,176.99027937947324,32.37075109813311,45.44583527264024,0.0,0.0,0.0,-0.20155,0.36238,0.0572,-0.26098,0.79064,0.02152,-0.17052,1.1309,-0.01293,-0.05155,1.34625,-0.05427,-0.31821,0.99102,-0.21949,-0.43553,1.57398,-0.30186,-0.50813,1.92372,-0.35131,-0.55797,2.20368,-0.38283,-0.14277,0.9583,-0.24756,-0.03029,1.65859,-0.32723,0.02826,2.0626,-0.34755,0.08209,2.37846,-0.37064,0.02745,0.91178,-0.24269,0.07276,1.51013,-0.24062,0.0147,1.40463,-0.14553,-0.01899,1.24404,-0.08481,0.16213,0.85359,-0.23274,0.14636,1.3133,-0.19542,0.09741,1.23222,-0.09897,0.05903,1.09,-0.02647,,,
2026-09-29T17:17:46.539586,rayexper,N,151.7037341062418,179.07343661760947,176.76077865963373,28.857978667657555,42.095595098955165,0.0,0.0,0.0,-0.19896,0.36701,0.05585,-0.254,0.78923,0.02242,-0.16782,1.12325,-0.01164,-0.04986,1.32469,-0.05317,-0.29931,0.99468,-0.20682,-0.41332,1.57769,-0.28891,-0.48503,1.92235,-0.3366,-0.53432,2.20058,-0.3662,-0.12592,0.9628,-0.23909,-0.01117,1.66194,-0.31395,0.05453,2.05745,-0.33026,0.11467,2.3678,-0.35012,0.04129,0.91087,-0.24132,0.09655,1.49579,-0.24702,0.03403,1.38273,-0.16031,-0.00504,1.21556,-0.10303,0.17239,0.84352,-0.23852,0.16977,1.29176,-0.21274,0.11825,1.20851,-0.12551,0.07633,1.06935,-0.05813,,,
2026-09-29T17:17:46.675431,rayexper,N,151.0892702154067,179.08407967318433,178.34745517215782,33.71756515715085,45.79262004562221,0.0,0.0,0.0,-0.20008,0.36415,0.07517,-0.26114,0.78365,0.04907,-0.17315,1.11123,0.02318,-0.05865,1.32098,-0.00748,-0.31,1.00508,-0.20913,-0.42231,1.56835,-0.29866,-0.50135,1.91543,-0.36265,-0.55424,2.19333,-0.40576,-0.14146,0.96046,-0.2398,-0.0314,1.66161,-0.32032,0.02656,2.06431,-0.34896,0.08341,2.37588,-0.38151,0.02604,0.91236,-0.23523,0.07318,1.50875,-0.21773,0.01976,1.39029,-0.11086,-0.01464,1.22446,-0.04729,0.15823,0.85446,-0.22545,0.14977,1.30737,-0.17256,0.10594,1.21109,-0.06663,0.06784,1.06264,0.00986,,,
2026-09-29T17:17:46.826526,rayexper,N,150.31856871463373,178.86111824693566,177.3797080677568,27.1149316030687,39.967566284028244,0.0,0.0,0.0,-0.20188,0.34723,0.04546,-0.26212,0.77162,0.01551,-0.17679,1.0986,-0.01151,-0.05363,1.29679,-0.04384,-0.30845,0.99479,-0.20033,-0.4291,1.55506,-0.28363,-0.5028,1.90174,-0.33598,-0.55357,2.17914,-0.36774,-0.13952,0.96422,-0.2254,-0.0348,1.65718,-0.29886,0.02515,2.06328,-0.32022,0.08219,2.377,-0.34273,0.0244,0.91276,-0.22205,0.07828,1.49778,-0.23188,0.02514,1.39553,-0.15284,-0.00788,1.22774,-0.09806,0.15813,0.84409,-0.21378,0.15587,1.29189,-0.18989,0.10913,1.20753,-0.10376,0.07038,1.05898,-0.03558,,,
2026-09-29T17:17:46.980050,rayexper,N,150.54737814495402,178.64164851723757,176.71077712890332,27.29591431030512,39.9000802438632,0.0,0.0,0.0,-0.19995,0.34638,0.05223,-0.26744,0.76857,0.02374,-0.18818,1.10594,-0.00472,-0.06898,1.30253,-0.03831,-0.31335,0.98492,-0.19231,-0.4315,1.56695,-0.27923,-0.50731,1.91836,-0.32933,-0.56162,2.1976,-0.35807,-0.14596,0.96335,-0.22507,-0.03972,1.68265,-0.30382,0.02332,2.09794,-0.32408,0.08087,2.41754,-0.34313,0.01881,0.91361,-0.23003,0.07713,1.5227,-0.24896,0.02831,1.42202,-0.16893,-0.00335,1.25847,-0.10974,0.15422,0.84234,-0.22957,0.15577,1.30437,-0.21248,0.11268,1.22316,-0.12638,0.07499,1.07964,-0.05593,,,
2026-09-29T17:17:47.131086,rayexper,N,153.6750003364068,176.5085743148975,179.860830176644,46.48666978096645,56.23239019498415,0.0,0.0,0.0,-0.19076,0.3908,0.14106,-0.24278,0.80819,0.13418,-0.16002,1.12736,0.12443,-0.0549,1.34812,0.1089,-0.30609,1.02217,-0.22156,-0.41955,1.57025,-0.31693,-0.50995,1.91608,-0.40053,-0.56375,2.19688,-0.46461,-0.14461,0.95314,-0.26574,-0.02872,1.69074,-0.34185,0.02584,2.08425,-0.36968,0.08384,2.39832,-0.41381,0.02989,0.90692,-0.26276,0.08238,1.54388,-0.19204,0.0308,1.43041,-0.0406,-0.00539,1.27483,0.03296,0.17201,0.85754,-0.25197,0.17038,1.32219,-0.15214,0.1315,1.22854,-0.01945,0.09219,1.08883,0.06474,,,
2026-09-29T17:33:09.250994,invitado,N,155.64277337357154,177.7168230463509,178.02914184827426,10.75978310197546,28.611288552442286,0.0,0.0,0.0,-0.30051,0.17351,0.05699,-0.47142,0.56767,0.04478,-0.50299,0.9478,0.02014,-0.46255,1.25613,-0.01416,-0.5586,0.78556,-0.11085,-0.66636,1.41222,-0.17192,-0.73696,1.75669,-0.20455,-0.79657,2.03386,-0.22206,-0.38335,0.90766,-0.17089,-0.47783,1.60501,-0.22042,-0.54418,1.99181,-0.23693,-0.58636,2.26722,-0.25397,-0.1925,0.97574,-0.21282,-0.26505,1.64723,-0.25053,-0.27797,1.50942,-0.21041,-0.26683,1.28368,-0.17421,-0.01237,0.99205,-0.24849,-0.09631,1.51345,-0.26953,-0.13285,1.44278,-0.21978,-0.14686,1.27849,-0.17219,,,
2026-09-29T17:33:09.449713,invitado,N,155.4769374084629,177.6019543610727,177.77921130443897,10.818870390861624,27.956045057640935,0.0,0.0,0.0,-0.30355,0.16411,0.05543,-0.47467,0.55103,0.04429,-0.50687,0.93446,0.02256,-0.46814,1.24628,-0.00836,-0.55799,0.7777,-0.11525,-0.66982,1.39692,-0.17673,-0.74288,1.73729,-0.2086,-0.80433,2.01162,-0.22537,-0.38423,0.90713,-0.17169,-0.47252,1.60486,-0.22065,-0.536,1.99501,-0.23572,-0.57819,2.2743,-0.25169,-0.19489,0.97925,-0.20966,-0.26282,1.6413,-0.24577,-0.2732,1.50673,-0.20468,-0.26202,1.28532,-0.16803,-0.01657,0.99357,-0.24131,-0.09566,1.50119,-0.2596,-0.12693,1.4295,-0.20871,-0.13919,1.26789,-0.16041,,,
2026-09-29T17:33:09.637376,invitado,N,154.78814238563277,177.6054423584382,177.83210527772843,11.96862080022799,30.88908461839139,0.0,0.0,0.0,-0.30653,0.16529,0.05642,-0.4727,0.54977,0.04368,-0.49693,0.93193,0.02012,-0.45219,1.23664,-0.01236,-0.55767,0.78068,-0.1138,-0.68701,1.38414,-0.17625,-0.77099,1.72175,-0.20937,-0.83992,1.98808,-0.22668,-0.38216,0.90855,-0.1688,-0.46764,1.60328,-0.22057,-0.53111,2.00045,-0.2385,-0.5724,2.28204,-0.25606,-0.19429,0.9811,-0.20486,-0.25789,1.64487,-0.23884,-0.27468,1.52599,-0.19973,-0.26823,1.31092,-0.16477,-0.02034,0.99553,-0.23459,-0.09028,1.50144,-0.24827,-0.12641,1.44329,-0.19766,-0.14469,1.28586,-0.14986,,,
2026-09-29T17:33:09.841646,invitado,N,154.30187552890487,177.8267868623449,178.09904395562842,12.790160238928562,32.22114709199331,0.0,0.0,0.0,-0.30541,0.15573,0.05968,-0.47507,0.52054,0.05255,-0.50692,0.89552,0.0344,-0.46755,1.20005,0.00781,-0.55567,0.77122,-0.10116,-0.68924,1.36772,-0.15926,-0.77424,1.70185,-0.18929,-0.84283,1.96713,-0.20398,-0.38587,0.90948,-0.15474,-0.47449,1.59552,-0.20244,-0.53788,1.99054,-0.21879,-0.57877,2.27269,-0.23415,-0.20176,0.98727,-0.1896,-0.26477,1.63208,-0.2196,-0.2831,1.51188,-0.18115,-0.28018,1.30224,-0.14646,-0.02855,1.0036,-0.21793,-0.09758,1.49406,-0.22743,-0.13291,1.43606,-0.17635,-0.15289,1.28433,-0.12804,,,
2026-09-29T17:33:10.037811,invitado,N,155.31396075556125,177.00453309420226,177.96880791772406,12.206599109792263,30.01996273014432,0.0,0.0,0.0,-0.30494,0.17126,0.06106,-0.46903,0.55338,0.04927,-0.49666,0.93066,0.02602,-0.4537,1.23347,-0.00703,-0.55251,0.78418,-0.1139,-0.6842,1.38149,-0.17542,-0.77183,1.71072,-0.20771,-0.84449,1.97149,-0.22428,-0.37792,0.91003,-0.17038,-0.46498,1.60143,-0.21965,-0.52679,1.99341,-0.23482,-0.56688,2.27364,-0.25068,-0.19139,0.97993,-0.20725,-0.25219,1.63646,-0.23823,-0.267,1.51439,-0.19709,-0.26105,1.30121,-0.1616,-0.01753,0.99253,-0.23743,-0.08574,1.4962,-0.24824,-0.11924,1.43038,-0.19522,-0.13704,1.26998,-0.14624,,,
2026-09-29T17:33:10.202978,invitado,N,155.27606199306985,176.51826652411765,178.199094256813,12.350871275358694,28.79847478119279,0.0,0.0,0.0,-0.30379,0.15927,0.06035,-0.4681,0.52126,0.04831,-0.50138,0.89076,0.02536,-0.46604,1.1989,-0.00732,-0.55214,0.7755,-0.116,-0.68962,1.37496,-0.17992,-0.78345,1.7023,-0.2147,-0.86084,1.96267,-0.23193,-0.3779,0.90994,-0.17092,-0.47095,1.59267,-0.22069,-0.53394,1.98434,-0.23584,-0.57315,2.26555,-0.25108,-0.19137,0.98493,-0.2063,-0.25018,1.63485,-0.23696,-0.26597,1.50462,-0.19381,-0.26112,1.28634,-0.15686,-0.0168,0.99766,-0.23508,-0.08494,1.49797,-0.2463,-0.11595,1.42209,-0.19082,-0.13267,1.25615,-0.13926,,,
2026-09-29T17:33:10.397417,invitado,N,154.63800027598043,177.1995562075836,178.3388251527591,12.423748239827551,28.80004642446735,0.0,0.0,0.0,-0.30553,0.14928,0.05644,-0.47886,0.50865,0.04558,-0.51823,0.88275,0.02509,-0.48467,1.19194,-0.0042,-0.56079,0.76806,-0.11606,-0.70235,1.37234,-0.18115,-0.79635,1.70699,-0.21814,-0.87279,1.97264,-0.23678,-0.38407,0.90798,-0.16753,-0.47831,1.58942,-0.21797,-0.54457,1.9892,-0.23606,-0.58645,2.27547,-0.25356,-0.19577,0.99029,-0.19979,-0.25909,1.63108,-0.22985,-0.27633,1.50117,-0.18824,-0.2712,1.28312,-0.15246,-0.02095,1.01143,-0.22588,-0.09214,1.50006,-0.23679,-0.1241,1.42152,-0.18239,-0.14108,1.25518,-0.13136,,,
2026-09-29T17:33:10.601405,invitado,N,154.36409154602617,176.3462654196635,177.89130939150434,11.694203917875138,27.44432319434472,0.0,0.0,0.0,-0.30394,0.1683,0.05717,-0.47252,0.54403,0.0426,-0.50185,0.9224,0.01805,-0.45633,1.22852,-0.01662,-0.55075,0.78211,-0.12397,-0.68583,1.38069,-0.19178,-0.7792,1.70811,-0.22832,-0.85625,1.96818,-0.24622,-0.37391,0.91,-0.17911,-0.46538,1.59714,-0.23171,-0.53088,1.99191,-0.24844,-0.5728,2.28084,-0.26453,-0.18671,0.98143,-0.21465,-0.24191,1.63266,-0.25061,-0.25974,1.50436,-0.21125,-0.25722,1.2889,-0.17578,-0.01191,0.99491,-0.24331,-0.07752,1.49241,-0.25791,-0.11,1.41022,-0.20416,-0.12826,1.24016,-0.15365,,,
2026-09-29T17:33:10.784416,invitado,N,154.1677665106071,176.66056651253976,177.93053278349245,11.549214963836809,27.338678990353333,0.0,0.0,0.0,-0.30295,0.16514,0.05645,-0.47028,0.53301,0.04206,-0.49817,0.90493,0.01687,-0.45558,1.20764,-0.01768,-0.55209,0.78125,-0.11948,-0.68939,1.37469,-0.18824,-0.7833,1.70284,-0.22619,-0.85952,1.96041,-0.24527,-0.37635,0.90988,-0.17455,-0.46434,1.59054,-0.22953,-0.52632,1.98428,-0.24721,-0.56602,2.26919,-0.26384,-0.18893,0.98221,-0.21071,-0.24529,1.62808,-0.24655,-0.25664,1.50041,-0.20365,-0.24947,1.28463,-0.16565,-0.01334,0.99504,-0.24069,-0.07946,1.48806,-0.25437,-0.10848,1.40807,-0.19894,-0.1227,1.23896,-0.14699,,,
2026-09-29T17:33:10.974448,invitado,N,154.7820804160062,176.9581594744422,177.95005264663058,11.050344234121079,25.68407485202704,0.0,0.0,0.0,-0.30073,0.17509,0.0581,-0.467,0.55516,0.04571,-0.49603,0.93055,0.02252,-0.44972,1.23532,-0.01026,-0.54682,0.78388,-0.12101,-0.68407,1.37627,-0.1889,-0.77566,1.70601,-0.22476,-0.85101,1.96783,-0.24238,-0.37326,0.91088,-0.17601,-0.4591,1.60371,-0.2282,-0.51763,1.99972,-0.24275,-0.55498,2.28534,-0.2577,-0.18817,0.98107,-0.21189,-0.23696,1.6351,-0.24669,-0.24812,1.5065,-0.20485,-0.24377,1.28647,-0.16799,-0.01465,0.99512,-0.2413,-0.07668,1.49308,-0.25499,-0.10275,1.41171,-0.20094,-0.11672,1.23743,-0.1505,,,
2026-09-29T17:33:11.170100,invitado,N,155.04271280006924,176.59223322050545,178.48451124142804,12.872932871582409,29.107918108348308,0.0,0.0,0.0,-0.30281,0.17473,0.06227,-0.46804,0.5591,0.05091,-0.49344,0.93748,0.02883,-0.44951,1.24127,-0.0031,-0.54439,0.78465,-0.12229,-0.68325,1.38039,-0.19107,-0.77824,1.70968,-0.22942,-0.85622,1.96831,-0.24911,-0.36724,0.91314,-0.17692,-0.46104,1.59638,-0.22962,-0.52349,1.99634,-0.24697,-0.55992,2.28568,-0.26483,-0.18045,0.98633,-0.21117,-0.23693,1.64455,-0.23964,-0.25235,1.5197,-0.19494,-0.24826,1.30446,-0.15835,-0.00646,1.00047,-0.23884,-0.07004,1.50285,-0.24646,-0.10082,1.4292,-0.18998,-0.11828,1.26323,-0.13908,,,
2026-09-29T17:33:11.354751,invitado,N,155.25877650956156,176.6887423105245,178.05778534640478,11.06933010463713,26.94354237308502,0.0,0.0,0.0,-0.30375,0.18275,0.05753,-0.46149,0.57921,0.04546,-0.47595,0.95115,0.02262,-0.42757,1.2496,-0.00934,-0.54458,0.78841,-0.11677,-0.67532,1.37378,-0.18216,-0.76439,1.69873,-0.2163,-0.83765,1.9551,-0.233,-0.37128,0.9127,-0.1707,-0.4552,1.59578,-0.22263,-0.51295,1.98898,-0.23826,-0.54953,2.27423,-0.25373,-0.18612,0.98098,-0.20561,-0.23373,1.6347,-0.23836,-0.24162,1.51121,-0.19716,-0.23569,1.2998,-0.16107,-0.01375,0.99141,-0.23414,-0.07148,1.48637,-0.24514,-0.09796,1.41165,-0.19197,-0.11386,1.24669,-0.14286,,,
2026-09-29T17:33:11.549826,invitado,N,154.64406306161627,176.42967590832154,178.19632740508476,10.798931844094454,26.052774417937705,0.0,0.0,0.0,-0.2986,0.17476,0.06273,-0.45924,0.55182,0.05577,-0.48117,0.91436,0.03605,-0.43545,1.20432,0.00646,-0.53741,0.78322,-0.1002,-0.66577,1.3634,-0.15946,-0.75476,1.68489,-0.19006,-0.82774,1.93583,-0.20481,-0.36909,0.91621,-0.15597,-0.44909,1.58241,-0.20178,-0.50541,1.969,-0.21606,-0.54117,2.24668,-0.2303,-0.18685,0.98626,-0.19305,-0.22896,1.60871,-0.2216,-0.23726,1.4789,-0.18127,-0.23218,1.26911,-0.14634,-0.01356,0.99433,-0.22362,-0.06671,1.4632,-0.23238,-0.09256,1.38011,-0.17911,-0.10742,1.21448,-0.12993,,,
2026-09-29T17:33:11.770391,invitado,N,154.31663893784267,176.46191760462767,177.99786133679513,11.158811595164215,26.56329482824148,0.0,0.0,0.0,-0.29996,0.17644,0.06107,-0.45959,0.55385,0.0514,-0.4785,0.92216,0.03029,-0.42948,1.21683,-0.00077,-0.53456,0.78906,-0.11001,-0.66112,1.375,-0.17437,-0.74951,1.70327,-0.20933,-0.8237,1.96009,-0.22668,-0.36334,0.91704,-0.16437,-0.44726,1.59174,-0.21326,-0.50671,1.98234,-0.22833,-0.54564,2.26242,-0.24345,-0.17997,0.98677,-0.19961,-0.22372,1.62174,-0.22944,-0.23132,1.49351,-0.18727,-0.22676,1.28015,-0.15098,-0.00695,0.99707,-0.22833,-0.06283,1.47628,-0.23704,-0.08834,1.3929,-0.18188,-0.10442,1.22497,-0.13136,,,
2026-09-29T17:33:11.965501,invitado,N,155.2501399641525,176.58802184300134,178.1285284365857,10.7394764660267,26.324325551332052,0.0,0.0,0.0,-0.30283,0.16909,0.06342,-0.46039,0.54726,0.05817,-0.4825,0.90794,0.04002,-0.43827,1.20111,0.01228,-0.53719,0.78843,-0.09469,-0.66145,1.3738,-0.15196,-0.7469,1.69624,-0.18208,-0.81815,1.95143,-0.19629,-0.36878,0.91713,-0.15125,-0.4612,1.57863,-0.19483,-0.52483,1.9575,-0.20831,-0.56672,2.23006,-0.22175,-0.18694,0.98234,-0.18961,-0.2412,1.60549,-0.21997,-0.25196,1.47325,-0.18191,-0.24652,1.25918,-0.14752,-0.01385,0.98692,-0.22105,-0.08186,1.46651,-0.23201,-0.10903,1.38209,-0.17931,-0.12221,1.21312,-0.13008,,,
2026-09-29T17:33:12.180638,invitado,N,155.2173150140605,176.94288955202217,177.419229604834,11.941812526340625,27.449748713283753,0.0,0.0,0.0,-0.30486,0.1573,0.06612,-0.47283,0.5238,0.06505,-0.50674,0.89335,0.05092,-0.47304,1.19459,0.02717,-0.54268,0.78392,-0.09349,-0.66335,1.39183,-0.14771,-0.74385,1.72611,-0.1736,-0.8113,1.99027,-0.1852,-0.37471,0.91488,-0.15032,-0.46437,1.59939,-0.19368,-0.53018,1.98302,-0.20477,-0.57271,2.25105,-0.21596,-0.19182,0.98331,-0.1884,-0.25453,1.61943,-0.21836,-0.26851,1.484,-0.17676,-0.26083,1.26643,-0.13915,-0.01608,0.99033,-0.21939,-0.09132,1.4842,-0.23135,-0.12098,1.40516,-0.17777,-0.13133,1.23714,-0.12696,,,
2026-09-29T17:33:12.381270,invitado,N,156.68733342802142,176.84318625991938,178.3136651260691,11.12052019727008,25.693966847247285,0.0,0.0,0.0,-0.29157,0.17886,0.06125,-0.4522,0.56362,0.05556,-0.48533,0.93051,0.03686,-0.44713,1.22604,0.00799,-0.52718,0.79857,-0.09875,-0.63133,1.39747,-0.15619,-0.70544,1.73031,-0.18688,-0.76805,1.99657,-0.20302,-0.35991,0.91974,-0.15664,-0.43692,1.5906,-0.20103,-0.49163,1.96951,-0.21433,-0.52325,2.2359,-0.22897,-0.17619,0.9822,-0.19657,-0.2328,1.61199,-0.22733,-0.24405,1.47127,-0.18446,-0.23445,1.25414,-0.14776,0.00053,0.98794,-0.23035,-0.06894,1.48053,-0.24554,-0.0966,1.39668,-0.19315,-0.10567,1.23113,-0.14428,,,
2026-09-29T17:33:12.602197,invitado,N,156.25725626342162,176.547593495042,178.02489720849687,10.220034684905901,25.37033651552754,0.0,0.0,0.0,-0.29207,0.18532,0.06059,-0.44824,0.56662,0.05108,-0.47356,0.93027,0.02787,-0.43395,1.22697,-0.00543,-0.52601,0.79684,-0.1023,-0.6251,1.40158,-0.1632,-0.69644,1.73338,-0.19494,-0.75816,2.00038,-0.21047,-0.35887,0.91908,-0.16283,-0.44867,1.60136,-0.21053,-0.51265,1.98811,-0.22566,-0.55173,2.2643,-0.23996,-0.17337,0.98031,-0.20522,-0.22741,1.62064,-0.2409,-0.2377,1.47647,-0.20022,-0.2291,1.25448,-0.16261,0.00609,0.98568,-0.2411,-0.06115,1.49124,-0.2588,-0.08995,1.4035,-0.2055,-0.10152,1.23262,-0.15479,,,
2026-09-29T17:33:12.801112,invitado,N,156.7759328840758,176.8127341466788,177.89208106316562,14.218785754370632,51.655340887592445,0.0,0.0,0.0,-0.30418,0.17662,0.06779,-0.46783,0.53975,0.06298,-0.50398,0.90518,0.04412,-0.48235,1.21123,0.01693,-0.53815,0.78262,-0.10039,-0.65547,1.38938,-0.16337,-0.73447,1.72546,-0.19398,-0.79954,1.98432,-0.20685,-0.37673,0.91216,-0.16137,-0.48885,1.59982,-0.21341,-0.56211,1.99079,-0.23157,-0.61301,2.25068,-0.24616,-0.19606,0.9857,-0.20341,-0.27199,1.6662,-0.23609,-0.2811,1.58683,-0.19675,-0.27345,1.38598,-0.15921,-0.0225,1.00108,-0.23845,-0.09101,1.56804,-0.25256,-0.13626,1.57683,-0.20539,-0.16841,1.45842,-0.15798,,,
2026-09-29T17:33:13.008042,invitado,N,157.0475544498653,177.33800427706578,178.3038681925269,13.941234336017747,42.106084137929116,0.0,0.0,0.0,-0.29939,0.18477,0.06756,-0.4587,0.5526,0.06655,-0.49207,0.9142,0.05113,-0.46667,1.21438,0.02676,-0.52497,0.79609,-0.08803,-0.63384,1.39948,-0.14438,-0.70571,1.73566,-0.1719,-0.76505,1.99743,-0.18364,-0.36233,0.92028,-0.14765,-0.44951,1.60528,-0.19323,-0.50486,1.99159,-0.20719,-0.54118,2.25156,-0.21934,-0.18307,0.98719,-0.18926,-0.25265,1.6482,-0.22023,-0.2677,1.55455,-0.18168,-0.26218,1.35184,-0.14489,-0.01002,0.99796,-0.22405,-0.08094,1.54968,-0.23901,-0.12436,1.5369,-0.19145,-0.14956,1.40241,-0.14346,,,
2026-09-29T17:33:13.233160,invitado,N,157.36609807249107,177.43837811120852,178.17479063944,16.74045896376971,51.7590082681721,0.0,0.0,0.0,-0.30493,0.16994,0.07185,-0.46474,0.53107,0.07429,-0.50239,0.88719,0.06283,-0.48124,1.18602,0.04294,-0.53269,0.79092,-0.08515,-0.64836,1.39729,-0.13873,-0.72369,1.7333,-0.16405,-0.78307,1.99231,-0.17393,-0.3692,0.91817,-0.14373,-0.46151,1.60454,-0.18765,-0.51805,1.98735,-0.19948,-0.55371,2.23945,-0.20899,-0.19095,0.98574,-0.18375,-0.25928,1.65065,-0.21047,-0.28061,1.57452,-0.17265,-0.28238,1.38066,-0.13664,-0.01934,0.99458,-0.21643,-0.08814,1.54382,-0.22677,-0.13375,1.55165,-0.17998,-0.16527,1.43347,-0.13274,,,
2026-09-29T17:33:13.441201,invitado,N,158.4856627762562,177.67454089564757,177.37032251873546,86.03954413024516,144.28107891697232,0.0,0.0,0.0,-0.30559,0.18117,0.07114,-0.46798,0.5495,0.07271,-0.51512,0.92137,0.06339,-0.49637,1.22349,0.04658,-0.52965,0.78826,-0.09505,-0.64917,1.38797,-0.1502,-0.72527,1.73112,-0.1757,-0.78437,1.99176,-0.18542,-0.36781,0.91804,-0.14805,-0.45961,1.59621,-0.19033,-0.52076,1.99956,-0.19779,-0.56167,2.25957,-0.20343,-0.19128,0.98612,-0.18236,-0.25532,1.65566,-0.19607,-0.28614,1.72558,-0.15477,-0.30151,1.64662,-0.12074,-0.02521,0.99143,-0.20988,-0.08546,1.5157,-0.20896,-0.1341,1.65271,-0.16598,-0.17817,1.66338,-0.12409,,,
2026-09-29T17:33:13.652830,invitado,N,158.485299839811,177.5763565725629,177.00754874662874,130.31722953336896,156.1280216400402,0.0,0.0,0.0,-0.30435,0.17144,0.06147,-0.46338,0.53246,0.06118,-0.50926,0.90063,0.05097,-0.49133,1.2069,0.03395,-0.53125,0.78588,-0.09084,-0.64928,1.38001,-0.1453,-0.72342,1.72123,-0.16893,-0.77949,1.98285,-0.17663,-0.3697,0.91851,-0.14024,-0.4535,1.58742,-0.18461,-0.51043,1.9939,-0.19249,-0.55006,2.25811,-0.19601,-0.19408,0.9862,-0.17347,-0.24215,1.63706,-0.19308,-0.26973,1.74442,-0.15783,-0.28928,1.70454,-0.12594,-0.02861,0.99279,-0.2006,-0.0783,1.50666,-0.2037,-0.1221,1.68119,-0.16578,-0.16726,1.73215,-0.12686,,,
2026-09-29T17:33:13.870980,invitado,N,157.89129308762665,177.97864547725524,178.3134748858778,175.4371939295377,173.38616998154993,0.0,0.0,0.0,-0.31307,0.16633,0.05814,-0.47685,0.52499,0.05823,-0.52336,0.90642,0.04843,-0.50801,1.21845,0.0277,-0.53668,0.78569,-0.09727,-0.66629,1.38356,-0.15758,-0.74656,1.74119,-0.18618,-0.80902,2.02377,-0.19927,-0.3751,0.91518,-0.14746,-0.45995,1.58988,-0.19595,-0.51086,2.0148,-0.21353,-0.54534,2.30533,-0.22655,-0.19854,0.98156,-0.18265,-0.23922,1.59329,-0.20937,-0.25194,1.86899,-0.2015,-0.2631,2.02163,-0.1942,-0.03521,0.98347,-0.21045,-0.08595,1.46157,-0.22494,-0.11492,1.71473,-0.20895,-0.14833,1.89418,-0.19032,,,
2026-09-29T17:33:14.049751,invitado,N,155.55784421342312,177.61423663347645,177.89255921119067,175.21945756373205,173.6921715461487,0.0,0.0,0.0,-0.31076,0.16023,0.05575,-0.47523,0.50477,0.05228,-0.51243,0.87657,0.03844,-0.48972,1.18647,0.013,-0.54248,0.78826,-0.10028,-0.66852,1.40096,-0.16002,-0.747,1.7558,-0.18595,-0.80971,2.03409,-0.19702,-0.38036,0.91216,-0.15258,-0.46558,1.59486,-0.20228,-0.5138,2.01559,-0.21761,-0.54704,2.30364,-0.22843,-0.20199,0.97117,-0.19058,-0.23955,1.59021,-0.22093,-0.24873,1.87803,-0.21362,-0.25845,2.04306,-0.20625,-0.03367,0.9692,-0.22135,-0.08002,1.45746,-0.2409,-0.10575,1.72151,-0.22744,-0.13676,1.91457,-0.21027,,,
2026-09-29T17:33:14.208001,invitado,N,155.44292536099042,177.74891271850817,177.70319495363185,174.4068473432297,173.08873852231744,0.0,0.0,0.0,-0.31169,0.15237,0.05926,-0.484,0.49154,0.05998,-0.52987,0.86087,0.05035,-0.51386,1.17264,0.0298,-0.55027,0.78065,-0.09245,-0.68092,1.39078,-0.14805,-0.75937,1.74781,-0.17133,-0.82033,2.02511,-0.18052,-0.38978,0.90962,-0.14377,-0.47894,1.59209,-0.18902,-0.5283,2.00972,-0.20089,-0.56052,2.2885,-0.20854,-0.2125,0.97133,-0.18047,-0.25445,1.59338,-0.20569,-0.26431,1.87632,-0.19307,-0.27378,2.03204,-0.1818,-0.04491,0.96839,-0.20991,-0.09518,1.45162,-0.22535,-0.12009,1.70812,-0.20778,-0.14983,1.8898,-0.18678,,,
2026-09-29T17:59:15.411958,invitado,N,145.8284726328651,179.45124464959977,177.3783184347246,7.0102548851101,13.608417673581902,0.0,0.0,0.0,-0.34282,0.06758,0.0172,-0.66059,0.34793,0.00932,-0.85501,0.71915,0.00024,-0.84915,1.08154,-0.02101,-0.656,0.73205,-0.11731,-0.73526,1.43226,-0.15965,-0.77144,1.81091,-0.18212,-0.80793,2.12187,-0.19737,-0.48353,0.86275,-0.14784,-0.4872,1.63392,-0.18633,-0.47213,2.06989,-0.20072,-0.45703,2.39287,-0.21599,-0.29005,0.91754,-0.16237,-0.25974,1.45827,-0.19472,-0.24438,1.2481,-0.16105,-0.24332,1.02131,-0.13351,-0.09623,0.93904,-0.17377,-0.10124,1.28681,-0.1847,-0.07377,1.11812,-0.13316,-0.07331,0.93077,-0.08955,,,
2026-09-29T17:59:15.711349,invitado,N,134.1542677889467,178.99819816812402,179.18577280791945,4.691015925802083,11.467821493847717,0.0,0.0,0.0,-0.33819,0.02785,-0.00542,-0.65985,0.23044,-0.03245,-0.82478,0.5752,-0.05862,-0.80205,0.91073,-0.09326,-0.64721,0.71966,-0.15522,-0.67861,1.44797,-0.2305,-0.68441,1.86496,-0.27886,-0.69774,2.19584,-0.30661,-0.44665,0.87403,-0.19126,-0.50083,1.62842,-0.25581,-0.53721,2.11442,-0.29079,-0.56051,2.48175,-0.3167,-0.23912,0.95035,-0.2138,-0.24096,1.4891,-0.27354,-0.21808,1.2754,-0.24475,-0.20279,1.02364,-0.20969,-0.03103,0.9804,-0.23584,-0.05313,1.3277,-0.26327,-0.04064,1.15567,-0.21057,-0.04997,0.95543,-0.1597,,,
2026-09-29T17:59:16.016276,invitado,N,140.84839181931355,177.19391637681542,178.74628146593383,7.517309885261722,13.713277703011203,0.0,0.0,0.0,-0.33842,0.06475,0.01931,-0.62485,0.34861,0.00343,-0.74501,0.74356,-0.01782,-0.7,1.05276,-0.05004,-0.63788,0.73312,-0.11769,-0.65889,1.45639,-0.17751,-0.64868,1.86216,-0.21007,-0.6458,2.17793,-0.2273,-0.45386,0.87627,-0.16174,-0.49352,1.62604,-0.21239,-0.51354,2.09891,-0.23714,-0.52428,2.44359,-0.25466,-0.25336,0.94344,-0.19099,-0.23753,1.47811,-0.2361,-0.21206,1.27147,-0.20195,-0.20194,1.03165,-0.16466,-0.04868,0.95207,-0.21796,-0.06428,1.29863,-0.2345,-0.0509,1.12382,-0.1786,-0.05708,0.93095,-0.12648,,,
2026-09-29T17:59:16.306683,invitado,N,147.07483138596413,178.34921466356778,178.09542342941197,10.04857389601044,15.940035469590798,0.0,0.0,0.0,-0.32753,0.08192,0.03036,-0.55202,0.43439,0.00166,-0.59091,0.91653,-0.03194,-0.54461,1.26665,-0.07801,-0.65642,0.72385,-0.1436,-0.64549,1.46463,-0.19945,-0.62139,1.86641,-0.2324,-0.61404,2.1848,-0.25378,-0.46436,0.86509,-0.18971,-0.47009,1.61873,-0.23075,-0.46358,2.0773,-0.24766,-0.45035,2.41917,-0.26781,-0.25794,0.93333,-0.21671,-0.23348,1.49116,-0.23472,-0.21027,1.27666,-0.19111,-0.19829,1.04049,-0.16219,-0.05168,0.94781,-0.24114,-0.06756,1.28963,-0.24261,-0.05658,1.12485,-0.18769,-0.06358,0.94625,-0.14372,,,
2026-09-29T17:59:16.671389,invitado,N,149.42437882981488,177.76700998987826,178.45529221471818,8.430968475472334,15.287478221167454,0.0,0.0,0.0,-0.33149,0.08507,0.02415,-0.56579,0.45752,-0.00166,-0.61907,0.92729,-0.03,-0.588,1.27889,-0.06953,-0.6556,0.72245,-0.14882,-0.65114,1.46023,-0.20568,-0.62687,1.86654,-0.23734,-0.6188,2.19152,-0.25595,-0.45556,0.86928,-0.19187,-0.4794,1.63267,-0.23002,-0.48671,2.08559,-0.24312,-0.48526,2.43033,-0.25983,-0.2488,0.95157,-0.21729,-0.24334,1.53103,-0.24041,-0.22322,1.32245,-0.20018,-0.20694,1.08768,-0.17062,-0.04453,0.98152,-0.24031,-0.07959,1.33614,-0.24706,-0.07093,1.17325,-0.19457,-0.07383,0.9927,-0.15078,,,
2026-09-29T17:59:17.007263,invitado,N,149.81334385125427,177.80844923749262,178.4139089342142,9.431998391004798,13.117070085054394,0.0,0.0,0.0,-0.33225,0.08774,0.03523,-0.56492,0.46721,0.00913,-0.61563,0.97518,-0.02146,-0.58464,1.34806,-0.06442,-0.67501,0.72333,-0.14905,-0.65976,1.49044,-0.21136,-0.62909,1.90415,-0.24736,-0.61618,2.23878,-0.2705,-0.47754,0.85536,-0.20078,-0.49049,1.64662,-0.245,-0.48868,2.11346,-0.26105,-0.4829,2.47369,-0.28231,-0.26754,0.92587,-0.23336,-0.2436,1.54716,-0.25938,-0.21731,1.32894,-0.21533,-0.20664,1.0849,-0.18599,-0.0568,0.94811,-0.26247,-0.0686,1.32695,-0.27475,-0.05671,1.15781,-0.22262,-0.06901,0.97021,-0.1802,,,
2026-09-29T17:59:17.377956,invitado,N,151.50355131806904,178.44304539914518,177.31061000846842,8.023679301809539,11.537775387069528,0.0,0.0,0.0,-0.32607,0.11345,0.01659,-0.55822,0.51665,-0.02026,-0.61407,1.03368,-0.05686,-0.57953,1.42847,-0.10595,-0.66147,0.75238,-0.18088,-0.67624,1.52579,-0.24951,-0.66913,1.95206,-0.28505,-0.6728,2.2928,-0.30705,-0.45759,0.86033,-0.22461,-0.44452,1.69049,-0.28216,-0.42212,2.15267,-0.29546,-0.40484,2.49444,-0.31146,-0.244,0.91508,-0.24973,-0.21092,1.55402,-0.29379,-0.19313,1.33526,-0.24917,-0.18879,1.08873,-0.21465,-0.03599,0.93473,-0.27119,-0.04662,1.34447,-0.29727,-0.03583,1.17533,-0.24569,-0.04886,0.98385,-0.20041,,,
2026-09-29T17:59:17.786588,invitado,N,151.32398823294892,178.1328918920588,176.69684636709152,7.963102225384983,13.940851832382293,0.0,0.0,0.0,-0.32676,0.10226,0.01323,-0.56083,0.49577,-0.02196,-0.6215,0.99786,-0.05541,-0.59157,1.3867,-0.1005,-0.64485,0.75913,-0.17913,-0.67293,1.49376,-0.23981,-0.67184,1.90701,-0.2707,-0.67955,2.24467,-0.29101,-0.44279,0.87012,-0.21642,-0.434,1.65738,-0.26551,-0.40752,2.10902,-0.27559,-0.38628,2.44641,-0.291,-0.23202,0.92291,-0.23489,-0.21376,1.52785,-0.2666,-0.20104,1.31617,-0.21996,-0.19613,1.07731,-0.18776,-0.03203,0.93716,-0.25049,-0.05108,1.31826,-0.26628,-0.04709,1.15495,-0.21365,-0.06151,0.97153,-0.1697,,,
2026-09-29T17:59:18.185584,invitado,N,152.07089053971532,178.7252870661286,176.75925748699547,9.68472133170508,15.592316496022471,0.0,0.0,0.0,-0.31885,0.11547,0.01205,-0.53841,0.50383,-0.01799,-0.59266,0.95093,-0.04733,-0.55918,1.30153,-0.08788,-0.60507,0.79231,-0.17264,-0.64612,1.47116,-0.23151,-0.66151,1.86955,-0.26083,-0.68252,2.20434,-0.28068,-0.41881,0.88427,-0.20653,-0.39054,1.61862,-0.25625,-0.36014,2.05655,-0.26365,-0.33224,2.38458,-0.27558,-0.22055,0.91687,-0.22234,-0.18422,1.48617,-0.25183,-0.18072,1.29506,-0.20253,-0.17818,1.07273,-0.16724,-0.02934,0.90838,-0.23633,-0.03464,1.27593,-0.24898,-0.03747,1.12779,-0.1948,-0.05288,0.94948,-0.14868,,,
2026-09-29T17:59:18.505377,invitado,N,153.2599051022443,178.52885792795942,177.43570775399294,10.093247857880458,16.991177662744715,0.0,0.0,0.0,-0.31404,0.13525,0.01896,-0.51656,0.53265,-0.00806,-0.55954,0.98003,-0.03517,-0.51965,1.32923,-0.07346,-0.5867,0.80684,-0.17125,-0.64116,1.47433,-0.22719,-0.6633,1.86238,-0.25328,-0.69136,2.18949,-0.27047,-0.39965,0.89355,-0.20458,-0.35883,1.62776,-0.2524,-0.32818,2.06408,-0.25837,-0.30566,2.39386,-0.26956,-0.20259,0.92177,-0.21832,-0.16197,1.47716,-0.2442,-0.16371,1.29093,-0.19448,-0.16459,1.07706,-0.15898,-0.01391,0.9088,-0.22939,-0.01929,1.26838,-0.23726,-0.02117,1.12138,-0.18067,-0.03464,0.94459,-0.13269,,,
2026-09-29T17:59:18.868427,invitado,N,152.23841202386973,178.74784309366615,177.19444522399252,11.277936515849177,20.279487245352396,0.0,0.0,0.0,-0.32304,0.12233,0.02151,-0.53227,0.51914,-0.00291,-0.57434,0.96572,-0.02653,-0.5323,1.30933,-0.06046,-0.59464,0.79316,-0.16884,-0.64696,1.4554,-0.22082,-0.66994,1.84324,-0.24556,-0.69622,2.1697,-0.26286,-0.40467,0.89215,-0.20077,-0.37185,1.62366,-0.24393,-0.34504,2.05691,-0.24619,-0.32034,2.38565,-0.25573,-0.20619,0.9281,-0.21247,-0.18627,1.48511,-0.23183,-0.19235,1.30105,-0.17688,-0.18753,1.087,-0.13908,-0.01857,0.91562,-0.22162,-0.04462,1.26786,-0.22332,-0.05135,1.12785,-0.16345,-0.06008,0.95699,-0.11413,,,
2026-09-29T17:59:19.240426,invitado,N,152.38600801111428,177.98663363535252,176.32185606183972,10.847073819451616,19.69231946683121,0.0,0.0,0.0,-0.33139,0.10558,0.02276,-0.55343,0.51516,-0.00219,-0.6032,0.99738,-0.02437,-0.5654,1.36455,-0.05654,-0.62885,0.78349,-0.17981,-0.66693,1.50424,-0.23383,-0.67273,1.91689,-0.25807,-0.68519,2.25989,-0.27487,-0.42714,0.87872,-0.21309,-0.40073,1.65972,-0.25599,-0.36771,2.09512,-0.2562,-0.33894,2.41758,-0.26487,-0.22105,0.9192,-0.22555,-0.20655,1.52044,-0.24433,-0.21314,1.33204,-0.18866,-0.21413,1.10838,-0.15197,-0.03004,0.9189,-0.23496,-0.05808,1.27611,-0.23894,-0.06853,1.13036,-0.18216,-0.08631,0.95851,-0.13572,,,
2026-09-29T17:59:19.570404,invitado,N,151.24017643102366,177.3283371241015,163.32399992435649,17.88126866924202,26.903687325205865,0.0,0.0,0.0,-0.36212,0.10358,0.04545,-0.62549,0.49263,0.01979,-0.71376,0.95996,-0.00584,-0.70346,1.33318,-0.04503,-0.67428,0.76983,-0.18077,-0.70532,1.57776,-0.24529,-0.70512,2.01488,-0.27306,-0.70394,2.34332,-0.28809,-0.45783,0.8588,-0.22988,-0.45721,1.7106,-0.27421,-0.40267,1.99822,-0.25329,-0.34729,2.11768,-0.24334,-0.23922,0.9073,-0.25854,-0.25886,1.59395,-0.27335,-0.26348,1.45767,-0.19569,-0.26048,1.2288,-0.14747,-0.0364,0.91954,-0.2833,-0.08881,1.37206,-0.28572,-0.11477,1.25274,-0.21775,-0.13919,1.07772,-0.16503,,,
2026-09-29T17:59:19.935638,invitado,N,153.45550406216742,173.5827314297569,165.02593537935206,22.17678454254007,35.08551938435698,0.0,0.0,0.0,-0.36718,0.07492,0.03879,-0.64782,0.47118,0.01227,-0.76689,0.96822,-0.01328,-0.78667,1.37599,-0.05105,-0.73334,0.70593,-0.19388,-0.8176,1.53734,-0.27111,-0.8242,2.00267,-0.30397,-0.81295,2.35485,-0.31788,-0.51522,0.82198,-0.24269,-0.58452,1.73337,-0.29964,-0.55267,2.07691,-0.28534,-0.50251,2.23898,-0.27459,-0.28784,0.90453,-0.27137,-0.34296,1.63327,-0.29638,-0.34012,1.54644,-0.22125,-0.32693,1.34826,-0.16862,-0.0739,0.9534,-0.29631,-0.15152,1.42112,-0.30204,-0.17577,1.34867,-0.23449,-0.19621,1.20678,-0.17877,,,
2026-09-29T17:59:20.281684,invitado,N,173.65395440889293,178.0960619334165,177.97058490082955,178.98816646318178,37.977610662483556,0.0,0.0,0.0,-0.35508,0.09142,-0.0195,-0.61666,0.63917,-0.04639,-0.75697,1.21024,-0.06029,-0.91812,1.50608,-0.08824,-0.70471,0.73506,-0.17818,-0.78274,1.49627,-0.23996,-0.8148,1.92323,-0.27055,-0.83923,2.28796,-0.29413,-0.49317,0.84488,-0.20726,-0.58231,1.65377,-0.26729,-0.62187,2.11191,-0.31056,-0.65242,2.48188,-0.34945,-0.2716,0.92989,-0.22389,-0.34775,1.63559,-0.30748,-0.39671,2.05192,-0.36613,-0.42554,2.38225,-0.40907,-0.07029,0.98111,-0.23025,-0.17992,1.36285,-0.30987,-0.19823,1.32454,-0.32573,-0.20365,1.26518,-0.3324,,,
2026-09-29T17:59:20.705841,invitado,N,155.01419138361743,178.93916849931642,178.70333379803475,177.72586507179486,88.56460714755038,0.0,0.0,0.0,-0.38825,0.02173,-0.00449,-0.71949,0.40056,-0.03261,-0.90206,0.86497,-0.0489,-0.95781,1.2241,-0.08159,-0.75756,0.68245,-0.20461,-0.86019,1.48403,-0.27533,-0.91384,1.95057,-0.3161,-0.95304,2.32689,-0.34453,-0.52686,0.81465,-0.24242,-0.62785,1.67854,-0.30105,-0.68095,2.16798,-0.34118,-0.72671,2.53687,-0.37892,-0.30132,0.90911,-0.26382,-0.40379,1.66277,-0.32515,-0.47448,2.09416,-0.37157,-0.52283,2.41417,-0.41192,-0.10069,0.95865,-0.27699,-0.20259,1.3581,-0.33276,-0.23692,1.37282,-0.33899,-0.26253,1.33993,-0.3416,,,
2026-09-29T17:59:20.989910,invitado,N,150.19115292841863,179.42818351608187,179.053226470428,178.37739862379087,60.47480311356578,0.0,0.0,0.0,-0.39129,0.02833,0.00589,-0.70467,0.4118,-0.02504,-0.82717,0.94743,-0.04508,-0.86239,1.36543,-0.08302,-0.76916,0.68079,-0.21322,-0.85125,1.53815,-0.28498,-0.89707,2.01746,-0.32403,-0.93974,2.39529,-0.35096,-0.52639,0.81009,-0.2582,-0.62414,1.71894,-0.32409,-0.67466,2.2192,-0.36419,-0.72245,2.58839,-0.40089,-0.29165,0.90952,-0.28503,-0.39699,1.70551,-0.35829,-0.46596,2.15871,-0.40765,-0.5165,2.49207,-0.44769,-0.08142,0.96844,-0.30046,-0.19369,1.41059,-0.36798,-0.22481,1.41367,-0.37395,-0.24572,1.35846,-0.3741,,,
2026-09-29T17:59:21.345102,invitado,N,150.133951772125,178.90040953466382,179.34663556724112,178.5589960237486,34.418500034980106,0.0,0.0,0.0,-0.39886,0.04249,0.00587,-0.70723,0.42855,-0.03142,-0.82606,0.96487,-0.05879,-0.8543,1.39411,-0.10684,-0.77504,0.68748,-0.23794,-0.84876,1.58012,-0.32512,-0.88123,2.09096,-0.3722,-0.90952,2.48539,-0.40286,-0.52703,0.7986,-0.29065,-0.60107,1.75788,-0.37005,-0.63308,2.28281,-0.41555,-0.6709,2.66689,-0.45575,-0.28079,0.88385,-0.32398,-0.36311,1.74294,-0.40842,-0.41534,2.2168,-0.45537,-0.46207,2.56217,-0.49363,-0.05481,0.93424,-0.34541,-0.14097,1.44642,-0.42311,-0.16133,1.44368,-0.42377,-0.17952,1.36215,-0.41853,,,
2026-09-29T17:59:21.722575,invitado,N,149.7780525389951,179.3665145488063,178.93164980303425,178.88735586315494,90.48096226729994,0.0,0.0,0.0,-0.39549,0.06314,0.01492,-0.69086,0.47121,-0.02431,-0.78266,1.02805,-0.05643,-0.78692,1.45529,-0.10946,-0.76656,0.69841,-0.22806,-0.83009,1.59258,-0.31825,-0.85825,2.09561,-0.36993,-0.88347,2.47264,-0.40343,-0.51757,0.80644,-0.28595,-0.59141,1.76519,-0.36344,-0.62638,2.28629,-0.40952,-0.66274,2.65943,-0.45241,-0.27346,0.88712,-0.32477,-0.36353,1.75147,-0.40462,-0.4151,2.21483,-0.45038,-0.45706,2.54557,-0.48947,-0.0516,0.93251,-0.35141,-0.1382,1.45123,-0.42479,-0.17214,1.48343,-0.43053,-0.20463,1.4398,-0.43127,,,
2026-09-29T17:59:22.035384,invitado,N,146.99252138224026,179.19538972385433,178.44491147574442,177.15548310406118,99.42786939536545,0.0,0.0,0.0,-0.41862,0.06646,0.01582,-0.74821,0.48557,-0.03678,-0.84613,1.13934,-0.07798,-0.84804,1.62166,-0.14194,-0.83602,0.69148,-0.26576,-0.81859,1.70518,-0.35435,-0.79601,2.21439,-0.40181,-0.7909,2.59073,-0.43246,-0.55064,0.77009,-0.32212,-0.59487,1.85842,-0.39676,-0.60406,2.40728,-0.42735,-0.6077,2.78801,-0.4647,-0.28111,0.85491,-0.35544,-0.37656,1.8084,-0.42753,-0.42543,2.22211,-0.43504,-0.46021,2.48162,-0.44892,-0.03201,0.9447,-0.37653,-0.14475,1.60527,-0.4391,-0.18091,1.66578,-0.41641,-0.21361,1.61096,-0.39728,,,
