timestamp,person,sign,pulgar,indice,medio,anular,menique,lm0_x,lm0_y,lm0_z,lm1_x,lm1_y,lm1_z,lm2_x,lm2_y,lm2_z,lm3_x,lm3_y,lm3_z,lm4_x,lm4_y,lm4_z,lm5_x,lm5_y,lm5_z,lm6_x,lm6_y,lm6_z,lm7_x,lm7_y,lm7_z,lm8_x,lm8_y,lm8_z,lm9_x,lm9_y,lm9_z,lm10_x,lm10_y,lm10_z,lm11_x,lm11_y,lm11_z,lm12_x,lm12_y,lm12_z,lm13_x,lm13_y,lm13_z,lm14_x,lm14_y,lm14_z,lm15_x,lm15_y,lm15_z,lm16_x,lm16_y,lm16_z,lm17_x,lm17_y,lm17_z,lm18_x,lm18_y,lm18_z,lm19_x,lm19_y,lm19_z,lm20_x,lm20_y,lm20_z,imu_roll,imu_pitch,imu_yaw
2026-09-29T15:57:58.679622,Experto1,Y,174.4536929854835,173.09155122884837,31.681306330673166,28.547247406322256,171.20783331006243,0.0,0.0,0.0,-0.11199,-0.62236,0.06589,-0.33446,-1.15827,0.04858,-0.54198,-1.58166,0.02997,-0.58904,-1.98154,0.00125,-0.47521,-1.18367,-0.17651,-0.93678,-1.15562,-0.2242,-1.17752,-1.11644,-0.22699,-1.36225,-1.08334,-0.2448,-0.52426,-0.81768,-0.23783,-0.98584,-0.71314,-0.29367,-0.84207,-0.59184,-0.24306,-0.69291,-0.61411,-0.21839,-0.54697,-0.40106,-0.28055,-0.97795,-0.38086,-0.32796,-0.83671,-0.26639,-0.23983,-0.68289,-0.26423,-0.1955,-0.55812,0.0148,-0.31429,-0.92304,0.06616,-0.39881,-1.12103,0.11532,-0.41279,-1.31962,0.11187,-0.42841,,,
2026-09-29T15:57:58.854956,Experto1,Y,173.9996960505103,172.55352742938936,27.779483131394777,24.922907385473206,171.6035310504616,0.0,0.0,0.0,-0.10835,-0.63142,0.05678,-0.34084,-1.18153,0.03524,-0.55502,-1.61323,0.01505,-0.59902,-2.02505,-0.01456,-0.48036,-1.19564,-0.19122,-0.95061,-1.16634,-0.24477,-1.19538,-1.12217,-0.25062,-1.38314,-1.08773,-0.26981,-0.52924,-0.81121,-0.24869,-1.00688,-0.72558,-0.31794,-0.85726,-0.60495,-0.27318,-0.69573,-0.62578,-0.24822,-0.55369,-0.38662,-0.28753,-0.99594,-0.3756,-0.34491,-0.85319,-0.26447,-0.26277,-0.69428,-0.26672,-0.21844,-0.56734,0.02484,-0.31739,-0.93441,0.08605,-0.40363,-1.13393,0.14541,-0.42015,-1.33214,0.15026,-0.43644,,,
2026-09-29T15:57:59.005392,Experto1,Y,173.60092755683664,166.02829462504604,40.99748347808034,32.88853159756056,170.25241513463195,0.0,0.0,0.0,-0.11351,-0.61004,0.05287,-0.34855,-1.15573,0.03271,-0.55242,-1.58734,0.01404,-0.60082,-1.98095,-0.01367,-0.48512,-1.17362,-0.19677,-0.93703,-1.16747,-0.25109,-1.17507,-1.11488,-0.24444,-1.34283,-1.07402,-0.25088,-0.52685,-0.81069,-0.25538,-1.01497,-0.73321,-0.32857,-0.89587,-0.56744,-0.27386,-0.74608,-0.56338,-0.23703,-0.54291,-0.39776,-0.29678,-0.98204,-0.37415,-0.36144,-0.86031,-0.24466,-0.27576,-0.7137,-0.23782,-0.22399,-0.54585,0.00619,-0.32951,-0.90958,0.06928,-0.42268,-1.1092,0.12603,-0.43943,-1.29489,0.13271,-0.45293,,,
2026-09-29T15:57:59.209267,Experto1,Y,173.44379592504438,165.7977138205048,55.58082867844657,37.96328158444292,167.65443916126128,0.0,0.0,0.0,-0.11647,-0.61171,0.0378,-0.35901,-1.17176,0.0056,-0.56925,-1.59803,-0.02203,-0.61178,-1.99981,-0.05977,-0.48536,-1.18423,-0.22946,-0.94374,-1.17354,-0.30061,-1.18609,-1.11504,-0.3047,-1.3581,-1.07123,-0.31568,-0.51032,-0.80997,-0.28901,-1.04455,-0.77666,-0.37703,-0.98155,-0.58097,-0.33172,-0.84896,-0.51619,-0.29802,-0.51727,-0.38515,-0.33106,-0.98721,-0.37478,-0.40673,-0.8823,-0.22466,-0.32156,-0.73218,-0.19461,-0.26516,-0.51486,0.03035,-0.36563,-0.89845,0.09319,-0.45892,-1.11055,0.13383,-0.46892,-1.29732,0.11878,-0.47622,,,
2026-09-29T15:57:59.376694,Experto1,Y,174.68876124733845,157.1236544866206,139.0632670336674,45.905672312698606,167.6577837361896,0.0,0.0,0.0,-0.11022,-0.58332,0.03623,-0.33909,-1.13194,-0.00018,-0.54121,-1.54053,-0.0365,-0.59303,-1.92487,-0.08211,-0.4567,-1.16021,-0.24065,-0.90032,-1.17855,-0.32813,-1.12891,-1.1042,-0.34927,-1.30075,-1.03295,-0.36736,-0.47194,-0.82604,-0.30811,-0.97988,-0.82661,-0.4011,-1.16553,-0.68312,-0.39277,-1.28076,-0.57882,-0.39449,-0.47319,-0.42633,-0.35814,-0.92776,-0.35286,-0.43656,-0.83116,-0.21685,-0.37057,-0.68814,-0.17079,-0.32566,-0.47357,-0.02236,-0.40332,-0.84968,0.05574,-0.49565,-1.05892,0.10875,-0.50655,-1.23973,0.09588,-0.51355,,,
2026-09-29T15:57:59.539305,Experto1,Y,175.2834627853604,157.8860359157632,157.63341997263205,45.96761639437598,167.14672412574737,0.0,0.0,0.0,-0.10395,-0.57455,0.03966,-0.3318,-1.11684,1e-05,-0.53767,-1.51936,-0.04128,-0.5957,-1.89054,-0.09238,-0.44188,-1.15779,-0.25065,-0.88913,-1.17847,-0.33816,-1.11505,-1.10816,-0.35981,-1.2884,-1.04093,-0.3792,-0.45124,-0.83275,-0.32079,-0.95808,-0.85034,-0.39879,-1.16687,-0.77016,-0.38561,-1.32042,-0.73096,-0.39239,-0.45088,-0.43593,-0.37238,-0.91589,-0.3635,-0.43994,-0.8179,-0.23237,-0.36714,-0.67717,-0.18433,-0.3231,-0.4511,-0.02979,-0.41945,-0.81984,0.05338,-0.506,-1.02092,0.10514,-0.51092,-1.1956,0.09732,-0.51604,,,
2026-09-29T15:57:59.712511,Experto1,Y,176.47943889487655,159.2164414615749,163.5168138831054,56.24683187802577,168.356312035413,0.0,0.0,0.0,-0.10082,-0.56775,0.0384,-0.32074,-1.09994,0.00559,-0.52734,-1.4934,-0.03146,-0.59685,-1.84601,-0.07886,-0.43603,-1.14741,-0.22026,-0.88496,-1.17891,-0.30664,-1.11296,-1.11741,-0.32794,-1.28722,-1.06238,-0.34389,-0.45382,-0.84262,-0.28989,-0.95335,-0.87181,-0.3702,-1.18624,-0.81575,-0.36692,-1.35376,-0.79448,-0.37564,-0.45689,-0.46174,-0.34306,-0.92019,-0.38938,-0.42302,-0.88168,-0.27673,-0.37422,-0.78587,-0.23769,-0.33894,-0.4532,-0.06261,-0.3899,-0.81775,0.03656,-0.47608,-1.0193,0.11049,-0.48264,-1.18419,0.14188,-0.48431,,,
2026-09-29T15:57:59.903511,Experto1,Y,174.59675192704617,160.1544919974585,166.99303969403158,170.77189779084568,172.52553698867072,0.0,0.0,0.0,-0.10051,-0.61119,0.03848,-0.33864,-1.15199,-0.00413,-0.55787,-1.57898,-0.04962,-0.62339,-1.96294,-0.11375,-0.43432,-1.1924,-0.23051,-0.90831,-1.24548,-0.32651,-1.16963,-1.19307,-0.36487,-1.35816,-1.1377,-0.39229,-0.45798,-0.83623,-0.30162,-0.97184,-0.9523,-0.39315,-1.2349,-0.96417,-0.41444,-1.40088,-0.95398,-0.43731,-0.47579,-0.42827,-0.35525,-0.95295,-0.43397,-0.42965,-1.16451,-0.41321,-0.42892,-1.2933,-0.40971,-0.43527,-0.48143,-0.01962,-0.39863,-0.86662,0.06075,-0.46927,-1.07249,0.12314,-0.48023,-1.23786,0.14565,-0.48778,,,
2026-09-29T15:58:00.079548,Experto1,Y,175.01932710034905,162.19745520416726,171.3250268737176,175.49823217786633,173.4687755201956,0.0,0.0,0.0,-0.10124,-0.59995,0.03156,-0.34394,-1.16457,-0.0115,-0.56491,-1.59421,-0.05274,-0.62556,-1.98159,-0.11221,-0.43941,-1.18709,-0.23817,-0.89904,-1.24453,-0.33809,-1.15351,-1.20492,-0.38327,-1.34225,-1.15937,-0.41713,-0.45943,-0.8334,-0.3072,-0.96812,-0.96881,-0.40633,-1.24772,-1.00695,-0.44314,-1.4386,-1.0214,-0.47736,-0.47771,-0.42456,-0.35826,-0.96063,-0.42408,-0.43884,-1.22581,-0.42112,-0.45812,-1.41328,-0.43743,-0.48099,-0.48494,-0.02056,-0.39768,-0.87156,0.06259,-0.47371,-1.07237,0.1227,-0.49006,-1.2412,0.13636,-0.50276,,,
2026-09-29T15:58:00.279801,Experto1,Y,174.2682652312871,165.2469942523117,171.23484288293167,166.11177394155166,171.10758847682467,0.0,0.0,0.0,-0.10322,-0.61481,0.03071,-0.34813,-1.15374,-0.01506,-0.57384,-1.57765,-0.06269,-0.63628,-1.96486,-0.12792,-0.4299,-1.18494,-0.24831,-0.90118,-1.25302,-0.34915,-1.16705,-1.2294,-0.38706,-1.37159,-1.20195,-0.41515,-0.45961,-0.82879,-0.31915,-0.97524,-0.92308,-0.41681,-1.25237,-0.93763,-0.43977,-1.43859,-0.94587,-0.46528,-0.47796,-0.41864,-0.37234,-0.94919,-0.40655,-0.45944,-1.11531,-0.374,-0.4541,-1.20328,-0.36797,-0.45294,-0.48411,-0.0093,-0.41597,-0.86019,0.08009,-0.49466,-1.06934,0.14598,-0.50629,-1.23561,0.17652,-0.51277,,,
2026-09-29T15:58:00.489715,Experto1,Y,173.1516806618702,170.1441518811165,148.95419735252526,58.11959706558357,167.5260381818621,0.0,0.0,0.0,-0.11772,-0.56318,0.02686,-0.37197,-1.10339,-0.02311,-0.59107,-1.51019,-0.07233,-0.64327,-1.89487,-0.13461,-0.42773,-1.14044,-0.28534,-0.8889,-1.22975,-0.40363,-1.14247,-1.23738,-0.44669,-1.34524,-1.24569,-0.48107,-0.44446,-0.82317,-0.35334,-0.97087,-0.88496,-0.47375,-1.18829,-0.79182,-0.47274,-1.32882,-0.74038,-0.47608,-0.4519,-0.42664,-0.40394,-0.95144,-0.35609,-0.5006,-0.92567,-0.23692,-0.43625,-0.82791,-0.20201,-0.38678,-0.45803,-0.02224,-0.44987,-0.83857,0.07782,-0.55059,-1.0475,0.14719,-0.56176,-1.20769,0.16463,-0.56364,,,
2026-09-29T15:58:00.710306,Experto1,Y,171.75469365854255,154.7486696078908,84.19547150158219,60.48731318242269,164.9841784202045,0.0,0.0,0.0,-0.09706,-0.58481,0.02247,-0.35044,-1.11983,-0.01931,-0.5541,-1.56195,-0.05453,-0.60381,-1.9389,-0.10103,-0.3967,-1.17626,-0.27962,-0.86327,-1.27322,-0.39107,-1.1176,-1.22257,-0.42155,-1.30152,-1.17184,-0.44295,-0.41037,-0.84555,-0.34153,-0.99761,-0.82495,-0.44207,-1.0346,-0.60965,-0.39863,-0.96323,-0.49056,-0.36798,-0.42106,-0.43749,-0.38979,-0.92947,-0.40357,-0.47517,-0.89749,-0.25443,-0.39377,-0.79384,-0.18917,-0.33829,-0.42313,-0.03058,-0.43318,-0.80097,0.07847,-0.53123,-1.00937,0.12101,-0.53953,-1.17815,0.12762,-0.54235,,,
2026-09-29T15:58:00.912963,Experto1,Y,142.3762588034368,94.40384624407291,69.1654104921211,53.984642655708846,166.8820046037834,0.0,0.0,0.0,-0.11705,-0.65442,0.05293,-0.34205,-1.21283,0.0135,-0.57745,-1.56187,-0.02183,-0.77184,-1.46599,-0.06116,-0.39586,-1.20262,-0.32191,-0.88947,-1.22192,-0.35682,-0.98954,-1.00017,-0.26322,-0.94719,-0.84802,-0.19534,-0.38487,-0.83416,-0.39504,-0.95964,-0.77907,-0.44359,-0.94671,-0.54814,-0.32417,-0.82048,-0.50753,-0.25079,-0.38885,-0.42013,-0.44377,-0.89461,-0.37233,-0.48145,-0.8381,-0.22618,-0.3676,-0.71445,-0.20622,-0.30958,-0.38931,-0.02088,-0.48391,-0.77026,0.07436,-0.55567,-0.98407,0.1111,-0.55663,-1.15413,0.10205,-0.56702,,,
2026-09-29T15:58:01.139013,Experto1,Y,121.44447422274631,71.17770355926373,58.940562469544254,50.728831122422875,168.2080821790402,0.0,0.0,0.0,-0.10384,-0.56598,0.06746,-0.33898,-0.92494,0.02586,-0.59883,-1.01783,-0.01825,-0.77695,-0.90793,-0.06079,-0.39357,-1.19128,-0.28285,-0.87106,-1.16302,-0.3308,-0.84428,-0.91033,-0.26527,-0.74654,-0.84441,-0.22121,-0.38812,-0.84848,-0.35979,-0.90779,-0.77196,-0.42613,-0.84644,-0.54831,-0.33598,-0.7217,-0.54606,-0.28442,-0.39919,-0.44945,-0.41342,-0.87431,-0.41539,-0.46244,-0.81053,-0.25122,-0.3681,-0.69014,-0.23849,-0.32175,-0.40894,-0.07061,-0.45616,-0.77527,-0.03839,-0.547,-0.97567,-0.0231,-0.56223,-1.1297,-0.0549,-0.57708,,,
2026-09-29T15:58:01.341603,Experto1,Y,119.50697933723809,68.29728782349041,56.859021969579835,45.97496083105363,169.11150514681037,0.0,0.0,0.0,-0.10153,-0.55993,0.06455,-0.35788,-0.89757,0.02884,-0.64737,-0.94644,-0.00868,-0.83544,-0.83002,-0.04182,-0.40085,-1.19612,-0.25991,-0.88126,-1.15783,-0.30954,-0.83818,-0.91104,-0.25599,-0.73706,-0.85539,-0.22074,-0.41092,-0.84999,-0.32964,-0.91264,-0.7723,-0.39564,-0.83928,-0.55968,-0.31773,-0.72002,-0.55612,-0.27472,-0.43488,-0.45365,-0.37733,-0.89578,-0.42952,-0.4266,-0.81932,-0.27224,-0.34351,-0.6988,-0.25991,-0.30368,-0.45562,-0.07631,-0.41397,-0.79993,-0.05173,-0.49665,-0.99117,-0.03875,-0.51376,-1.14671,-0.07364,-0.53109,,,
2026-09-29T15:58:01.587910,Experto1,Y,119.92099195886588,73.41391986444884,61.55779198982459,49.92450654903495,104.62246272671413,0.0,0.0,0.0,-0.11615,-0.57964,0.08042,-0.3508,-0.90714,0.04609,-0.59604,-0.9684,-0.00353,-0.76749,-0.86362,-0.05989,-0.41856,-1.20364,-0.20391,-0.89551,-1.21421,-0.27538,-0.89996,-0.94954,-0.25366,-0.80203,-0.85314,-0.22822,-0.41325,-0.86254,-0.29196,-0.91678,-0.83483,-0.36353,-0.89767,-0.62324,-0.30886,-0.77555,-0.5953,-0.26979,-0.40998,-0.47469,-0.36024,-0.87697,-0.46683,-0.42125,-0.84706,-0.3173,-0.342,-0.72127,-0.30392,-0.28617,-0.4005,-0.08872,-0.41609,-0.79816,-0.08613,-0.47426,-0.86399,-0.06477,-0.43648,-0.83045,-0.1077,-0.40025,,,
2026-09-29T15:58:01.812574,Experto1,Y,116.87077672454836,70.36212132361437,50.998968544266106,37.55042325689709,28.260857699424864,0.0,0.0,0.0,-0.11198,-0.58061,0.07981,-0.36225,-0.92644,0.04891,-0.62422,-0.97837,0.00069,-0.80541,-0.8543,-0.05615,-0.42065,-1.21742,-0.1706,-0.90748,-1.20605,-0.25224,-0.88812,-0.94217,-0.25657,-0.77967,-0.87667,-0.25035,-0.41821,-0.87076,-0.2586,-0.93751,-0.83347,-0.32899,-0.88035,-0.63199,-0.28404,-0.73932,-0.61711,-0.254,-0.41741,-0.48571,-0.32966,-0.88654,-0.43856,-0.38313,-0.80163,-0.30374,-0.30339,-0.65442,-0.31776,-0.25115,-0.41005,-0.10081,-0.38957,-0.79598,-0.0749,-0.4256,-0.7457,-0.02843,-0.36474,-0.62353,-0.05754,-0.31679,,,
2026-09-29T15:58:02.041619,Experto1,Y,119.54113975193849,79.8869334017024,58.84917990629962,43.105485159101825,32.79811836521433,0.0,0.0,0.0,-0.13022,-0.58317,0.08115,-0.38729,-0.91152,0.0458,-0.64757,-0.94949,-0.00501,-0.83699,-0.84187,-0.06583,-0.45379,-1.19675,-0.20347,-0.94419,-1.18921,-0.27287,-0.96668,-0.92352,-0.25671,-0.87492,-0.81011,-0.23596,-0.44997,-0.84417,-0.29139,-0.982,-0.78223,-0.35362,-0.94841,-0.582,-0.2981,-0.81122,-0.55793,-0.26283,-0.44504,-0.4499,-0.35835,-0.92921,-0.39383,-0.40378,-0.86213,-0.26225,-0.31897,-0.71444,-0.26071,-0.26662,-0.43226,-0.05372,-0.41359,-0.83529,-0.01775,-0.45264,-0.81351,0.01714,-0.39546,-0.70189,-0.01111,-0.35015,,,
2026-09-29T15:58:02.254795,Experto1,Y,136.2438920303518,99.60675794097618,99.1839319632871,81.88635347236455,94.93433871844749,0.0,0.0,0.0,-0.15695,-0.598,0.09616,-0.43716,-0.90082,0.0619,-0.70215,-0.9805,0.01794,-0.91641,-0.92993,-0.03346,-0.4847,-1.17702,-0.25528,-0.94669,-1.24356,-0.33155,-1.09751,-1.02496,-0.29283,-1.09945,-0.82643,-0.2396,-0.45572,-0.82185,-0.34187,-0.98941,-0.83073,-0.39598,-1.1104,-0.65944,-0.30209,-1.06452,-0.55473,-0.22654,-0.43678,-0.42027,-0.40323,-0.92842,-0.418,-0.44083,-0.99246,-0.32588,-0.31453,-0.90813,-0.28573,-0.21954,-0.4179,-0.01113,-0.45171,-0.82785,0.0036,-0.49261,-0.90545,-0.0033,-0.41815,-0.8582,-0.04504,-0.34399,,,
2026-09-29T15:58:02.480536,Experto1,Y,132.83108634334172,109.59197636109936,104.62571914914135,71.22295489413801,59.52474995359941,0.0,0.0,0.0,-0.14864,-0.62287,0.12533,-0.40933,-0.92247,0.09386,-0.66364,-0.99123,0.04988,-0.88724,-0.93751,-0.00331,-0.47619,-1.19254,-0.24378,-0.92674,-1.33607,-0.31816,-1.1198,-1.20762,-0.28863,-1.16986,-1.04501,-0.24189,-0.45562,-0.82098,-0.34408,-1.0085,-0.87745,-0.39731,-1.1453,-0.75903,-0.30598,-1.11574,-0.67838,-0.23375,-0.44641,-0.41546,-0.41555,-0.95189,-0.39972,-0.42976,-0.98077,-0.33738,-0.29779,-0.87714,-0.32938,-0.20776,-0.42606,-0.01921,-0.47316,-0.79683,-0.03291,-0.47267,-0.79026,-0.03885,-0.36942,-0.68038,-0.07489,-0.28369,,,
2026-09-29T15:58:02.740373,Experto1,Y,131.63180301511264,112.63333772428116,113.39427183896296,92.88115777354231,74.24848828299758,0.0,0.0,0.0,-0.13697,-0.61873,0.09212,-0.39282,-0.95025,0.05031,-0.64264,-1.03323,0.00473,-0.86537,-0.98107,-0.04853,-0.45854,-1.20505,-0.28025,-0.90295,-1.3422,-0.36913,-1.1097,-1.21003,-0.34848,-1.18411,-1.03369,-0.30514,-0.43558,-0.82248,-0.36578,-0.98027,-0.87493,-0.42852,-1.14115,-0.77362,-0.34182,-1.13521,-0.68046,-0.27133,-0.42892,-0.41237,-0.42585,-0.91473,-0.39815,-0.44974,-0.99296,-0.35715,-0.32502,-0.9348,-0.3421,-0.23576,-0.4159,-0.0218,-0.47485,-0.76635,-0.04762,-0.47771,-0.78863,-0.07405,-0.38004,-0.70908,-0.10809,-0.29649,,,
2026-09-29T15:58:02.954559,Experto1,Y,170.00876463251973,121.21152115436692,124.191928686634,111.93118379984877,78.6277948907004,0.0,0.0,0.0,-0.156,-0.63481,0.03117,-0.45548,-1.1327,-0.03062,-0.73609,-1.4482,-0.08518,-0.93995,-1.69903,-0.15361,-0.46557,-1.25575,-0.34105,-0.9479,-1.26879,-0.43481,-1.12611,-1.11377,-0.42587,-1.16637,-0.95416,-0.39966,-0.43412,-0.80257,-0.40917,-1.00016,-0.80038,-0.4774,-1.16234,-0.69594,-0.42109,-1.1604,-0.60905,-0.38753,-0.41498,-0.33759,-0.4546,-0.91347,-0.31169,-0.4978,-1.01221,-0.29037,-0.41606,-0.97812,-0.29021,-0.36922,-0.3977,0.09152,-0.49062,-0.76328,0.07452,-0.52404,-0.79425,0.03342,-0.46564,-0.73947,-0.02426,-0.42181,,,
2026-09-29T15:58:03.254888,Experto1,Y,177.54734920727185,107.5870120244255,107.5393748198605,82.26680981818927,66.9518693739359,0.0,0.0,0.0,-0.15281,-0.63686,0.03124,-0.43809,-1.16359,-0.03874,-0.69637,-1.54555,-0.10203,-0.85209,-1.91999,-0.1769,-0.46127,-1.24672,-0.35332,-0.94374,-1.25578,-0.43273,-1.09454,-1.05694,-0.39654,-1.09515,-0.86427,-0.35263,-0.44318,-0.79247,-0.41902,-1.03194,-0.78011,-0.47822,-1.15875,-0.66001,-0.39499,-1.11954,-0.5787,-0.34264,-0.42746,-0.3268,-0.46049,-0.95537,-0.3157,-0.4992,-1.01708,-0.2916,-0.38768,-0.94319,-0.28234,-0.32056,-0.41351,0.10917,-0.4927,-0.79618,0.0745,-0.52758,-0.80655,0.02503,-0.45719,-0.72857,-0.02995,-0.403,,,
2026-09-29T15:58:03.541087,Experto1,Y,178.22367628398962,119.54672961361807,80.1901813371286,55.86738431340089,52.06259775289007,0.0,0.0,0.0,-0.13491,-0.61458,0.02195,-0.40849,-1.16882,-0.04567,-0.6723,-1.58588,-0.10472,-0.8158,-1.98672,-0.17422,-0.45071,-1.23167,-0.3245,-0.92159,-1.36392,-0.42582,-1.15239,-1.24118,-0.41652,-1.25329,-1.0567,-0.3882,-0.4475,-0.80809,-0.38307,-1.07403,-0.75851,-0.44534,-1.12351,-0.61729,-0.35857,-1.02752,-0.54961,-0.29973,-0.43382,-0.36687,-0.42288,-0.97447,-0.31731,-0.4723,-0.96834,-0.28047,-0.35673,-0.86178,-0.28112,-0.28207,-0.41727,0.04801,-0.45451,-0.79175,0.05333,-0.4904,-0.76763,0.00912,-0.41427,-0.67868,-0.05401,-0.35492,,,
2026-09-29T15:58:03.779355,Experto1,Y,175.2009566533406,104.30609325607045,72.18527662417382,45.34823498211983,39.18729064440286,0.0,0.0,0.0,-0.13277,-0.60079,0.03893,-0.38406,-1.18044,-0.02885,-0.59738,-1.6358,-0.0923,-0.68945,-2.05995,-0.16538,-0.45675,-1.21622,-0.32013,-0.95476,-1.25014,-0.3898,-1.11233,-1.03382,-0.35129,-1.11057,-0.82238,-0.31037,-0.44752,-0.80764,-0.38399,-1.05963,-0.71919,-0.42869,-1.07787,-0.56016,-0.33084,-0.95613,-0.51573,-0.27464,-0.43286,-0.38161,-0.42476,-0.9645,-0.30995,-0.45314,-0.91175,-0.25267,-0.32921,-0.76775,-0.25207,-0.26186,-0.41896,0.027,-0.45664,-0.8048,0.04629,-0.4831,-0.75598,0.0227,-0.40647,-0.64644,-0.03813,-0.35539,,,
2026-09-29T15:58:04.746663,Experto1,Y,171.95650031677792,87.39710451155987,58.13620360856427,43.20416761487973,170.67828673982433,0.0,0.0,0.0,-0.14696,-0.60308,0.01023,-0.41186,-1.18879,-0.06919,-0.61534,-1.63723,-0.14293,-0.66961,-2.05808,-0.21648,-0.44837,-1.1702,-0.38096,-0.97103,-1.09101,-0.4357,-0.99483,-0.82905,-0.35365,-0.90923,-0.71299,-0.29968,-0.43156,-0.78301,-0.44794,-1.00972,-0.63334,-0.52287,-0.94011,-0.42341,-0.42287,-0.78911,-0.42577,-0.36824,-0.40943,-0.34034,-0.49356,-0.94643,-0.27647,-0.55858,-0.85722,-0.13416,-0.45281,-0.71287,-0.12827,-0.40245,-0.37709,0.07343,-0.53172,-0.76152,0.21828,-0.62653,-0.97266,0.30764,-0.6373,-1.14954,0.34749,-0.65468,,,
2026-09-29T15:58:04.921213,Experto1,Y,172.08675370583276,84.1944068764056,54.50841160488733,39.85231014578407,170.71282574739158,0.0,0.0,0.0,-0.14628,-0.60788,0.00814,-0.41526,-1.19553,-0.07163,-0.62524,-1.64291,-0.14519,-0.68044,-2.07006,-0.21741,-0.45527,-1.17318,-0.38125,-0.98098,-1.09704,-0.43781,-0.99569,-0.83975,-0.35569,-0.90115,-0.72883,-0.30124,-0.43902,-0.77896,-0.44776,-1.01962,-0.63281,-0.52542,-0.94023,-0.42449,-0.42567,-0.78372,-0.43712,-0.37029,-0.41586,-0.33109,-0.49349,-0.95622,-0.27727,-0.56311,-0.86091,-0.13609,-0.45838,-0.71179,-0.13678,-0.40744,-0.38069,0.08626,-0.53169,-0.76412,0.23308,-0.63147,-0.97822,0.32693,-0.64553,-1.15853,0.37076,-0.66455,,,
2026-09-29T15:58:05.146410,Experto1,Y,171.7366120902236,82.12610153732254,53.36184918749187,39.92102589880014,169.66633336671617,0.0,0.0,0.0,-0.1425,-0.6082,0.00923,-0.41221,-1.19639,-0.06876,-0.62177,-1.6467,-0.14079,-0.67349,-2.07678,-0.21151,-0.44752,-1.18142,-0.37772,-0.97841,-1.12671,-0.43648,-0.99306,-0.86253,-0.35649,-0.89583,-0.74121,-0.30243,-0.43431,-0.78352,-0.44437,-1.01559,-0.66037,-0.52304,-0.9423,-0.45407,-0.42762,-0.7861,-0.46227,-0.37534,-0.4136,-0.33139,-0.49018,-0.94985,-0.30266,-0.56088,-0.86283,-0.15677,-0.46076,-0.71851,-0.15191,-0.41251,-0.38188,0.09104,-0.52812,-0.75838,0.23306,-0.62671,-0.97325,0.31432,-0.64243,-1.15415,0.33968,-0.66275,,,
2026-09-29T15:58:05.348052,Experto1,Y,176.8735981798359,90.08043139961205,56.67272656382464,38.48201235196373,167.4538944444215,0.0,0.0,0.0,-0.14092,-0.6087,0.01151,-0.39621,-1.19273,-0.06291,-0.61563,-1.63232,-0.1312,-0.72251,-2.03456,-0.20042,-0.4423,-1.1875,-0.36649,-0.97119,-1.18746,-0.43328,-1.04803,-0.92731,-0.36883,-0.98571,-0.74319,-0.32308,-0.43422,-0.78957,-0.43363,-1.02708,-0.6862,-0.51425,-0.97263,-0.47951,-0.42787,-0.82178,-0.46644,-0.38086,-0.41382,-0.34117,-0.4805,-0.95171,-0.32165,-0.55309,-0.87134,-0.19074,-0.45566,-0.73125,-0.18445,-0.4082,-0.38357,0.08656,-0.51969,-0.76164,0.20718,-0.62036,-0.97943,0.26949,-0.63411,-1.16481,0.27647,-0.65205,,,
2026-09-29T15:58:05.623098,Experto1,Y,177.84638231942472,90.94040112033407,72.42920952908149,51.80565583874699,155.63835581858456,0.0,0.0,0.0,-0.14109,-0.60318,0.00996,-0.39335,-1.19451,-0.05859,-0.6071,-1.6425,-0.11986,-0.73021,-2.03275,-0.18353,-0.43193,-1.19872,-0.36345,-0.95336,-1.23009,-0.43766,-1.04936,-0.97546,-0.38087,-1.00236,-0.7868,-0.33411,-0.41868,-0.80225,-0.42557,-1.01102,-0.75664,-0.5051,-1.02441,-0.5544,-0.42199,-0.91496,-0.4967,-0.37374,-0.40063,-0.3596,-0.46767,-0.92834,-0.37715,-0.53712,-0.89608,-0.2393,-0.43593,-0.78531,-0.20845,-0.37991,-0.38119,0.07271,-0.5027,-0.76196,0.13748,-0.5927,-0.97047,0.12951,-0.59364,-1.13453,0.06123,-0.59804,,,
2026-09-29T15:58:05.855021,Experto1,Y,170.66875630060653,92.38371142682578,72.30705457240961,56.02513352841004,150.82540669779905,0.0,0.0,0.0,-0.12358,-0.61007,0.01518,-0.35336,-1.18513,-0.04752,-0.57516,-1.59065,-0.10359,-0.77126,-1.88285,-0.16131,-0.4021,-1.20408,-0.35594,-0.90824,-1.229,-0.41894,-1.00807,-0.98136,-0.34689,-0.96558,-0.78883,-0.28832,-0.38908,-0.82078,-0.41826,-0.97407,-0.77171,-0.48705,-0.97942,-0.55441,-0.38853,-0.86651,-0.49607,-0.32844,-0.37734,-0.38919,-0.46002,-0.90623,-0.39832,-0.51775,-0.86806,-0.24134,-0.3994,-0.75451,-0.19847,-0.33235,-0.36502,0.03822,-0.49563,-0.74776,0.0973,-0.5837,-0.95311,0.07283,-0.5782,-1.11264,-0.01436,-0.57569,,,
2026-09-29T15:58:06.076347,Experto1,Y,157.24123421276417,92.62664319484594,75.67408539256682,62.452007392809364,149.12089038414504,0.0,0.0,0.0,-0.12859,-0.6363,0.02413,-0.35036,-1.21776,-0.03451,-0.57998,-1.60178,-0.08391,-0.81084,-1.70169,-0.1359,-0.40749,-1.19137,-0.37324,-0.92543,-1.23843,-0.43701,-1.03698,-0.99564,-0.35911,-1.0026,-0.81328,-0.29519,-0.38951,-0.80667,-0.44449,-0.98433,-0.79276,-0.51243,-1.01299,-0.5722,-0.40579,-0.91218,-0.50664,-0.33869,-0.37968,-0.37223,-0.49378,-0.92109,-0.39478,-0.54725,-0.90812,-0.24186,-0.42631,-0.81161,-0.19925,-0.35861,-0.36434,0.06342,-0.53698,-0.75097,0.12008,-0.61707,-0.96288,0.07723,-0.6067,-1.12633,-0.0132,-0.60301,,,
2026-09-29T15:58:06.321457,Experto1,Y,152.37506425241236,91.54258896826431,74.94481324141803,62.68246202993057,146.69933665515242,0.0,0.0,0.0,-0.12973,-0.6405,0.01883,-0.34956,-1.22927,-0.04178,-0.57917,-1.61532,-0.09064,-0.81105,-1.6435,-0.14207,-0.40834,-1.19393,-0.38701,-0.92977,-1.24125,-0.45263,-1.03967,-0.98984,-0.37309,-1.00009,-0.80536,-0.30873,-0.38656,-0.80202,-0.45534,-0.98361,-0.78517,-0.52686,-1.00909,-0.55463,-0.41729,-0.9056,-0.49605,-0.34858,-0.37532,-0.3623,-0.50165,-0.92137,-0.38974,-0.55958,-0.90881,-0.21952,-0.43744,-0.80939,-0.17293,-0.36884,-0.3607,0.07327,-0.54214,-0.74448,0.1324,-0.62778,-0.96106,0.08136,-0.62214,-1.12591,-0.0222,-0.62252,,,
2026-09-29T15:58:06.582585,Experto1,Y,151.72677758048684,93.28652584697468,77.9781833223875,67.64036439406841,150.68467263955472,0.0,0.0,0.0,-0.1339,-0.63667,0.02043,-0.3553,-1.22154,-0.04171,-0.58136,-1.6071,-0.09329,-0.80817,-1.61615,-0.14922,-0.40844,-1.19353,-0.38381,-0.92109,-1.23625,-0.45192,-1.03539,-0.98394,-0.37675,-1.00235,-0.80062,-0.31604,-0.38066,-0.80575,-0.45373,-0.9705,-0.79267,-0.52838,-1.00571,-0.561,-0.42447,-0.91305,-0.49829,-0.36003,-0.36513,-0.36664,-0.50153,-0.90821,-0.38879,-0.56356,-0.91184,-0.22235,-0.44851,-0.82538,-0.17298,-0.38427,-0.34896,0.07127,-0.54277,-0.73531,0.11794,-0.62959,-0.95339,0.07386,-0.62497,-1.1202,-0.01897,-0.62632,,,
2026-09-29T15:58:06.796499,Experto1,Y,152.07324289325956,93.32430531686279,77.29313446922843,65.15342457755344,148.93098309110476,0.0,0.0,0.0,-0.13399,-0.63979,0.02091,-0.35664,-1.22244,-0.04364,-0.58542,-1.60423,-0.09833,-0.81798,-1.62693,-0.15758,-0.40788,-1.19216,-0.38748,-0.92491,-1.22657,-0.45371,-1.03522,-0.97651,-0.37536,-0.99912,-0.79239,-0.31172,-0.38472,-0.80121,-0.45831,-0.97291,-0.78296,-0.52819,-1.00251,-0.55136,-0.41948,-0.9073,-0.48861,-0.35179,-0.37135,-0.3601,-0.50657,-0.91255,-0.38481,-0.56307,-0.90737,-0.22063,-0.44064,-0.81438,-0.17204,-0.37221,-0.35654,0.07982,-0.54871,-0.74061,0.12588,-0.63292,-0.95615,0.07714,-0.6241,-1.12093,-0.02153,-0.62201,,,
2026-09-29T15:58:07.045239,Experto1,Y,153.24447665654867,92.59721990237084,76.85554057852057,63.7430395919298,147.36225753601664,0.0,0.0,0.0,-0.13227,-0.64324,0.02255,-0.35764,-1.22348,-0.0378,-0.58934,-1.60316,-0.08906,-0.82114,-1.64224,-0.14456,-0.40822,-1.19451,-0.37864,-0.92654,-1.22955,-0.44706,-1.03515,-0.97537,-0.37162,-0.99627,-0.78563,-0.30933,-0.38565,-0.80569,-0.4496,-0.97332,-0.78241,-0.52354,-1.00013,-0.5497,-0.41806,-0.90252,-0.48417,-0.35111,-0.37304,-0.36602,-0.49872,-0.91398,-0.38985,-0.56104,-0.90465,-0.22395,-0.44157,-0.80952,-0.1748,-0.37293,-0.35832,0.07179,-0.54129,-0.74093,0.12656,-0.63051,-0.95664,0.07623,-0.62461,-1.12248,-0.02423,-0.62311,,,
2026-09-29T15:58:07.246486,Experto1,Y,149.06718177847395,89.55980142659617,73.24167128246697,60.26207910536976,146.76514404491186,0.0,0.0,0.0,-0.12868,-0.64272,0.01852,-0.36279,-1.23494,-0.03977,-0.59868,-1.61643,-0.08633,-0.82623,-1.5908,-0.1369,-0.40191,-1.20288,-0.38148,-0.92472,-1.25471,-0.44926,-1.02995,-1.0008,-0.37602,-0.98228,-0.81217,-0.3157,-0.38119,-0.80903,-0.4474,-0.97179,-0.79346,-0.51836,-0.99028,-0.56067,-0.41356,-0.88405,-0.50497,-0.34852,-0.37156,-0.36752,-0.49144,-0.91214,-0.39983,-0.54957,-0.89608,-0.23384,-0.43407,-0.79337,-0.18888,-0.36972,-0.36107,0.06824,-0.52923,-0.74538,0.11858,-0.61121,-0.95851,0.06341,-0.60638,-1.11898,-0.04492,-0.60866,,,
2026-09-29T15:58:07.479553,Experto1,Y,142.56727592542046,92.75267586801047,77.1209002171895,65.69600209078303,136.69272986428692,0.0,0.0,0.0,-0.13276,-0.65982,0.02403,-0.36512,-1.2435,-0.03342,-0.59889,-1.60508,-0.07844,-0.81477,-1.51203,-0.12949,-0.41131,-1.2026,-0.38356,-0.93044,-1.23124,-0.44613,-1.03906,-0.98038,-0.36767,-0.99418,-0.79697,-0.30177,-0.38261,-0.80616,-0.45135,-0.97058,-0.78569,-0.51713,-1.00235,-0.55893,-0.40838,-0.90169,-0.49211,-0.33807,-0.36897,-0.36653,-0.49463,-0.91457,-0.38395,-0.54255,-0.91683,-0.23223,-0.41951,-0.81671,-0.18744,-0.34816,-0.35822,0.07671,-0.53133,-0.76897,0.11881,-0.59427,-0.95793,0.03474,-0.56908,-1.07623,-0.09684,-0.55559,,,
2026-09-29T15:58:07.646494,Experto1,Y,139.30415088622837,91.7925144101403,74.05193793888546,59.795385120245186,121.21609831577861,0.0,0.0,0.0,-0.13307,-0.6708,0.01639,-0.37107,-1.26693,-0.04611,-0.61306,-1.62245,-0.09225,-0.83208,-1.50608,-0.14338,-0.40996,-1.20231,-0.40713,-0.93557,-1.24161,-0.47167,-1.04864,-1.02301,-0.38589,-0.99889,-0.8461,-0.30819,-0.38507,-0.79567,-0.46758,-0.9838,-0.77691,-0.52542,-1.01671,-0.58707,-0.40243,-0.90544,-0.53436,-0.31749,-0.37553,-0.35928,-0.5028,-0.9259,-0.38323,-0.54649,-0.92216,-0.26768,-0.41155,-0.8018,-0.23511,-0.32615,-0.37294,0.07527,-0.53196,-0.80423,0.12138,-0.59123,-0.96252,0.01599,-0.55459,-1.02692,-0.14399,-0.52637,,,
2026-09-29T15:58:07.813071,Experto1,Y,140.19473335161666,92.48360897620044,77.6239105155672,66.01493276150495,125.68570399447856,0.0,0.0,0.0,-0.12966,-0.66525,0.02872,-0.36665,-1.24003,-0.02695,-0.60461,-1.57919,-0.06857,-0.81674,-1.4764,-0.1155,-0.40311,-1.19914,-0.39824,-0.91903,-1.25955,-0.46481,-1.04427,-1.02739,-0.38196,-1.00858,-0.84105,-0.30617,-0.37869,-0.80074,-0.46411,-0.97072,-0.78398,-0.52219,-1.01598,-0.58527,-0.39687,-0.90953,-0.51804,-0.31001,-0.37275,-0.36367,-0.50463,-0.91218,-0.3807,-0.54359,-0.92039,-0.25493,-0.40326,-0.81182,-0.21522,-0.31516,-0.37246,0.06974,-0.53877,-0.79175,0.10696,-0.59161,-0.95614,0.00817,-0.54975,-1.03336,-0.14403,-0.51845,,,
2026-09-29T16:32:22.877485,invitado,Y,134.25815775117422,177.5870748842671,174.89474706207548,24.710020926254384,29.58719672798678,0.0,0.0,0.0,-0.10842,-0.1995,-0.1397,-0.09199,-0.47122,-0.21595,0.08764,-0.61877,-0.28557,0.23481,-0.73353,-0.34622,-0.01342,-0.97404,-0.1332,-0.03328,-1.40608,-0.22908,-0.04332,-1.6741,-0.29945,-0.03911,-1.90872,-0.3541,0.14385,-0.98093,-0.13068,0.2114,-1.44261,-0.22754,0.27022,-1.70556,-0.30906,0.32796,-1.968,-0.36982,0.24817,-0.859,-0.1419,0.35849,-1.20363,-0.2652,0.33365,-0.97655,-0.29617,0.29558,-0.80314,-0.29579,0.33301,-0.64194,-0.16561,0.43361,-0.84131,-0.26866,0.39104,-0.73103,-0.28905,0.32164,-0.6234,-0.28929,,,
2026-09-29T16:32:23.045480,invitado,Y,132.2676449811057,177.7028647514028,175.53700506268675,25.79464330839739,32.381353290979824,0.0,0.0,0.0,-0.11098,-0.2063,-0.13577,-0.10153,-0.47588,-0.21184,0.07274,-0.61929,-0.28188,0.21886,-0.72638,-0.34387,-0.0161,-0.97702,-0.13112,-0.03044,-1.40368,-0.22449,-0.03696,-1.67264,-0.2926,-0.02983,-1.90828,-0.34622,0.13953,-0.98163,-0.13016,0.21471,-1.43052,-0.22569,0.27676,-1.69155,-0.30541,0.33559,-1.94995,-0.36487,0.2422,-0.85754,-0.14259,0.35778,-1.18571,-0.26536,0.32872,-0.96662,-0.2978,0.28592,-0.79555,-0.2987,0.3241,-0.64016,-0.16697,0.42141,-0.82354,-0.27104,0.37708,-0.71526,-0.29358,0.30675,-0.61107,-0.29537,,,
2026-09-29T16:32:23.179041,invitado,Y,131.74365150870167,177.25549439445857,175.16767007592455,24.151065345270432,30.509485879440394,0.0,0.0,0.0,-0.10863,-0.21374,-0.13303,-0.09765,-0.47951,-0.20845,0.07565,-0.61979,-0.27926,0.22082,-0.71993,-0.34167,-0.01321,-0.98102,-0.12519,-0.02479,-1.4079,-0.21918,-0.0294,-1.67227,-0.28993,-0.02009,-1.90674,-0.34592,0.14255,-0.98177,-0.12574,0.21834,-1.42912,-0.22131,0.28053,-1.6878,-0.30304,0.34161,-1.94775,-0.36477,0.24409,-0.85599,-0.13977,0.35788,-1.18915,-0.26083,0.32321,-0.96175,-0.29077,0.27623,-0.78395,-0.28995,0.32569,-0.63649,-0.16607,0.42378,-0.83012,-0.26849,0.3789,-0.72793,-0.28922,0.30503,-0.6245,-0.28966,,,
2026-09-29T16:32:23.309825,invitado,Y,130.676510843452,177.6659588868761,176.2243356134384,26.1345365304015,31.860362187074422,0.0,0.0,0.0,-0.11117,-0.2025,-0.13973,-0.10104,-0.46671,-0.21861,0.0755,-0.59958,-0.29116,0.22215,-0.7005,-0.35554,-0.01213,-0.97735,-0.13383,-0.02408,-1.40307,-0.23158,-0.02824,-1.67671,-0.30251,-0.01831,-1.91635,-0.35702,0.14468,-0.98063,-0.13201,0.22279,-1.42924,-0.23211,0.28621,-1.69499,-0.31265,0.34577,-1.95462,-0.37056,0.24704,-0.855,-0.14428,0.36506,-1.17779,-0.2735,0.33152,-0.94979,-0.30567,0.28392,-0.7731,-0.30294,0.32882,-0.63361,-0.16853,0.42822,-0.81608,-0.27683,0.38115,-0.70189,-0.29779,0.30567,-0.59338,-0.29608,,,
2026-09-29T16:32:23.445527,invitado,Y,130.91494253961386,177.91559906887434,176.18242069528196,26.00510757390756,33.15563089231177,0.0,0.0,0.0,-0.10917,-0.19871,-0.1407,-0.10073,-0.45828,-0.22173,0.07295,-0.58796,-0.29669,0.21858,-0.69225,-0.36375,-0.00772,-0.97837,-0.13652,-0.01624,-1.39692,-0.23665,-0.02012,-1.66724,-0.31069,-0.01003,-1.90616,-0.36821,0.14952,-0.97937,-0.13593,0.23135,-1.42708,-0.23771,0.29554,-1.69286,-0.32108,0.35717,-1.95322,-0.38231,0.25086,-0.8497,-0.14928,0.37362,-1.169,-0.27883,0.33034,-0.94204,-0.31099,0.27584,-0.76574,-0.30952,0.33029,-0.62401,-0.17489,0.42903,-0.80185,-0.28447,0.37819,-0.68914,-0.3062,0.30088,-0.58419,-0.30574,,,
2026-09-29T16:32:23.586994,invitado,Y,131.08168129367044,177.46325689523735,176.20872963956086,23.932583161963635,30.768716280752255,0.0,0.0,0.0,-0.11102,-0.19572,-0.14123,-0.10799,-0.45104,-0.22514,0.06103,-0.58955,-0.30289,0.20823,-0.69225,-0.37257,-0.00959,-0.98128,-0.14353,-0.01739,-1.40962,-0.24249,-0.02025,-1.67782,-0.31588,-0.00849,-1.91441,-0.37378,0.14688,-0.97876,-0.14298,0.23091,-1.42936,-0.24374,0.29267,-1.69596,-0.32749,0.35543,-1.958,-0.39072,0.2487,-0.84515,-0.1555,0.37234,-1.16891,-0.2804,0.32069,-0.9437,-0.30779,0.26344,-0.76463,-0.30541,0.32833,-0.61668,-0.18071,0.42604,-0.8032,-0.28668,0.37113,-0.69312,-0.30544,0.29456,-0.5834,-0.30412,,,
2026-09-29T16:32:23.745707,invitado,Y,130.83844049006765,177.87944019771052,176.39938260977783,25.211378757380228,33.24922834799596,0.0,0.0,0.0,-0.11092,-0.19987,-0.13887,-0.10632,-0.45441,-0.22009,0.06391,-0.58697,-0.29518,0.20779,-0.69001,-0.36262,-0.01342,-0.97829,-0.1383,-0.02289,-1.39849,-0.23631,-0.02669,-1.66796,-0.30778,-0.01694,-1.90694,-0.36359,0.14259,-0.98021,-0.13732,0.22447,-1.42563,-0.23759,0.28715,-1.68852,-0.31821,0.34841,-1.94652,-0.37746,0.24441,-0.8506,-0.1497,0.36628,-1.17165,-0.27775,0.32351,-0.94442,-0.30722,0.27167,-0.76574,-0.30407,0.32506,-0.62561,-0.17409,0.42118,-0.80092,-0.28338,0.368,-0.68831,-0.30469,0.29099,-0.58113,-0.30365,,,
2026-09-29T16:32:23.908935,invitado,Y,130.07592835744254,177.61379684819684,176.24176659188583,23.815396938824012,30.80212020040846,0.0,0.0,0.0,-0.11214,-0.20205,-0.13771,-0.10942,-0.45936,-0.22004,0.06183,-0.59446,-0.29663,0.20895,-0.69446,-0.36583,-0.01425,-0.98029,-0.14173,-0.02431,-1.40394,-0.23969,-0.0286,-1.67024,-0.31243,-0.01913,-1.90914,-0.37005,0.14192,-0.97964,-0.142,0.22527,-1.42917,-0.24108,0.28799,-1.69261,-0.32285,0.34995,-1.95714,-0.38478,0.24322,-0.84745,-0.15494,0.36567,-1.17605,-0.27999,0.31901,-0.94381,-0.30726,0.26366,-0.76243,-0.3045,0.32268,-0.61909,-0.18002,0.42109,-0.8052,-0.28693,0.36671,-0.68931,-0.30576,0.28802,-0.57821,-0.30433,,,
2026-09-29T16:32:24.070341,invitado,Y,128.52225022353386,177.7607879667049,176.3485781873681,24.910248440424652,32.396378980061776,0.0,0.0,0.0,-0.11298,-0.19636,-0.13957,-0.1118,-0.45258,-0.22255,0.05809,-0.57805,-0.29957,0.20439,-0.67391,-0.36948,-0.01258,-0.98037,-0.14213,-0.02092,-1.39905,-0.24251,-0.02428,-1.66844,-0.31719,-0.01368,-1.9089,-0.376,0.14403,-0.97922,-0.14277,0.22752,-1.42776,-0.24454,0.29086,-1.69339,-0.32822,0.35301,-1.95739,-0.39067,0.24513,-0.84487,-0.15644,0.36941,-1.1693,-0.2852,0.32228,-0.93836,-0.31463,0.26653,-0.75785,-0.31211,0.32376,-0.61445,-0.18223,0.42013,-0.79565,-0.29218,0.36783,-0.67988,-0.31228,0.29272,-0.57272,-0.31092,,,
2026-09-29T16:32:24.220721,invitado,Y,129.02250774247125,177.68880848312443,176.86861181041118,24.14999640425527,31.77788238787407,0.0,0.0,0.0,-0.11322,-0.19775,-0.13923,-0.10947,-0.45879,-0.22218,0.06037,-0.58222,-0.29956,0.20481,-0.67902,-0.36996,-0.01042,-0.97937,-0.1426,-0.01971,-1.39784,-0.24444,-0.02332,-1.66675,-0.31963,-0.01224,-1.90616,-0.3782,0.14631,-0.97872,-0.14386,0.23116,-1.42876,-0.24734,0.2928,-1.69632,-0.33134,0.35389,-1.96148,-0.39311,0.24759,-0.84529,-0.15805,0.37233,-1.17285,-0.28822,0.3177,-0.93928,-0.31647,0.25797,-0.75766,-0.31213,0.32661,-0.61553,-0.18431,0.42342,-0.79659,-0.29447,0.3693,-0.68147,-0.31316,0.29452,-0.57566,-0.31009,,,
2026-09-29T16:32:24.371416,invitado,Y,129.43399589715742,177.8547348135561,177.03709387424576,24.517208739305108,33.32063794934415,0.0,0.0,0.0,-0.11286,-0.19495,-0.14163,-0.10696,-0.45127,-0.22506,0.06457,-0.57365,-0.30216,0.20959,-0.67209,-0.37197,-0.00649,-0.97969,-0.14303,-0.01286,-1.39851,-0.24564,-0.01471,-1.67066,-0.32097,-0.00244,-1.91106,-0.37923,0.15159,-0.97808,-0.14277,0.23888,-1.42611,-0.24716,0.30223,-1.69556,-0.33115,0.36522,-1.95966,-0.39237,0.25338,-0.8436,-0.15578,0.38065,-1.16259,-0.28612,0.32344,-0.93435,-0.31415,0.26156,-0.75724,-0.30945,0.33176,-0.61307,-0.18117,0.42632,-0.7821,-0.29098,0.37085,-0.67067,-0.30992,0.29571,-0.57195,-0.30686,,,
2026-09-29T16:32:24.520542,invitado,Y,128.34297884806642,177.45540207269093,176.7887113477543,24.010628779215914,31.403572079513953,0.0,0.0,0.0,-0.1129,-0.19616,-0.14082,-0.10926,-0.45696,-0.22422,0.06156,-0.577,-0.30171,0.20678,-0.67236,-0.37217,-0.00543,-0.98081,-0.14339,-0.01253,-1.40109,-0.24467,-0.01363,-1.66914,-0.31942,-0.00041,-1.90759,-0.37758,0.15244,-0.97781,-0.14371,0.24103,-1.42756,-0.24648,0.30464,-1.69295,-0.32995,0.36805,-1.95686,-0.39127,0.25361,-0.84285,-0.15706,0.37774,-1.16985,-0.2865,0.32316,-0.9361,-0.31426,0.26483,-0.75391,-0.30958,0.33201,-0.61115,-0.18264,0.42984,-0.79127,-0.29197,0.37747,-0.67626,-0.31012,0.30573,-0.57037,-0.30666,,,
2026-09-29T16:32:24.687053,invitado,Y,130.4399808411598,177.82325418453203,176.84929088629718,25.164387026529354,32.5929282404616,0.0,0.0,0.0,-0.112,-0.19713,-0.13835,-0.11327,-0.44773,-0.22167,0.05247,-0.57931,-0.29907,0.1947,-0.68413,-0.3694,-0.01454,-0.98052,-0.14153,-0.02009,-1.39864,-0.24124,-0.02036,-1.66851,-0.31377,-0.00817,-1.90791,-0.36983,0.14178,-0.97966,-0.14197,0.22885,-1.42717,-0.24297,0.29345,-1.69291,-0.32274,0.35612,-1.95166,-0.38087,0.24371,-0.84517,-0.15559,0.368,-1.16346,-0.28439,0.32272,-0.94041,-0.31313,0.26935,-0.76075,-0.30896,0.32299,-0.61526,-0.18101,0.41962,-0.79042,-0.29039,0.36567,-0.67972,-0.31012,0.28927,-0.57205,-0.3076,,,
2026-09-29T16:32:28.205658,invitado,Y,163.44679246648366,38.96434894219019,30.43128498708486,26.58512485026796,17.99926308312084,0.0,0.0,0.0,0.01203,-0.49405,0.02883,-0.02521,-1.08642,-0.01759,-0.00126,-1.52589,-0.07361,0.13563,-1.81272,-0.13301,-0.07585,-1.22987,-0.14848,-0.4328,-1.42584,-0.22961,-0.40461,-1.20558,-0.24371,-0.29301,-1.11901,-0.24301,-0.13811,-0.96889,-0.20538,-0.53225,-1.15231,-0.26913,-0.47206,-0.96185,-0.22867,-0.35101,-0.88659,-0.20425,-0.21784,-0.67324,-0.25638,-0.57909,-0.88304,-0.31066,-0.51797,-0.71806,-0.24198,-0.40056,-0.63706,-0.19668,-0.30282,-0.38552,-0.30181,-0.60824,-0.61815,-0.33604,-0.56053,-0.53033,-0.29077,-0.45884,-0.45962,-0.25414,,,
2026-09-29T16:32:28.377110,invitado,Y,164.32570012648176,36.710023581513,28.730190196286177,25.643815763282642,19.45780286279972,0.0,0.0,0.0,0.01364,-0.50435,0.03278,-0.0219,-1.10487,-0.01914,0.00308,-1.5478,-0.08018,0.13369,-1.85303,-0.14631,-0.07799,-1.2306,-0.16959,-0.44479,-1.44702,-0.24899,-0.41649,-1.22633,-0.25855,-0.30353,-1.13572,-0.25456,-0.14779,-0.96217,-0.22888,-0.54503,-1.17182,-0.28761,-0.48736,-0.97935,-0.24188,-0.365,-0.89911,-0.21561,-0.23305,-0.6633,-0.27939,-0.59562,-0.89249,-0.3248,-0.53264,-0.72881,-0.24798,-0.41064,-0.64603,-0.20058,-0.32175,-0.37262,-0.32366,-0.62512,-0.62323,-0.34929,-0.56744,-0.52652,-0.29337,-0.45764,-0.44467,-0.25108,,,
2026-09-29T16:32:28.571693,invitado,Y,163.6324912118374,33.647929814426824,25.85728273117561,24.29997061346525,20.320149582711707,0.0,0.0,0.0,0.02074,-0.51346,0.03906,-0.00873,-1.1138,-0.01501,0.02221,-1.55991,-0.07924,0.1622,-1.8566,-0.14957,-0.06886,-1.23145,-0.17967,-0.43926,-1.46905,-0.25645,-0.40366,-1.24688,-0.26274,-0.28983,-1.14913,-0.25719,-0.14803,-0.95903,-0.24156,-0.53827,-1.1927,-0.29602,-0.47581,-1.00288,-0.24665,-0.35567,-0.91734,-0.22056,-0.24224,-0.66115,-0.29267,-0.59635,-0.92791,-0.33058,-0.5314,-0.76193,-0.24853,-0.4123,-0.66897,-0.20081,-0.33788,-0.37459,-0.3371,-0.62989,-0.64976,-0.35613,-0.56921,-0.55258,-0.29598,-0.4633,-0.46348,-0.25276,,,
2026-09-29T16:32:28.740509,invitado,Y,163.77204429501552,30.876770033465924,25.318737700569525,24.699104470631145,21.472478445719766,0.0,0.0,0.0,0.02587,-0.52071,0.04489,0.00047,-1.11987,-0.01084,0.03034,-1.56789,-0.07595,0.17501,-1.86368,-0.14778,-0.06224,-1.23222,-0.19349,-0.43395,-1.4825,-0.26285,-0.39602,-1.26675,-0.25891,-0.28273,-1.16727,-0.24694,-0.1461,-0.95548,-0.25635,-0.53508,-1.20587,-0.30393,-0.47223,-1.01752,-0.2472,-0.35323,-0.92585,-0.21785,-0.24515,-0.65825,-0.30556,-0.5954,-0.93745,-0.33406,-0.52829,-0.77211,-0.24652,-0.40913,-0.67511,-0.19861,-0.34518,-0.3726,-0.34723,-0.62808,-0.65971,-0.35873,-0.56156,-0.55794,-0.29334,-0.45546,-0.4642,-0.24861,,,
2026-09-29T16:32:28.909745,invitado,Y,163.8677286206642,30.914884799364536,26.03042354733111,25.19425992742094,21.833756907123075,0.0,0.0,0.0,0.0271,-0.51883,0.0465,0.00209,-1.11368,-0.00615,0.03189,-1.55974,-0.06823,0.17515,-1.85414,-0.1371,-0.05947,-1.22812,-0.18923,-0.42809,-1.48032,-0.25495,-0.39167,-1.26383,-0.24839,-0.28003,-1.1623,-0.23515,-0.14507,-0.95679,-0.25201,-0.52769,-1.20782,-0.2964,-0.46711,-1.01735,-0.23887,-0.35119,-0.92447,-0.20932,-0.24477,-0.66382,-0.30096,-0.5881,-0.94565,-0.32771,-0.52336,-0.77784,-0.23956,-0.40728,-0.67851,-0.19138,-0.34453,-0.37843,-0.3423,-0.6235,-0.67265,-0.35322,-0.55951,-0.56818,-0.28694,-0.45595,-0.47078,-0.24151,,,
2026-09-29T16:32:29.154016,invitado,Y,163.70852435499546,30.992845510427422,24.94549121019724,24.502874877607077,21.00541916661905,0.0,0.0,0.0,0.02956,-0.51967,0.04128,0.00326,-1.12234,-0.01438,0.03561,-1.57419,-0.07848,0.17999,-1.87217,-0.14895,-0.05111,-1.22954,-0.19636,-0.42653,-1.49089,-0.26729,-0.39034,-1.27277,-0.26452,-0.27822,-1.1684,-0.25315,-0.13844,-0.95632,-0.25744,-0.52899,-1.21908,-0.30641,-0.46749,-1.02818,-0.25039,-0.35017,-0.93446,-0.22122,-0.24069,-0.66432,-0.30539,-0.59163,-0.956,-0.3363,-0.52594,-0.78734,-0.24832,-0.40843,-0.68647,-0.19919,-0.34351,-0.3824,-0.34621,-0.62625,-0.67812,-0.36055,-0.5614,-0.5742,-0.29566,-0.45706,-0.47746,-0.25063,,,
2026-09-29T16:32:29.339912,invitado,Y,163.44095236020976,30.339947912473743,23.532102462376827,23.155939012498834,20.359316598334154,0.0,0.0,0.0,0.0282,-0.51555,0.03998,-0.00031,-1.119,-0.01528,0.03108,-1.57471,-0.07868,0.17849,-1.87148,-0.14818,-0.05187,-1.23185,-0.19156,-0.42597,-1.49356,-0.26458,-0.38977,-1.27997,-0.26449,-0.27673,-1.17987,-0.2543,-0.1384,-0.95789,-0.25159,-0.5299,-1.22287,-0.3023,-0.46744,-1.03722,-0.2481,-0.3483,-0.94762,-0.21909,-0.24183,-0.66401,-0.29936,-0.59479,-0.96749,-0.33358,-0.52939,-0.80179,-0.24877,-0.41174,-0.70249,-0.20023,-0.34577,-0.38192,-0.33992,-0.62869,-0.68261,-0.3566,-0.56415,-0.58222,-0.29444,-0.46098,-0.48964,-0.25041,,,
2026-09-29T16:32:29.487137,invitado,Y,164.90893769881686,30.947865006774947,25.00260445054603,23.93947304284472,20.469182435509268,0.0,0.0,0.0,0.03353,-0.51636,0.03981,0.01396,-1.1136,-0.0125,0.04467,-1.56113,-0.07293,0.18117,-1.85741,-0.13915,-0.0429,-1.23085,-0.18799,-0.40648,-1.49108,-0.25774,-0.37439,-1.28018,-0.25599,-0.26557,-1.17552,-0.24543,-0.1324,-0.95969,-0.24794,-0.51189,-1.21978,-0.29708,-0.45348,-1.0296,-0.24394,-0.33776,-0.93367,-0.21645,-0.23529,-0.66907,-0.29534,-0.57407,-0.9579,-0.32854,-0.51044,-0.79056,-0.24298,-0.39557,-0.689,-0.19456,-0.33851,-0.38759,-0.33563,-0.61245,-0.68763,-0.35223,-0.54913,-0.58137,-0.28825,-0.44719,-0.48263,-0.24304,,,
2026-09-29T16:32:29.645742,invitado,Y,165.19154473561315,31.211284063493768,24.81306843862963,23.876899290026095,20.37742204114154,0.0,0.0,0.0,0.03118,-0.52005,0.04202,0.01332,-1.11552,-0.00991,0.04518,-1.55929,-0.07058,0.17874,-1.86064,-0.13697,-0.04238,-1.23216,-0.18384,-0.40433,-1.49471,-0.25379,-0.37408,-1.28414,-0.25372,-0.26559,-1.17641,-0.24427,-0.13146,-0.96051,-0.24523,-0.51177,-1.22462,-0.29387,-0.45406,-1.03475,-0.24177,-0.33786,-0.93629,-0.21539,-0.23314,-0.66992,-0.29412,-0.57241,-0.95992,-0.32673,-0.50887,-0.79355,-0.24144,-0.39403,-0.69124,-0.19358,-0.33476,-0.38926,-0.33581,-0.61011,-0.69179,-0.3526,-0.54655,-0.5864,-0.28862,-0.44413,-0.48668,-0.24347,,,
2026-09-29T16:32:29.804836,invitado,Y,164.4534262730254,31.581615169932526,24.24070768369829,23.299418539986643,19.835484673544606,0.0,0.0,0.0,0.03329,-0.51594,0.03462,0.01763,-1.11724,-0.02203,0.05527,-1.56432,-0.08671,0.19681,-1.8636,-0.15703,-0.03114,-1.2309,-0.18798,-0.39785,-1.5044,-0.2655,-0.37025,-1.28779,-0.27128,-0.26044,-1.18098,-0.26481,-0.11915,-0.96163,-0.24712,-0.50599,-1.23477,-0.30167,-0.44957,-1.04215,-0.25216,-0.33236,-0.94531,-0.2259,-0.22261,-0.67089,-0.29528,-0.56917,-0.97266,-0.33307,-0.50814,-0.80235,-0.25004,-0.39276,-0.69865,-0.20178,-0.32652,-0.39155,-0.33686,-0.60791,-0.69568,-0.35592,-0.54662,-0.59162,-0.2942,-0.44387,-0.4927,-0.24986,,,
2026-09-29T16:32:29.945470,invitado,Y,164.0724804818214,31.3030675599408,23.44474882029802,23.399919112521108,19.611397113036656,0.0,0.0,0.0,0.03164,-0.51213,0.03904,0.01192,-1.11461,-0.01547,0.0491,-1.56322,-0.07851,0.19097,-1.85999,-0.14749,-0.03143,-1.22692,-0.18943,-0.39968,-1.50423,-0.26495,-0.37048,-1.28848,-0.26936,-0.26237,-1.17881,-0.26269,-0.11982,-0.96056,-0.25094,-0.5046,-1.24206,-0.30479,-0.44819,-1.05355,-0.25453,-0.33198,-0.95358,-0.22867,-0.22413,-0.6743,-0.30049,-0.56956,-0.98511,-0.33678,-0.50837,-0.81634,-0.25098,-0.39397,-0.70992,-0.20194,-0.32893,-0.39854,-0.34329,-0.60743,-0.70616,-0.3632,-0.54452,-0.60015,-0.30063,-0.44242,-0.49938,-0.25605,,,
2026-09-29T16:32:30.106616,invitado,Y,164.85603880944717,29.95937873135943,24.435724246916322,24.484036937913626,21.09708268421623,0.0,0.0,0.0,0.03387,-0.51887,0.04418,0.01683,-1.11476,-0.0075,0.05045,-1.56147,-0.0683,0.18804,-1.86057,-0.13551,-0.03809,-1.22607,-0.18972,-0.39753,-1.50076,-0.25704,-0.36753,-1.28918,-0.25268,-0.26068,-1.17948,-0.24099,-0.12708,-0.95918,-0.25265,-0.50338,-1.23743,-0.30078,-0.44878,-1.04656,-0.24687,-0.33503,-0.94545,-0.21938,-0.22953,-0.67301,-0.30201,-0.56744,-0.97529,-0.33279,-0.5074,-0.80669,-0.24469,-0.3943,-0.70177,-0.19557,-0.33152,-0.39453,-0.34399,-0.60763,-0.70793,-0.35908,-0.54711,-0.60235,-0.29307,-0.44489,-0.49844,-0.24711,,,
2026-09-29T16:32:30.244229,invitado,Y,164.97238173773547,29.958698420502756,22.92640216206217,23.167012382147398,20.185178583939727,0.0,0.0,0.0,0.03477,-0.52311,0.04133,0.01393,-1.12421,-0.00998,0.04556,-1.5725,-0.07043,0.17927,-1.87263,-0.13704,-0.04081,-1.22837,-0.18714,-0.40774,-1.51192,-0.25916,-0.37616,-1.29736,-0.26077,-0.26709,-1.18424,-0.25241,-0.13222,-0.95949,-0.24878,-0.51421,-1.24731,-0.29943,-0.45676,-1.0576,-0.24908,-0.34124,-0.95639,-0.2235,-0.23582,-0.67247,-0.29781,-0.5792,-0.98405,-0.33191,-0.51595,-0.81777,-0.24567,-0.40091,-0.71172,-0.19649,-0.33879,-0.39297,-0.33986,-0.6163,-0.70995,-0.35881,-0.55328,-0.60932,-0.29474,-0.44978,-0.50651,-0.24896,,,
2026-09-29T16:37:43.909953,ale,Y,171.93970777754285,173.93159373564362,15.313341800050718,26.979761961801714,153.27723040867843,0.0,0.0,0.0,0.05223,-0.57351,0.08208,-0.01898,-1.08767,0.09017,-0.07786,-1.53437,0.09321,-0.01864,-1.85718,0.08145,-0.25334,-1.13233,-0.10213,-0.53513,-1.54229,-0.15091,-0.71874,-1.79539,-0.20821,-0.86634,-1.99144,-0.26312,-0.39775,-0.9102,-0.1155,-0.56343,-1.11345,-0.07878,-0.44543,-0.95986,-0.03397,-0.36679,-0.85301,-0.0376,-0.48576,-0.64953,-0.11142,-0.65431,-0.86195,-0.05161,-0.54647,-0.76194,0.01724,-0.43962,-0.64351,0.02397,-0.55238,-0.37554,-0.09884,-0.80412,-0.53964,-0.08502,-0.9465,-0.54664,-0.07142,-1.07724,-0.57022,-0.07849,,,
2026-09-29T16:37:44.077107,ale,Y,172.52134873113042,174.75734571194639,15.314132536331243,27.137772788823483,157.32373614248507,0.0,0.0,0.0,0.05631,-0.57549,0.0728,-0.01471,-1.10146,0.07666,-0.07735,-1.54874,0.07784,-0.01902,-1.87382,0.06515,-0.24557,-1.13343,-0.11822,-0.53394,-1.55743,-0.16938,-0.71769,-1.81714,-0.22329,-0.86493,-2.01373,-0.27539,-0.38978,-0.91193,-0.12825,-0.5719,-1.1232,-0.09661,-0.45242,-0.97252,-0.04793,-0.37153,-0.87317,-0.04755,-0.47865,-0.65407,-0.12117,-0.66166,-0.87564,-0.06376,-0.55484,-0.77114,0.01107,-0.44649,-0.65149,0.02247,-0.54699,-0.3821,-0.10691,-0.80474,-0.54993,-0.09909,-0.95256,-0.56869,-0.08827,-1.0868,-0.60173,-0.09621,,,
2026-09-29T16:37:44.374816,ale,Y,172.54573588388567,175.32772548124447,13.287468680763562,25.302512902254797,156.82595866983291,0.0,0.0,0.0,0.05056,-0.57605,0.05782,-0.0172,-1.10155,0.04762,-0.07813,-1.55635,0.03712,-0.01748,-1.88544,0.01351,-0.2545,-1.12714,-0.14966,-0.5443,-1.55619,-0.2144,-0.73189,-1.8204,-0.27282,-0.88297,-2.01618,-0.32746,-0.40171,-0.90208,-0.15774,-0.57466,-1.12724,-0.1413,-0.45143,-0.98308,-0.08977,-0.37103,-0.88046,-0.0859,-0.49171,-0.63778,-0.15026,-0.67309,-0.88001,-0.1102,-0.56263,-0.78541,-0.03421,-0.45282,-0.66177,-0.01927,-0.55881,-0.36386,-0.13636,-0.81755,-0.52415,-0.14341,-0.96442,-0.53902,-0.13758,-1.09956,-0.56682,-0.14783,,,
2026-09-29T16:37:45.289951,ale,Y,174.82757531081452,179.50482006352163,43.14262405461047,42.51794266968537,38.624942685237436,0.0,0.0,0.0,0.02714,-0.6974,-0.09773,-0.15119,-1.40347,-0.18084,-0.34298,-1.9612,-0.20363,-0.35238,-2.46216,-0.23005,-0.34215,-1.14198,-0.5068,-0.79788,-1.54697,-0.70136,-1.08945,-1.8297,-0.84159,-1.32753,-2.02622,-0.92839,-0.50511,-0.7552,-0.41778,-0.90856,-1.17148,-0.44326,-0.79984,-1.22438,-0.34911,-0.67586,-1.12874,-0.30945,-0.62845,-0.40041,-0.31653,-0.99189,-0.82993,-0.32012,-0.85971,-0.85796,-0.21298,-0.70072,-0.74412,-0.15519,-0.72755,-0.15694,-0.21373,-1.03167,-0.54155,-0.21097,-0.94657,-0.54753,-0.14387,-0.83723,-0.4589,-0.10451,,,
2026-09-29T16:37:45.809742,ale,Y,177.08574857922713,172.28766068642062,25.258996485058397,30.430429956061722,177.68505834218405,0.0,0.0,0.0,0.2171,-0.41893,-0.03838,0.32036,-0.90487,-0.09693,0.36476,-1.33665,-0.12793,0.44512,-1.64688,-0.16443,0.06534,-1.01875,-0.29236,-0.02827,-1.65734,-0.37657,-0.1086,-2.018,-0.43771,-0.20722,-2.29193,-0.49106,-0.13125,-0.95623,-0.26154,-0.16793,-1.51072,-0.27169,-0.07258,-1.3927,-0.22348,-0.03815,-1.25784,-0.2165,-0.28075,-0.84205,-0.21644,-0.30482,-1.41145,-0.20014,-0.2181,-1.30761,-0.1201,-0.17451,-1.13248,-0.09319,-0.39438,-0.73622,-0.17235,-0.53777,-1.23599,-0.21033,-0.6207,-1.50237,-0.22043,-0.69651,-1.72951,-0.23521,,,
2026-09-29T16:37:47.710027,ale,Y,177.25283148064918,177.67159741184315,8.041985734310119,17.38023501292871,172.84183663846315,0.0,0.0,0.0,0.09687,-0.50248,-0.02473,0.07664,-1.15552,-0.06436,-0.01103,-1.65465,-0.0871,0.00663,-2.0409,-0.1157,-0.04256,-1.16101,-0.23715,-0.31355,-1.71371,-0.30655,-0.47183,-2.03218,-0.33047,-0.60523,-2.27994,-0.35552,-0.19523,-0.95049,-0.24176,-0.46918,-1.41527,-0.30875,-0.41074,-1.24006,-0.26954,-0.32544,-1.0756,-0.24375,-0.32554,-0.70165,-0.23562,-0.57011,-1.17091,-0.27589,-0.52824,-1.01766,-0.19708,-0.44784,-0.85761,-0.14915,-0.45602,-0.47937,-0.22953,-0.69714,-0.89573,-0.28743,-0.8219,-1.14036,-0.29591,-0.9165,-1.3678,-0.30447,,,
2026-09-29T16:37:48.013078,ale,Y,156.90173295681407,168.46216022333454,20.039992983117113,19.29299483239588,172.4912711448628,0.0,0.0,0.0,0.05216,-0.52204,0.01745,-0.07701,-1.07254,-0.02193,-0.28672,-1.42575,-0.05304,-0.45956,-1.59311,-0.08866,-0.01819,-1.20597,-0.2101,-0.32935,-1.66559,-0.27555,-0.51617,-1.86076,-0.28774,-0.66147,-1.99717,-0.29984,-0.15018,-0.95542,-0.25419,-0.50682,-1.38758,-0.31604,-0.47525,-1.19074,-0.26593,-0.38512,-1.06097,-0.2341,-0.28371,-0.66989,-0.28527,-0.58669,-1.12931,-0.33187,-0.54309,-0.94754,-0.24751,-0.45088,-0.80257,-0.19595,-0.41396,-0.42012,-0.31246,-0.64904,-0.83626,-0.37225,-0.77832,-1.08637,-0.37252,-0.88116,-1.3169,-0.37766,,,
2026-09-29T16:37:48.172059,ale,Y,154.34137809162868,100.76312926827937,95.75700738687732,65.65153641689285,163.12372663438526,0.0,0.0,0.0,-0.05038,-0.59805,-0.04387,-0.29592,-1.19477,-0.17511,-0.63376,-1.54283,-0.28912,-0.90453,-1.73473,-0.40486,0.00485,-1.2642,-0.42041,-0.41603,-1.73994,-0.56031,-0.6823,-1.66494,-0.58717,-0.80677,-1.50161,-0.59371,-0.0766,-0.88166,-0.46562,-0.56888,-1.42785,-0.58484,-0.78502,-1.35336,-0.55454,-0.84409,-1.23465,-0.54578,-0.20864,-0.53104,-0.49453,-0.66743,-1.06966,-0.58338,-0.77741,-1.00003,-0.50016,-0.76216,-0.87083,-0.45345,-0.35978,-0.2254,-0.52029,-0.7156,-0.64997,-0.6004,-0.86032,-0.87272,-0.57998,-0.9235,-1.03743,-0.57029,,,
2026-09-29T16:40:47.246338,exp3,Y,166.9800324214676,75.50589055221016,67.40099925188082,62.89655967632956,154.37405352078073,-0.0,0.0,0.0,-0.03754,-0.5135,0.06645,-0.09953,-0.99093,0.04653,-0.11436,-1.37321,0.01052,-0.03806,-1.65926,-0.01887,-0.35971,-1.11005,-0.07634,-0.68346,-0.98136,-0.07864,-0.62049,-0.79948,-0.04002,-0.51561,-0.75372,-0.02031,-0.44069,-0.88578,-0.14558,-0.75342,-0.77109,-0.1409,-0.66586,-0.60856,-0.09836,-0.55488,-0.5608,-0.085,-0.50826,-0.59499,-0.20057,-0.77419,-0.50922,-0.20623,-0.68584,-0.35238,-0.15416,-0.58091,-0.32051,-0.13332,-0.55727,-0.26359,-0.24711,-0.85252,-0.32993,-0.27384,-1.0282,-0.28253,-0.25529,-1.17755,-0.26729,-0.24444,,,
2026-09-29T16:40:47.446879,exp3,Y,166.58327278461113,74.49446541095,64.39945057312512,59.584874491267556,155.5929861729925,-0.0,0.0,0.0,-0.04172,-0.51826,0.06613,-0.10632,-1.01051,0.04728,-0.12213,-1.39381,0.01264,-0.04095,-1.67844,-0.01551,-0.36116,-1.11369,-0.08015,-0.68999,-0.98631,-0.08595,-0.62682,-0.80468,-0.04871,-0.52078,-0.76017,-0.02894,-0.44374,-0.88369,-0.14895,-0.76516,-0.77774,-0.14715,-0.6769,-0.61615,-0.10349,-0.56141,-0.5702,-0.08829,-0.51278,-0.58866,-0.20374,-0.78332,-0.50665,-0.21134,-0.69235,-0.35296,-0.15834,-0.58271,-0.32658,-0.13591,-0.56381,-0.25188,-0.24991,-0.86493,-0.32636,-0.27659,-1.04454,-0.28467,-0.25772,-1.19549,-0.27758,-0.24679,,,
2026-09-29T16:40:47.611126,exp3,Y,165.8562969918676,79.56287191780885,68.03520434528325,62.60993380787398,155.06796353909766,-0.0,0.0,0.0,-0.04956,-0.50089,0.08256,-0.11664,-0.97732,0.0737,-0.13459,-1.34653,0.04802,-0.05184,-1.61469,0.02737,-0.35675,-1.10286,-0.07726,-0.68155,-0.96202,-0.07096,-0.62344,-0.77421,-0.02175,-0.52102,-0.7286,0.00388,-0.44114,-0.8846,-0.15128,-0.76041,-0.7648,-0.14034,-0.67438,-0.59763,-0.08866,-0.55895,-0.55395,-0.06972,-0.51,-0.59224,-0.20849,-0.77901,-0.50411,-0.20666,-0.69002,-0.34561,-0.14891,-0.5817,-0.31974,-0.12656,-0.5583,-0.25393,-0.25569,-0.85969,-0.32163,-0.28165,-1.03991,-0.27354,-0.26426,-1.18971,-0.26031,-0.25568,,,
2026-09-29T16:40:47.819687,exp3,Y,165.00291754458283,79.22666195417868,68.41565298422272,62.87010401420199,155.12115880938904,-0.0,0.0,0.0,-0.05321,-0.49906,0.08431,-0.12545,-0.98167,0.07813,-0.14729,-1.35532,0.05555,-0.05628,-1.61753,0.03731,-0.35257,-1.10272,-0.07956,-0.68345,-0.95995,-0.07588,-0.62519,-0.77037,-0.02798,-0.51994,-0.72297,-0.0035,-0.43861,-0.8855,-0.15334,-0.76623,-0.76294,-0.14647,-0.6792,-0.59105,-0.09552,-0.56293,-0.54494,-0.0765,-0.51102,-0.59317,-0.21001,-0.78536,-0.49996,-0.21282,-0.69213,-0.33686,-0.15493,-0.58115,-0.30908,-0.13162,-0.56232,-0.25274,-0.25618,-0.86539,-0.3138,-0.28775,-1.0474,-0.26046,-0.27316,-1.19956,-0.24493,-0.26605,,,
2026-09-29T16:40:47.977754,exp3,Y,164.68764512952458,78.67139075088802,66.1091595602956,60.524919668911195,155.6785031214085,-0.0,0.0,0.0,-0.04958,-0.5099,0.07845,-0.12337,-0.99576,0.06921,-0.14192,-1.37206,0.04339,-0.05132,-1.64035,0.0218,-0.36166,-1.10868,-0.07773,-0.69937,-0.97492,-0.07849,-0.64517,-0.78432,-0.03527,-0.54325,-0.73648,-0.01204,-0.44559,-0.88263,-0.1497,-0.78026,-0.76982,-0.14542,-0.69429,-0.59843,-0.09782,-0.57738,-0.55467,-0.07939,-0.51574,-0.58592,-0.20564,-0.79545,-0.50138,-0.21085,-0.70357,-0.33846,-0.15594,-0.59279,-0.31406,-0.13235,-0.56457,-0.24512,-0.25157,-0.87026,-0.31234,-0.27979,-1.05243,-0.2634,-0.26264,-1.20463,-0.25374,-0.25295,,,
2026-09-29T16:40:48.143447,exp3,Y,165.22746456033272,79.6867611994582,67.06345836474624,60.904424825404234,156.86873704180448,-0.0,0.0,0.0,-0.04687,-0.50321,0.08446,-0.12094,-0.98365,0.07917,-0.14347,-1.35846,0.05624,-0.05698,-1.62605,0.03691,-0.36213,-1.10507,-0.06932,-0.69796,-0.97168,-0.0657,-0.64546,-0.78201,-0.02033,-0.54555,-0.7317,0.00334,-0.44576,-0.8836,-0.14335,-0.77983,-0.77,-0.13616,-0.69429,-0.59765,-0.08814,-0.57915,-0.55184,-0.06968,-0.51547,-0.58829,-0.20082,-0.79933,-0.50427,-0.20366,-0.70775,-0.34028,-0.14852,-0.59795,-0.31423,-0.12556,-0.56283,-0.24793,-0.2479,-0.86905,-0.30743,-0.2774,-1.04988,-0.25732,-0.26217,-1.20232,-0.24769,-0.25374,,,
2026-09-29T16:40:48.308705,exp3,Y,165.03580289838493,78.7653446300793,67.38039327720293,62.837807693162596,153.93999540245608,-0.0,0.0,0.0,-0.05345,-0.49777,0.07959,-0.12762,-0.97973,0.06985,-0.14822,-1.35342,0.04209,-0.06198,-1.62028,0.01899,-0.36031,-1.10344,-0.07337,-0.69949,-0.94856,-0.0775,-0.63804,-0.76298,-0.03761,-0.53358,-0.71933,-0.01721,-0.44142,-0.88489,-0.1487,-0.77895,-0.75474,-0.14908,-0.69131,-0.58776,-0.10252,-0.57595,-0.5466,-0.084,-0.5095,-0.58866,-0.209,-0.79632,-0.49419,-0.21993,-0.70687,-0.33014,-0.16468,-0.59952,-0.30398,-0.13931,-0.55786,-0.24324,-0.25941,-0.86701,-0.30122,-0.29317,-1.04837,-0.24288,-0.27766,-1.19988,-0.22228,-0.26803,,,
2026-09-29T16:40:48.475717,exp3,Y,164.95975719479432,77.78663550885165,66.83913665588071,61.97769776786809,154.7611661360554,-0.0,0.0,0.0,-0.05645,-0.49801,0.08574,-0.13326,-0.97953,0.08013,-0.15695,-1.35178,0.056,-0.07101,-1.61172,0.03616,-0.35678,-1.10374,-0.07073,-0.69647,-0.95667,-0.07381,-0.63368,-0.76792,-0.03322,-0.52709,-0.72178,-0.01257,-0.43655,-0.88749,-0.14762,-0.77771,-0.76236,-0.14763,-0.68959,-0.59265,-0.10023,-0.57295,-0.54971,-0.08121,-0.50467,-0.59347,-0.20881,-0.79667,-0.50077,-0.21777,-0.70623,-0.33704,-0.16137,-0.59733,-0.31095,-0.1361,-0.55383,-0.25117,-0.25961,-0.8637,-0.30931,-0.29333,-1.04497,-0.25341,-0.27877,-1.19669,-0.23492,-0.27026,,,
2026-09-29T16:40:48.673116,exp3,Y,164.97683237142144,78.85461588641435,67.36363632211955,61.85622297029608,155.59131220783948,-0.0,0.0,0.0,-0.05686,-0.49758,0.08104,-0.13594,-0.98215,0.07337,-0.16057,-1.35751,0.04825,-0.07518,-1.62201,0.02732,-0.35868,-1.10439,-0.07787,-0.70432,-0.95155,-0.08408,-0.64482,-0.76351,-0.04459,-0.5405,-0.71797,-0.02456,-0.43892,-0.88548,-0.15256,-0.78513,-0.75255,-0.15636,-0.69669,-0.58249,-0.11015,-0.58133,-0.54208,-0.09171,-0.50743,-0.59009,-0.21192,-0.80371,-0.48938,-0.22579,-0.71113,-0.32669,-0.17186,-0.60194,-0.30352,-0.14753,-0.55639,-0.24684,-0.26091,-0.86795,-0.2925,-0.29963,-1.05091,-0.22994,-0.28867,-1.20549,-0.2082,-0.28217,,,
2026-09-29T16:40:48.843517,exp3,Y,165.05180042409864,79.89687174031164,69.21501855269666,63.815569008276334,155.20579296213194,-0.0,0.0,0.0,-0.05667,-0.49357,0.08188,-0.13577,-0.98178,0.07736,-0.16106,-1.35652,0.05552,-0.07529,-1.617,0.0374,-0.35833,-1.10381,-0.0735,-0.69979,-0.94603,-0.07772,-0.64122,-0.75978,-0.03763,-0.53769,-0.71449,-0.01754,-0.43681,-0.88735,-0.14768,-0.7809,-0.74894,-0.15096,-0.69425,-0.57636,-0.10562,-0.57972,-0.53384,-0.08725,-0.50461,-0.59331,-0.20647,-0.79902,-0.48913,-0.2209,-0.7087,-0.32334,-0.16873,-0.60162,-0.29815,-0.1449,-0.5533,-0.25016,-0.2547,-0.86305,-0.2986,-0.2941,-1.04561,-0.23699,-0.28419,-1.20007,-0.21499,-0.27813,,,
2026-09-29T16:40:49.010823,exp3,Y,164.06519410552053,79.4796421168948,68.36050179490192,62.846388748060484,155.7069646884446,-0.0,0.0,0.0,-0.05727,-0.49547,0.07982,-0.13859,-0.98055,0.0734,-0.16039,-1.35428,0.04903,-0.07102,-1.61471,0.02795,-0.36435,-1.10439,-0.06974,-0.70981,-0.948,-0.07872,-0.65177,-0.76097,-0.04506,-0.54934,-0.71715,-0.02848,-0.44164,-0.88563,-0.14359,-0.78908,-0.74543,-0.14923,-0.70096,-0.57274,-0.10739,-0.58606,-0.53433,-0.09058,-0.50856,-0.5906,-0.20289,-0.80585,-0.48334,-0.21915,-0.71389,-0.31894,-0.16907,-0.60544,-0.2977,-0.14537,-0.55675,-0.24695,-0.25194,-0.86808,-0.29323,-0.29021,-1.05066,-0.23227,-0.27932,-1.20486,-0.21081,-0.272,,,
2026-09-29T16:40:49.178148,exp3,Y,164.6166058068638,79.08771200810449,67.15118341370253,62.32931662682891,156.20509431353707,-0.0,0.0,0.0,-0.05687,-0.4984,0.0835,-0.13395,-0.98575,0.07479,-0.1539,-1.36414,0.04747,-0.06605,-1.63008,0.02388,-0.37063,-1.10197,-0.07446,-0.7118,-0.94274,-0.08054,-0.6483,-0.75339,-0.04224,-0.54254,-0.70943,-0.02373,-0.44973,-0.8801,-0.15223,-0.79722,-0.74837,-0.15748,-0.70475,-0.57331,-0.11179,-0.58499,-0.52828,-0.09308,-0.51632,-0.58356,-0.21467,-0.81257,-0.48391,-0.22757,-0.71652,-0.3144,-0.17144,-0.60419,-0.28772,-0.14583,-0.5617,-0.23889,-0.26697,-0.87405,-0.28035,-0.30525,-1.05905,-0.21664,-0.29357,-1.21519,-0.19462,-0.28685,,,
2026-09-29T16:40:49.326093,exp3,Y,164.18665897322916,80.4047694066723,68.48955064776408,63.59615944987145,156.20199097874672,-0.0,0.0,0.0,-0.05438,-0.50068,0.0828,-0.13398,-0.98196,0.07445,-0.15481,-1.3607,0.04655,-0.06574,-1.62974,0.02165,-0.36838,-1.10184,-0.06566,-0.71571,-0.9493,-0.07385,-0.65951,-0.75855,-0.04039,-0.56154,-0.71403,-0.02431,-0.4464,-0.88341,-0.14256,-0.79799,-0.75021,-0.14724,-0.71033,-0.57314,-0.10494,-0.59452,-0.52851,-0.08783,-0.51236,-0.59032,-0.20493,-0.81073,-0.48604,-0.21807,-0.71824,-0.31639,-0.16629,-0.60919,-0.29136,-0.14254,-0.55752,-0.24917,-0.25734,-0.86802,-0.28682,-0.29345,-1.05128,-0.22092,-0.28195,-1.20658,-0.1968,-0.27491,,,
2026-09-29T16:40:49.541456,exp3,Y,164.1503984102088,79.59636068307921,67.66140121164743,62.18434890791425,156.36056534497308,-0.0,0.0,0.0,-0.05706,-0.50326,0.08261,-0.14118,-0.99486,0.07499,-0.16324,-1.38009,0.04823,-0.07441,-1.65532,0.02452,-0.37677,-1.10208,-0.06853,-0.72543,-0.95,-0.07582,-0.66906,-0.7598,-0.04116,-0.5692,-0.71787,-0.02469,-0.45224,-0.88001,-0.14508,-0.80456,-0.74687,-0.14912,-0.7171,-0.57181,-0.10671,-0.6002,-0.53052,-0.09024,-0.51605,-0.58185,-0.2067,-0.81725,-0.4801,-0.21908,-0.72625,-0.3145,-0.16735,-0.61668,-0.29254,-0.14428,-0.55935,-0.23792,-0.25828,-0.87409,-0.27515,-0.29528,-1.05972,-0.20887,-0.28476,-1.21632,-0.18342,-0.27865,,,
2026-09-29T16:40:49.705936,exp3,Y,163.80063168847195,80.34988411401427,68.56556619039416,62.87689986089947,157.39720085646306,-0.0,0.0,0.0,-0.06276,-0.49882,0.07963,-0.15037,-0.98559,0.0701,-0.1757,-1.36839,0.04161,-0.0864,-1.63631,0.01636,-0.37742,-1.09679,-0.06997,-0.72253,-0.93811,-0.08083,-0.66464,-0.74718,-0.04945,-0.56335,-0.70393,-0.03499,-0.4534,-0.8792,-0.14638,-0.80613,-0.73972,-0.15578,-0.7175,-0.56126,-0.1158,-0.59912,-0.51866,-0.0995,-0.51869,-0.58389,-0.20844,-0.82135,-0.47714,-0.22488,-0.72789,-0.3083,-0.1734,-0.61624,-0.28417,-0.14915,-0.56336,-0.23984,-0.26085,-0.87577,-0.27003,-0.29933,-1.0611,-0.20347,-0.28911,-1.21708,-0.17888,-0.28285,,,
2026-09-29T16:40:49.874459,exp3,Y,163.74948083159035,80.393486092208,68.03964946162696,61.90362445174914,157.2114354349827,-0.0,0.0,0.0,-0.06538,-0.50211,0.07936,-0.15461,-0.9899,0.06933,-0.18017,-1.37369,0.04041,-0.09167,-1.64291,0.01478,-0.38466,-1.10215,-0.07335,-0.73643,-0.93584,-0.08704,-0.67738,-0.74495,-0.05586,-0.57518,-0.70305,-0.04061,-0.45952,-0.87539,-0.1501,-0.82069,-0.72969,-0.16233,-0.73016,-0.5527,-0.12205,-0.61045,-0.51189,-0.10477,-0.52424,-0.57377,-0.21267,-0.83459,-0.45828,-0.23286,-0.73773,-0.29232,-0.18225,-0.62466,-0.27313,-0.1575,-0.56852,-0.22432,-0.26529,-0.88568,-0.24869,-0.30618,-1.07217,-0.17652,-0.29696,-1.23046,-0.14826,-0.29087,,,
2026-09-29T16:40:50.074237,exp3,Y,163.9589965506667,79.77359884253637,66.79218701534441,61.29689199992868,157.4293531271197,-0.0,0.0,0.0,-0.06708,-0.49019,0.08241,-0.15642,-0.97838,0.07458,-0.18303,-1.35984,0.04709,-0.09641,-1.62849,0.02275,-0.38836,-1.09884,-0.06457,-0.73184,-0.9229,-0.07608,-0.66768,-0.73469,-0.04609,-0.56024,-0.6969,-0.033,-0.46214,-0.87515,-0.14332,-0.81586,-0.72765,-0.15421,-0.72255,-0.55374,-0.11503,-0.59919,-0.51792,-0.09947,-0.52521,-0.5766,-0.2082,-0.82813,-0.46014,-0.22712,-0.72844,-0.2944,-0.17642,-0.61211,-0.27794,-0.15284,-0.56722,-0.23081,-0.2632,-0.87951,-0.25309,-0.30516,-1.06542,-0.17971,-0.29761,-1.22241,-0.15189,-0.29347,,,
2026-09-29T16:40:54.694038,exp3,Y,164.63832801111582,82.35762736077297,63.314261307252835,41.97408570012422,170.3610012547461,-0.0,0.0,0.0,-0.21438,-0.57166,0.06402,-0.4778,-1.0644,0.04756,-0.67186,-1.48672,0.03239,-0.66996,-1.91209,0.02981,-0.8305,-0.9194,-0.11845,-1.00112,-0.56098,-0.08678,-0.8669,-0.43697,-0.02333,-0.72319,-0.48179,0.00657,-0.86666,-0.46939,-0.16901,-1.09342,-0.24343,-0.12383,-0.94941,-0.15695,-0.05408,-0.79634,-0.16824,-0.03458,-0.84767,-0.01953,-0.19604,-1.03895,0.11072,-0.15713,-0.90355,0.14478,-0.07813,-0.75642,0.09258,-0.05577,-0.79408,0.39404,-0.21252,-1.14561,0.51726,-0.22355,-1.33981,0.65251,-0.19761,-1.51101,0.70047,-0.19072,,,
2026-09-29T16:40:54.842066,exp3,Y,165.0354807840065,82.1491817872155,62.56630111465338,44.72760795269408,166.18892146499968,-0.0,0.0,0.0,-0.20865,-0.56901,0.0593,-0.45504,-1.06737,0.04091,-0.63218,-1.49573,0.024,-0.62389,-1.90891,0.02017,-0.79438,-0.95514,-0.13055,-0.98746,-0.58438,-0.1056,-0.85873,-0.4531,-0.03814,-0.70886,-0.49417,-0.00224,-0.83902,-0.51273,-0.18208,-1.07698,-0.29727,-0.15016,-0.94129,-0.20326,-0.08256,-0.78808,-0.20891,-0.06038,-0.83091,-0.0645,-0.2106,-1.02195,0.07396,-0.18715,-0.89159,0.12449,-0.11085,-0.74451,0.07972,-0.08504,-0.79042,0.35849,-0.22825,-1.14815,0.43055,-0.24818,-1.35176,0.54912,-0.22309,-1.52487,0.58824,-0.21393,,,
2026-09-29T16:40:54.981444,exp3,Y,165.63212747741508,84.60653922840233,61.400511488485435,42.195867838031226,170.53033546291982,-0.0,0.0,0.0,-0.19775,-0.58537,0.06812,-0.43712,-1.08816,0.05228,-0.61236,-1.51984,0.0375,-0.60301,-1.93415,0.03533,-0.78317,-0.97128,-0.12655,-0.96935,-0.65201,-0.09219,-0.84264,-0.51459,-0.0212,-0.70128,-0.54098,0.0146,-0.83127,-0.52661,-0.17798,-1.07298,-0.33989,-0.13295,-0.93422,-0.24493,-0.05815,-0.78073,-0.24169,-0.03403,-0.82556,-0.08243,-0.20459,-1.02162,0.01469,-0.16362,-0.89202,0.05982,-0.0821,-0.74599,0.02516,-0.05812,-0.78546,0.32673,-0.22013,-1.13709,0.41983,-0.23063,-1.33204,0.53647,-0.20503,-1.50021,0.5653,-0.19827,,,
2026-09-29T16:40:55.107438,exp3,Y,166.25270923290844,83.33724692165282,57.10456852346257,40.958883881811325,166.44676403851608,-0.0,0.0,0.0,-0.20297,-0.59297,0.08332,-0.43893,-1.09785,0.07341,-0.61051,-1.52349,0.06038,-0.60312,-1.91954,0.05849,-0.76714,-0.97717,-0.11803,-0.97649,-0.6624,-0.091,-0.85754,-0.5196,-0.02199,-0.71283,-0.5393,0.01421,-0.81762,-0.54717,-0.17917,-1.07969,-0.37428,-0.1436,-0.94377,-0.27564,-0.06773,-0.78842,-0.27602,-0.04006,-0.8148,-0.11526,-0.21538,-1.02514,-0.01982,-0.18049,-0.89636,0.03085,-0.09425,-0.75146,-0.00856,-0.06479,-0.7745,0.29184,-0.23966,-1.13341,0.36037,-0.25787,-1.3333,0.47602,-0.23308,-1.50229,0.50934,-0.22431,,,
2026-09-29T16:40:55.322399,exp3,Y,165.87906981296257,82.93393507940212,58.636759988003654,41.13813596764109,165.2079023528447,-0.0,0.0,0.0,-0.19536,-0.585,0.0607,-0.42927,-1.08744,0.04281,-0.59791,-1.51708,0.0255,-0.58879,-1.92019,0.02167,-0.7732,-0.97848,-0.12255,-0.96593,-0.65072,-0.09405,-0.84065,-0.51726,-0.02414,-0.69686,-0.54597,0.0137,-0.82117,-0.54326,-0.17478,-1.06921,-0.36269,-0.14146,-0.93392,-0.26781,-0.07178,-0.77902,-0.26659,-0.04589,-0.81737,-0.10504,-0.20416,-1.01467,-0.00553,-0.17784,-0.88296,0.04967,-0.10108,-0.73686,0.01642,-0.07339,-0.77974,0.30602,-0.22304,-1.1279,0.3659,-0.23785,-1.3228,0.47834,-0.21167,-1.48761,0.51374,-0.20111,,,
2026-09-29T16:40:55.474218,exp3,Y,165.50045159437272,85.18059558081347,61.14856624865553,42.21647159928235,168.50975910229806,-0.0,0.0,0.0,-0.18562,-0.56446,0.05907,-0.4208,-1.07637,0.0403,-0.58903,-1.50995,0.02255,-0.57165,-1.91698,0.0174,-0.76811,-0.97936,-0.1255,-0.94926,-0.64733,-0.10143,-0.82264,-0.50759,-0.04009,-0.68166,-0.53714,-0.00928,-0.81744,-0.54849,-0.17592,-1.06266,-0.35845,-0.14374,-0.92198,-0.25414,-0.0752,-0.76658,-0.25203,-0.05059,-0.81481,-0.1107,-0.20403,-1.01294,-0.00509,-0.17608,-0.88032,0.05153,-0.0996,-0.7328,0.01815,-0.07302,-0.77907,0.2985,-0.22202,-1.12616,0.37571,-0.23806,-1.32231,0.48947,-0.21469,-1.49077,0.51968,-0.20679,,,
2026-09-29T16:40:55.628479,exp3,Y,165.54337495319587,85.5868093811528,61.45222932736941,41.654692745108264,170.38445876574278,-0.0,0.0,0.0,-0.19263,-0.57521,0.06715,-0.42625,-1.09319,0.05171,-0.59303,-1.53104,0.03762,-0.57245,-1.93749,0.0354,-0.77284,-0.97998,-0.1243,-0.95705,-0.6617,-0.09234,-0.83298,-0.5216,-0.02586,-0.69174,-0.54545,0.00701,-0.82147,-0.54263,-0.17531,-1.06389,-0.36307,-0.13214,-0.92681,-0.26291,-0.06003,-0.77303,-0.25616,-0.03706,-0.81767,-0.10218,-0.2019,-1.01431,-0.00903,-0.16202,-0.88509,0.03845,-0.08202,-0.73797,0.00532,-0.05807,-0.77959,0.30612,-0.2176,-1.13101,0.38329,-0.22803,-1.32786,0.49062,-0.20286,-1.49601,0.51312,-0.19602,,,
2026-09-29T16:58:16.962918,rayexper,Y,170.37409710526148,120.53353813512513,87.08259311098954,71.26118164803204,158.83913764859128,0.0,0.0,0.0,-0.05332,-0.44663,0.1664,-0.15094,-0.80084,0.23295,-0.22946,-1.10961,0.26962,-0.21384,-1.36177,0.29851,-0.35799,-1.02872,0.099,-0.62588,-0.98208,0.1374,-0.71231,-0.77725,0.19141,-0.73914,-0.66558,0.22465,-0.42514,-0.90506,0.01066,-0.74455,-0.97967,0.02267,-0.81418,-0.75846,0.07937,-0.80955,-0.59443,0.12514,-0.4755,-0.67664,-0.06167,-0.79836,-0.87549,-0.06154,-0.8656,-0.68065,0.001,-0.87118,-0.53322,0.04431,-0.5072,-0.38284,-0.1185,-0.77258,-0.45456,-0.17302,-0.92847,-0.43809,-0.17909,-1.06014,-0.44094,-0.17129,,,
2026-09-29T16:58:17.150985,rayexper,Y,170.89922306915943,114.30061141332324,86.6663045346478,70.98325988622577,159.75771375570602,0.0,0.0,0.0,-0.05042,-0.44913,0.1685,-0.14407,-0.80714,0.23617,-0.22213,-1.12082,0.27373,-0.2059,-1.37342,0.30316,-0.35775,-1.02242,0.10102,-0.62719,-0.99788,0.14595,-0.7058,-0.79389,0.20409,-0.72575,-0.68592,0.23886,-0.42409,-0.90552,0.01382,-0.73686,-0.97649,0.03599,-0.79951,-0.75682,0.09403,-0.79172,-0.59932,0.13703,-0.47397,-0.68386,-0.05643,-0.79248,-0.88209,-0.0467,-0.85565,-0.69344,0.01642,-0.86001,-0.55017,0.05611,-0.50496,-0.3954,-0.11099,-0.76869,-0.46307,-0.15902,-0.9227,-0.44596,-0.16307,-1.05415,-0.44846,-0.156,,,
2026-09-29T16:58:17.350619,rayexper,Y,170.506237903484,116.05281701297417,87.37619672613069,71.80644385386826,160.31234200730148,0.0,0.0,0.0,-0.04552,-0.45465,0.16786,-0.14158,-0.80782,0.23759,-0.22417,-1.12067,0.27783,-0.20364,-1.37385,0.31093,-0.35479,-1.02764,0.10435,-0.62231,-0.99706,0.15438,-0.69989,-0.79738,0.21878,-0.71797,-0.69613,0.25796,-0.42391,-0.90549,0.01982,-0.73806,-0.96767,0.04629,-0.79594,-0.74657,0.1128,-0.78389,-0.59307,0.16289,-0.47508,-0.68141,-0.04807,-0.79445,-0.86499,-0.0365,-0.85305,-0.67289,0.0343,-0.85277,-0.53156,0.08087,-0.50582,-0.39089,-0.10058,-0.76866,-0.46118,-0.14735,-0.92005,-0.44909,-0.14764,-1.04907,-0.45776,-0.13635,,,
2026-09-29T16:58:17.592124,rayexper,Y,170.54627131648664,103.77465880274941,87.43777473065225,74.08216501849076,166.16601568877357,0.0,0.0,0.0,-0.04093,-0.44895,0.1786,-0.13951,-0.80078,0.25908,-0.22357,-1.11168,0.30958,-0.20275,-1.36129,0.35516,-0.3591,-1.03707,0.12567,-0.64384,-1.04708,0.18252,-0.71802,-0.84057,0.25144,-0.71852,-0.72124,0.295,-0.42777,-0.90286,0.04305,-0.74702,-0.95794,0.07982,-0.79941,-0.74031,0.14871,-0.779,-0.59096,0.19843,-0.48189,-0.67097,-0.0229,-0.79871,-0.83679,0.00033,-0.85443,-0.64916,0.07214,-0.85263,-0.50871,0.11664,-0.51335,-0.37392,-0.07279,-0.77409,-0.42356,-0.10605,-0.9235,-0.41393,-0.10372,-1.05211,-0.42845,-0.0931,,,
2026-09-29T16:58:17.850668,rayexper,Y,173.80643555561028,71.52850538619448,76.95142141572184,78.25556391079797,160.0868985489731,0.0,0.0,0.0,-0.04249,-0.46451,0.20333,-0.13176,-0.83334,0.29869,-0.21392,-1.12709,0.3669,-0.20115,-1.38053,0.4348,-0.35136,-1.04787,0.07803,-0.6286,-1.32086,0.11232,-0.74547,-1.15879,0.20379,-0.75639,-0.99465,0.27782,-0.41996,-0.90754,-0.00345,-0.72868,-1.01431,0.02427,-0.77585,-0.80137,0.13671,-0.73575,-0.65783,0.22549,-0.47649,-0.66678,-0.06721,-0.77617,-0.79945,-0.0503,-0.82021,-0.65628,0.06379,-0.80582,-0.54634,0.14396,-0.51989,-0.38852,-0.11169,-0.76962,-0.46312,-0.15665,-0.91484,-0.47475,-0.14534,-1.03365,-0.49812,-0.11942,,,
2026-09-29T16:58:18.050127,rayexper,Y,173.26392486918752,95.67148804819473,76.95731003601621,81.38180700736456,155.77490848381493,0.0,0.0,0.0,-0.04317,-0.46782,0.227,-0.13488,-0.83976,0.33044,-0.21477,-1.12275,0.40063,-0.20156,-1.3843,0.46742,-0.34873,-1.04035,0.11179,-0.60529,-1.36919,0.13527,-0.74545,-1.31941,0.21392,-0.80558,-1.23772,0.28307,-0.41513,-0.90958,0.01826,-0.73493,-1.03664,0.04461,-0.78876,-0.83457,0.16492,-0.75537,-0.68362,0.26585,-0.47067,-0.66857,-0.05922,-0.77547,-0.79938,-0.04593,-0.82306,-0.66859,0.08248,-0.81042,-0.57232,0.18041,-0.51788,-0.39298,-0.11635,-0.76937,-0.47713,-0.15935,-0.91655,-0.49402,-0.13577,-1.03729,-0.52135,-0.09539,,,
2026-09-29T16:58:18.249871,rayexper,Y,172.50959647145237,99.61993784371994,71.41401943943363,73.59184421782085,158.31786273870853,0.0,0.0,0.0,-0.0365,-0.46651,0.17206,-0.13117,-0.83955,0.24756,-0.2121,-1.1306,0.29619,-0.1973,-1.39531,0.34197,-0.34611,-1.04666,0.06749,-0.60527,-1.39976,0.0673,-0.75725,-1.36975,0.12486,-0.82833,-1.29229,0.17758,-0.41437,-0.91005,-0.01071,-0.74657,-1.05373,-0.01758,-0.80209,-0.83163,0.07096,-0.76966,-0.6764,0.14962,-0.46973,-0.66939,-0.07671,-0.79264,-0.81344,-0.09183,-0.83488,-0.65322,0.0074,-0.81964,-0.55043,0.08607,-0.51533,-0.38866,-0.1264,-0.77836,-0.47832,-0.18716,-0.92992,-0.48708,-0.18105,-1.0552,-0.51705,-0.15546,,,
2026-09-29T16:58:18.692581,rayexper,Y,173.12320290951263,90.8837054873573,76.7415808329575,77.65336566179961,157.02614205651844,0.0,0.0,0.0,-0.03596,-0.46464,0.19241,-0.12812,-0.82866,0.28169,-0.20883,-1.11375,0.3419,-0.19738,-1.37259,0.40033,-0.34695,-1.04283,0.09569,-0.60557,-1.38479,0.11086,-0.74885,-1.33084,0.18003,-0.80642,-1.23257,0.24185,-0.41441,-0.90995,0.01597,-0.74112,-1.02758,0.03065,-0.7955,-0.82018,0.13159,-0.76175,-0.67894,0.21664,-0.46979,-0.66962,-0.05045,-0.79146,-0.80087,-0.05014,-0.83593,-0.64931,0.05899,-0.82057,-0.5483,0.14317,-0.51298,-0.39421,-0.09892,-0.76961,-0.48219,-0.14949,-0.91893,-0.49265,-0.13572,-1.04072,-0.5181,-0.10406,,,
2026-09-29T16:58:18.912719,rayexper,Y,172.77823853525265,95.32910408109606,75.39231462728463,77.30833738460058,157.6759619362129,0.0,0.0,0.0,-0.03775,-0.47128,0.18696,-0.12798,-0.83543,0.27104,-0.20584,-1.11653,0.32532,-0.19194,-1.37662,0.37651,-0.34659,-1.04192,0.09033,-0.60077,-1.39141,0.09804,-0.74693,-1.35162,0.16143,-0.81265,-1.26615,0.21931,-0.41236,-0.91099,0.00762,-0.74138,-1.03882,0.01138,-0.8007,-0.82389,0.10518,-0.77165,-0.67077,0.18755,-0.46697,-0.6706,-0.06226,-0.78531,-0.80305,-0.06913,-0.83238,-0.64644,0.03767,-0.82082,-0.541,0.12191,-0.51139,-0.39187,-0.11498,-0.77118,-0.47519,-0.17011,-0.91949,-0.48743,-0.15717,-1.04205,-0.52041,-0.12506,,,
2026-09-29T16:58:19.088701,rayexper,Y,172.77681790525634,93.69717720307895,74.95677892934968,77.23561672899065,157.9453901647141,0.0,0.0,0.0,-0.03246,-0.46777,0.18566,-0.12463,-0.83925,0.27297,-0.204,-1.12714,0.33209,-0.18797,-1.38622,0.38884,-0.34048,-1.0463,0.09304,-0.60124,-1.39556,0.10484,-0.74692,-1.34953,0.1696,-0.80873,-1.25881,0.22818,-0.41032,-0.9118,0.01573,-0.73647,-1.04172,0.02536,-0.79412,-0.83038,0.12,-0.76268,-0.67924,0.20217,-0.46705,-0.67164,-0.04865,-0.78712,-0.80761,-0.04986,-0.83276,-0.65616,0.05578,-0.8192,-0.55477,0.13829,-0.51252,-0.39557,-0.09576,-0.7712,-0.48424,-0.14567,-0.9196,-0.49515,-0.13255,-1.04183,-0.52568,-0.10119,,,
2026-09-29T16:58:19.317274,rayexper,Y,172.37469880917084,95.11420205777304,81.72324548874023,79.30814642242889,157.1259436964957,0.0,0.0,0.0,-0.03249,-0.46923,0.17029,-0.12431,-0.83669,0.24737,-0.20163,-1.12177,0.29591,-0.18603,-1.37918,0.3407,-0.34934,-1.04262,0.08393,-0.60437,-1.3922,0.08799,-0.75243,-1.35429,0.14336,-0.82178,-1.26268,0.19527,-0.42176,-0.90667,0.00862,-0.74656,-1.00141,0.01126,-0.81304,-0.78405,0.09306,-0.79253,-0.63304,0.16456,-0.47795,-0.66658,-0.05503,-0.79228,-0.78773,-0.06558,-0.84312,-0.63037,0.02743,-0.83713,-0.52233,0.10187,-0.52222,-0.38688,-0.10235,-0.77959,-0.47254,-0.15673,-0.92764,-0.4793,-0.14658,-1.04955,-0.50384,-0.11708,,,
2026-09-29T16:58:19.550209,rayexper,Y,172.53501068783763,84.43719797413321,78.6825113741998,78.93003135258523,157.51743540722757,0.0,0.0,0.0,-0.03506,-0.47113,0.20407,-0.12548,-0.83619,0.29954,-0.20361,-1.11337,0.36243,-0.18454,-1.36856,0.42348,-0.35405,-1.03281,0.12371,-0.61334,-1.36765,0.14712,-0.75518,-1.28746,0.21967,-0.80985,-1.16758,0.28411,-0.42728,-0.90314,0.04199,-0.73837,-1.00349,0.0695,-0.78899,-0.78897,0.17289,-0.75344,-0.6441,0.25886,-0.48409,-0.66511,-0.02593,-0.78597,-0.76977,-0.00918,-0.81918,-0.61869,0.10659,-0.79639,-0.51781,0.19267,-0.52861,-0.39,-0.07608,-0.77937,-0.46341,-0.11409,-0.92616,-0.4668,-0.09421,-1.0484,-0.49046,-0.05861,,,
2026-09-29T16:58:19.750223,rayexper,Y,173.28004602696168,85.61523207948416,83.15478064964593,88.47066550781683,148.92944903851642,0.0,0.0,0.0,-0.05254,-0.47955,0.32032,-0.13373,-0.82259,0.46596,-0.20848,-1.07469,0.5661,-0.189,-1.33233,0.66555,-0.35161,-1.03962,0.20492,-0.59633,-1.33515,0.26943,-0.7253,-1.23595,0.37509,-0.77064,-1.11448,0.46196,-0.42346,-0.90176,0.08666,-0.7238,-1.01062,0.15723,-0.77125,-0.79434,0.30438,-0.73618,-0.64447,0.42021,-0.48453,-0.67062,-0.007,-0.76325,-0.77768,0.06012,-0.80349,-0.6308,0.21891,-0.78534,-0.52303,0.32941,-0.53176,-0.4096,-0.0734,-0.75794,-0.49047,-0.05598,-0.88138,-0.49056,0.00521,-0.9757,-0.49288,0.06698,,,
2026-09-29T16:58:19.951253,rayexper,Y,174.1429019748405,75.59513239018084,77.97543899999891,83.06219648221706,157.63280199305538,0.0,0.0,0.0,-0.03861,-0.46302,0.19979,-0.12073,-0.8071,0.28532,-0.20174,-1.07758,0.33689,-0.19573,-1.32806,0.38509,-0.34804,-1.03825,0.10744,-0.61534,-1.3594,0.11103,-0.7518,-1.24854,0.16559,-0.79123,-1.10589,0.2198,-0.41047,-0.91169,0.01822,-0.73255,-1.02534,0.02056,-0.79996,-0.82176,0.09975,-0.77066,-0.6739,0.17019,-0.46276,-0.6823,-0.05708,-0.76539,-0.79264,-0.05823,-0.82289,-0.64752,0.03268,-0.81817,-0.54297,0.10386,-0.50564,-0.41175,-0.11398,-0.75833,-0.4965,-0.14725,-0.89324,-0.50615,-0.12747,-0.99874,-0.52662,-0.095,,,
2026-09-29T16:58:20.181089,rayexper,Y,174.44317452491646,84.05561660227958,83.54742688477889,87.02899560525167,153.77090670917883,0.0,0.0,0.0,-0.04244,-0.46808,0.23384,-0.12616,-0.81976,0.34093,-0.20781,-1.08794,0.41034,-0.19907,-1.33762,0.47606,-0.3469,-1.03459,0.14615,-0.60974,-1.34146,0.16844,-0.749,-1.24549,0.23788,-0.80134,-1.12407,0.30204,-0.41339,-0.90925,0.04868,-0.73284,-1.00516,0.06985,-0.80374,-0.79694,0.1677,-0.78055,-0.64746,0.25265,-0.4711,-0.67651,-0.03296,-0.77103,-0.77874,-0.0209,-0.83402,-0.62954,0.08938,-0.83324,-0.51981,0.17571,-0.51669,-0.40748,-0.09366,-0.76527,-0.47593,-0.11725,-0.90036,-0.47425,-0.08546,-1.00584,-0.48411,-0.04186,,,
2026-09-29T16:58:20.414408,rayexper,Y,171.79476828231887,81.83721116379058,78.36555234170862,79.56150012256288,157.2575309885266,0.0,0.0,0.0,-0.0326,-0.46715,0.18607,-0.12157,-0.82862,0.26929,-0.1977,-1.10744,0.32168,-0.17447,-1.36267,0.3715,-0.34852,-1.03824,0.10132,-0.61236,-1.36292,0.11436,-0.75069,-1.27576,0.17601,-0.80198,-1.14723,0.23268,-0.42219,-0.90622,0.02263,-0.73451,-1.00927,0.04008,-0.78941,-0.80282,0.12997,-0.75861,-0.65674,0.2055,-0.47862,-0.66936,-0.04299,-0.78143,-0.78082,-0.03319,-0.82274,-0.63109,0.06889,-0.80945,-0.52466,0.1448,-0.52215,-0.39071,-0.09205,-0.76896,-0.4529,-0.12784,-0.908,-0.44792,-0.10935,-1.02407,-0.4618,-0.07701,,,
2026-09-29T16:58:20.625253,rayexper,Y,172.15973466373063,76.16213726362021,75.47622233188665,74.9705749563856,160.68909827714793,0.0,0.0,0.0,-0.03471,-0.46545,0.16391,-0.12756,-0.82695,0.23336,-0.20855,-1.11451,0.27562,-0.1923,-1.37651,0.31642,-0.35804,-1.04395,0.06417,-0.63395,-1.36555,0.06228,-0.7728,-1.25426,0.11581,-0.81412,-1.107,0.16644,-0.42703,-0.90417,-0.01104,-0.75243,-1.00472,-0.01465,-0.80347,-0.79029,0.06373,-0.76333,-0.64536,0.13024,-0.48078,-0.663,-0.07419,-0.79681,-0.77393,-0.08348,-0.83111,-0.61944,0.00538,-0.8089,-0.51757,0.07176,-0.52082,-0.3831,-0.12182,-0.78064,-0.44909,-0.17228,-0.92772,-0.44829,-0.16517,-1.04976,-0.47119,-0.14322,,,
2026-09-29T16:58:20.883566,rayexper,Y,171.99858540482848,76.52700995124322,77.50647129635739,79.98227745444147,160.60807892288614,0.0,0.0,0.0,-0.04697,-0.4732,0.20554,-0.13779,-0.8308,0.29807,-0.21828,-1.11864,0.35766,-0.19637,-1.36441,0.41403,-0.35402,-1.04941,0.11345,-0.63544,-1.24143,0.14988,-0.73773,-1.05445,0.22599,-0.73872,-0.90934,0.28495,-0.42088,-0.9068,0.02405,-0.72662,-1.01951,0.05078,-0.78497,-0.80732,0.1411,-0.75311,-0.66385,0.21194,-0.47635,-0.66872,-0.04851,-0.76812,-0.79207,-0.02715,-0.81834,-0.63923,0.06653,-0.80957,-0.52813,0.12976,-0.5164,-0.39466,-0.10252,-0.76333,-0.46735,-0.1305,-0.90183,-0.46878,-0.116,-1.01362,-0.48325,-0.09336,,,
2026-09-29T16:58:21.381902,rayexper,Y,172.8448497530592,94.66827623311623,75.28328437214736,78.50216479554365,123.41081545311177,0.0,0.0,0.0,-0.03936,-0.47544,0.23302,-0.1161,-0.82616,0.32579,-0.18682,-1.10468,0.38235,-0.17048,-1.35703,0.43102,-0.3215,-1.04777,0.11606,-0.60895,-1.13908,0.15415,-0.71169,-0.93624,0.22012,-0.72481,-0.82227,0.27127,-0.37936,-0.92516,0.01245,-0.703,-1.09003,0.0347,-0.78474,-0.87861,0.1209,-0.76537,-0.71521,0.19359,-0.42746,-0.69472,-0.06728,-0.7239,-0.876,-0.03461,-0.80012,-0.71012,0.0721,-0.8012,-0.57958,0.14863,-0.45825,-0.41088,-0.12625,-0.70066,-0.55193,-0.10821,-0.79378,-0.53827,-0.0478,-0.84291,-0.50119,0.00708,,,
2026-09-29T16:58:21.525156,rayexper,Y,173.14219651731332,101.18829019054535,76.84119123985245,78.94072562412262,127.95485314454477,0.0,0.0,0.0,-0.03848,-0.46591,0.23749,-0.11746,-0.82052,0.3345,-0.19176,-1.0962,0.3953,-0.17352,-1.34536,0.44853,-0.31687,-1.0423,0.12723,-0.58372,-1.11023,0.1774,-0.68243,-0.92005,0.2516,-0.70256,-0.81961,0.30606,-0.37872,-0.92523,0.02281,-0.68989,-1.08633,0.0474,-0.7728,-0.8873,0.13442,-0.76097,-0.72446,0.20919,-0.43116,-0.69904,-0.05653,-0.71844,-0.88411,-0.02203,-0.79448,-0.72637,0.0856,-0.79964,-0.59882,0.16379,-0.46488,-0.41534,-0.11467,-0.70386,-0.54622,-0.09478,-0.79709,-0.53704,-0.03416,-0.84939,-0.50706,0.02129,,,
2026-09-29T16:58:21.983056,rayexper,Y,171.2901283943581,96.80862714850463,70.51571990043028,72.56800178166615,137.03620375522448,0.0,0.0,0.0,-0.03663,-0.46212,0.17845,-0.12676,-0.79541,0.24838,-0.20518,-1.07622,0.28451,-0.19716,-1.32392,0.31318,-0.32921,-1.03013,0.11266,-0.59055,-1.093,0.12995,-0.68044,-0.91045,0.16581,-0.68965,-0.81645,0.19216,-0.39834,-0.91697,0.02214,-0.71015,-1.07253,0.02363,-0.77756,-0.86484,0.07483,-0.75042,-0.70591,0.12083,-0.45101,-0.70035,-0.05293,-0.73913,-0.87847,-0.04471,-0.80628,-0.70522,0.02021,-0.80662,-0.57731,0.06616,-0.48456,-0.42501,-0.11245,-0.70853,-0.53858,-0.12744,-0.80873,-0.52189,-0.10527,-0.87575,-0.50267,-0.08019,,,
2026-09-29T16:58:22.260279,rayexper,Y,170.8560499713845,91.31614438218593,67.62470022871938,67.39225942976798,124.56964631524662,0.0,0.0,0.0,-0.0414,-0.47139,0.17364,-0.13456,-0.80874,0.23525,-0.21305,-1.09475,0.26289,-0.20729,-1.34524,0.28237,-0.34364,-1.04913,0.0988,-0.62162,-1.11463,0.11045,-0.70427,-0.92007,0.14003,-0.69834,-0.81145,0.16289,-0.41359,-0.91041,0.00965,-0.72518,-1.05306,0.01441,-0.77702,-0.83771,0.06254,-0.73365,-0.68901,0.10231,-0.46194,-0.67726,-0.06374,-0.75572,-0.85625,-0.05188,-0.80988,-0.67185,0.01117,-0.79215,-0.54565,0.05302,-0.48599,-0.3938,-0.12172,-0.72043,-0.51327,-0.12627,-0.80621,-0.48271,-0.09755,-0.84987,-0.45304,-0.07039,,,
2026-09-29T16:58:23.325359,rayexper,Y,143.32999736323066,73.37932413140153,76.68665756681915,82.52078063351581,140.2476628323083,0.0,0.0,0.0,-0.06085,-0.4437,0.31024,-0.18438,-0.71815,0.46596,-0.31783,-0.85055,0.5754,-0.42798,-0.82563,0.68415,-0.33909,-1.01976,0.23545,-0.60571,-1.19616,0.32823,-0.66284,-1.00337,0.43627,-0.62698,-0.85881,0.51311,-0.40826,-0.90486,0.12059,-0.70888,-1.04771,0.19582,-0.75615,-0.8352,0.30527,-0.71979,-0.71074,0.38716,-0.46686,-0.69038,0.03177,-0.74857,-0.8437,0.10705,-0.81205,-0.66384,0.20445,-0.81484,-0.55118,0.26243,-0.50839,-0.41472,-0.02978,-0.73056,-0.45934,0.0031,-0.84328,-0.4003,0.03645,-0.91668,-0.35806,0.06529,,,
2026-09-29T16:58:23.558937,rayexper,Y,143.82462438806033,74.48976049249693,72.86901730420428,75.80395176285587,138.8180716481285,0.0,0.0,0.0,-0.05003,-0.46344,0.29715,-0.16023,-0.74651,0.43975,-0.29208,-0.88535,0.5384,-0.40095,-0.87581,0.63507,-0.31701,-1.03454,0.19145,-0.59218,-1.22299,0.26331,-0.66619,-1.04233,0.36663,-0.64493,-0.89381,0.44349,-0.39468,-0.91569,0.07574,-0.7037,-1.08228,0.12822,-0.75735,-0.86775,0.24039,-0.72202,-0.73181,0.32815,-0.45855,-0.69382,-0.01423,-0.74847,-0.87287,0.03911,-0.80596,-0.6924,0.14425,-0.79801,-0.57675,0.21338,-0.50196,-0.41494,-0.07756,-0.73069,-0.49031,-0.06467,-0.84891,-0.44477,-0.03288,-0.92495,-0.41486,-0.00063,,,
2026-09-29T16:58:23.750354,rayexper,Y,157.20610779903984,80.59611583584785,74.35628934835748,78.16861946317023,138.64970347597418,0.0,0.0,0.0,-0.03337,-0.4626,0.29857,-0.12434,-0.7531,0.45075,-0.23543,-0.91795,0.5616,-0.31875,-0.97439,0.67351,-0.31225,-1.03566,0.21583,-0.57883,-1.1982,0.31117,-0.64535,-1.01723,0.42698,-0.62511,-0.88365,0.50862,-0.39527,-0.9121,0.10876,-0.69261,-1.06444,0.17658,-0.7349,-0.84977,0.28739,-0.70054,-0.72586,0.37219,-0.46456,-0.68815,0.02866,-0.74598,-0.85944,0.0938,-0.8044,-0.68006,0.19589,-0.80153,-0.56733,0.26122,-0.50808,-0.41021,-0.02389,-0.73229,-0.46197,0.00377,-0.84317,-0.40346,0.04057,-0.91683,-0.36486,0.07432,,,
2026-09-29T16:58:23.949926,rayexper,Y,169.26255344752866,83.52842375515475,76.66406540258639,84.41429668848109,149.0461620434452,0.0,0.0,0.0,-0.03643,-0.48446,0.29596,-0.11322,-0.81334,0.44983,-0.20982,-1.04718,0.56395,-0.28764,-1.20051,0.68112,-0.33609,-1.03291,0.22881,-0.57716,-1.21035,0.33688,-0.64484,-1.04384,0.46835,-0.63232,-0.92199,0.56406,-0.41633,-0.90037,0.12653,-0.69802,-1.06112,0.20236,-0.74465,-0.86454,0.33042,-0.71335,-0.73196,0.43471,-0.48502,-0.67029,0.04999,-0.7498,-0.83101,0.12031,-0.81058,-0.69035,0.24595,-0.80497,-0.58236,0.33454,-0.52392,-0.39919,9e-05,-0.74064,-0.45081,0.03394,-0.85686,-0.42583,0.08578,-0.93572,-0.40618,0.1363,,,
2026-09-29T16:58:24.114001,rayexper,Y,170.38126176187492,78.872728295415,73.82130953931518,82.73455747388583,154.77490522065875,0.0,0.0,0.0,-0.04006,-0.48848,0.30167,-0.11514,-0.8278,0.45599,-0.21379,-1.07554,0.57027,-0.2897,-1.248,0.68854,-0.34524,-1.03048,0.22282,-0.59707,-1.24806,0.32761,-0.66608,-1.08129,0.4655,-0.64782,-0.9551,0.56817,-0.42381,-0.89808,0.11761,-0.7244,-1.0855,0.18826,-0.77086,-0.8829,0.32487,-0.73553,-0.74722,0.43858,-0.49254,-0.6705,0.03847,-0.77475,-0.84163,0.10381,-0.83422,-0.69873,0.23788,-0.82385,-0.58582,0.33494,-0.53364,-0.40409,-0.01331,-0.75985,-0.44391,0.01329,-0.88874,-0.42285,0.06389,-0.97946,-0.412,0.11583,,,
2026-09-29T16:58:24.293889,rayexper,Y,169.96365831511852,77.95962119222231,76.16995277023395,82.95953144162432,152.34746929930512,0.0,0.0,0.0,-0.03932,-0.47961,0.28323,-0.11772,-0.81474,0.42823,-0.21877,-1.05589,0.5342,-0.29138,-1.21291,0.64212,-0.3453,-1.02595,0.21104,-0.59488,-1.21878,0.30058,-0.6665,-1.04606,0.41905,-0.65295,-0.91545,0.50784,-0.42062,-0.90074,0.10839,-0.71266,-1.05855,0.16703,-0.76794,-0.85742,0.28362,-0.74182,-0.7202,0.38089,-0.48513,-0.67227,0.02985,-0.75937,-0.8336,0.08244,-0.82747,-0.68324,0.19836,-0.82869,-0.56709,0.28267,-0.52238,-0.3995,-0.02256,-0.74929,-0.44932,-0.00324,-0.87589,-0.42576,0.04124,-0.96535,-0.41284,0.08734,,,
2026-09-29T16:58:24.459163,rayexper,Y,170.66255862018625,70.94827676340097,70.453528901063,76.87717261074931,156.13673008197907,0.0,0.0,0.0,-0.0333,-0.47227,0.28508,-0.11009,-0.80476,0.43242,-0.21211,-1.05061,0.5413,-0.28306,-1.21743,0.6544,-0.3363,-1.01736,0.21123,-0.58765,-1.254,0.30175,-0.65451,-1.07725,0.42496,-0.63293,-0.93129,0.51703,-0.41296,-0.90411,0.10981,-0.70749,-1.09023,0.1653,-0.75325,-0.8819,0.28501,-0.72123,-0.7416,0.38485,-0.47961,-0.68484,0.03252,-0.7635,-0.86876,0.08471,-0.82095,-0.70627,0.20274,-0.81515,-0.58153,0.28714,-0.51838,-0.41833,-0.01856,-0.74514,-0.46495,-0.00514,-0.87596,-0.44396,0.03185,-0.97143,-0.43683,0.07177,,,
2026-09-29T16:58:24.650364,rayexper,Y,169.80163350674945,75.69920335376898,70.6037720775045,76.11490205533326,152.6650477638801,0.0,0.0,0.0,-0.0318,-0.4659,0.27881,-0.11419,-0.78346,0.42646,-0.21461,-1.00543,0.53671,-0.28044,-1.14814,0.65067,-0.32439,-1.01944,0.21906,-0.57377,-1.2364,0.31407,-0.6412,-1.07667,0.43211,-0.6235,-0.95182,0.51747,-0.40454,-0.90613,0.12362,-0.69991,-1.08564,0.1846,-0.74276,-0.87747,0.29521,-0.70857,-0.74883,0.38493,-0.47413,-0.68492,0.0518,-0.75604,-0.87054,0.10762,-0.81454,-0.70334,0.21032,-0.80992,-0.58817,0.28087,-0.51485,-0.4146,0.00627,-0.73833,-0.46411,0.0239,-0.86443,-0.43155,0.05449,-0.95577,-0.41444,0.08631,,,
2026-09-29T16:58:24.825977,rayexper,Y,168.26109319751242,75.0346315458483,69.97571533299022,74.0101126453912,155.64202509799534,0.0,0.0,0.0,-0.03278,-0.46519,0.28251,-0.11458,-0.77068,0.42677,-0.21566,-0.97671,0.53465,-0.28093,-1.10449,0.64507,-0.31791,-1.03955,0.17858,-0.59449,-1.23657,0.26872,-0.66177,-1.04546,0.39097,-0.63428,-0.90405,0.47666,-0.40501,-0.91094,0.07845,-0.72101,-1.08836,0.12944,-0.76596,-0.86313,0.23925,-0.72818,-0.73319,0.32462,-0.47696,-0.68875,0.00577,-0.77626,-0.87835,0.05804,-0.82795,-0.70104,0.15453,-0.82209,-0.59033,0.21516,-0.52273,-0.41726,-0.03951,-0.75766,-0.46635,-0.03546,-0.893,-0.42922,-0.01932,-0.99515,-0.41779,-0.00066,,,
2026-09-29T17:11:07.560462,rayexper,Y,109.63007645709682,51.27066946264415,49.91786167650535,55.04618175891795,62.23636773893176,0.0,0.0,0.0,0.29643,-0.82377,0.03109,0.57881,-1.39277,-0.05806,0.95816,-1.62927,-0.12495,1.21332,-1.30711,-0.16349,0.79431,-1.09222,-0.38613,1.25363,-0.74046,-0.34179,1.10175,-0.70293,-0.17963,0.92333,-0.78444,-0.07355,0.79371,-0.44266,-0.41723,1.19928,-0.25219,-0.33123,1.04122,-0.24328,-0.16618,0.86633,-0.27441,-0.09953,0.76456,0.17822,-0.40416,1.11985,0.23941,-0.29186,0.98394,0.21772,-0.10876,0.80303,0.18353,-0.04281,0.71354,0.73781,-0.3814,1.11948,0.73689,-0.29018,1.05336,0.65509,-0.15174,0.91339,0.58474,-0.07942,,,
2026-09-29T17:11:07.714844,rayexper,Y,109.33442707820274,49.0799081269034,47.425602073558046,51.781545192929535,61.56182641539336,0.0,0.0,0.0,0.29712,-0.81351,0.02359,0.5834,-1.3675,-0.0725,0.9545,-1.58024,-0.14502,1.19534,-1.2688,-0.18977,0.77354,-1.09436,-0.42741,1.23996,-0.70006,-0.39968,1.09565,-0.6639,-0.2407,0.92059,-0.76781,-0.1349,0.76402,-0.44806,-0.46423,1.18632,-0.22022,-0.40686,1.03179,-0.21301,-0.24371,0.85631,-0.25073,-0.17186,0.73058,0.16973,-0.45653,1.10247,0.2524,-0.37098,0.9691,0.23524,-0.1869,0.78734,0.20221,-0.11237,0.67774,0.72832,-0.43918,1.10117,0.72501,-0.36705,1.04702,0.64669,-0.23038,0.909,0.57996,-0.15515,,,
2026-09-29T17:11:07.874387,rayexper,Y,109.96120817873471,56.75458608272276,54.2218959819663,60.67806923970733,64.44691591282013,0.0,0.0,0.0,0.29561,-0.80109,0.0342,0.56318,-1.33686,-0.07695,0.91288,-1.55807,-0.1609,1.15633,-1.2503,-0.21849,0.74891,-1.05819,-0.47783,1.19128,-0.70501,-0.41944,1.03799,-0.66772,-0.22902,0.87346,-0.75331,-0.10862,0.74462,-0.42482,-0.51485,1.14055,-0.23823,-0.42286,0.9749,-0.23369,-0.22987,0.80044,-0.26201,-0.15076,0.7175,0.16957,-0.49952,1.06833,0.23017,-0.36835,0.92888,0.20869,-0.16041,0.74515,0.18398,-0.09018,0.67688,0.70591,-0.47417,1.07008,0.69669,-0.37047,1.00235,0.61616,-0.22217,0.85835,0.55207,-0.15126,,,
2026-09-29T17:11:08.024038,rayexper,Y,112.67996704664718,51.87442414838157,50.6421409444167,56.86192173300399,64.50406655658571,0.0,0.0,0.0,0.28419,-0.80163,0.02768,0.56213,-1.33986,-0.07997,0.92,-1.56205,-0.15983,1.16703,-1.27541,-0.21249,0.73274,-1.09256,-0.47917,1.20952,-0.69892,-0.4415,1.06879,-0.66696,-0.26425,0.89748,-0.77148,-0.14758,0.73194,-0.44616,-0.51498,1.1522,-0.22926,-0.44252,0.99437,-0.22833,-0.25965,0.81931,-0.26597,-0.18105,0.70902,0.16867,-0.50092,1.07246,0.24471,-0.39179,0.93955,0.22176,-0.19179,0.75685,0.18476,-0.11764,0.67474,0.72236,-0.47715,1.07931,0.72018,-0.39143,1.0266,0.64418,-0.25201,0.8957,0.57554,-0.18129,,,
2026-09-29T17:11:08.192647,rayexper,Y,113.53991123398816,52.43981405341441,52.2959754482648,58.52438783751673,68.9191849546769,0.0,0.0,0.0,0.27872,-0.79481,0.02838,0.55237,-1.32755,-0.08827,0.9066,-1.55266,-0.17606,1.14542,-1.27114,-0.23777,0.71618,-1.06713,-0.51166,1.1843,-0.68525,-0.4732,1.04537,-0.65764,-0.28932,0.88249,-0.76688,-0.16974,0.70959,-0.44025,-0.55015,1.12897,-0.22221,-0.47652,0.97432,-0.22664,-0.28306,0.80507,-0.26731,-0.19993,0.68718,0.15184,-0.53682,1.05164,0.23627,-0.42358,0.92619,0.20448,-0.21936,0.74937,0.16244,-0.14654,0.65967,0.69222,-0.51347,1.06026,0.6889,-0.42702,1.02226,0.60681,-0.29055,0.90461,0.52925,-0.22496,,,
2026-09-29T17:11:08.356116,rayexper,Y,111.42297830920128,47.45802104218354,46.65269343183191,51.0110069592942,65.01241111521354,0.0,0.0,0.0,0.29668,-0.8067,0.0085,0.57694,-1.35678,-0.11079,0.93941,-1.57879,-0.20233,1.17855,-1.27819,-0.26497,0.75085,-1.06286,-0.48977,1.21931,-0.67882,-0.47475,1.07849,-0.64795,-0.3133,0.90507,-0.75564,-0.20466,0.73345,-0.43129,-0.5254,1.1645,-0.19991,-0.47705,1.00981,-0.20016,-0.3038,0.83544,-0.24573,-0.22686,0.70022,0.17038,-0.51534,1.08802,0.26781,-0.43665,0.96052,0.2358,-0.24558,0.77578,0.19012,-0.16784,0.65775,0.72157,-0.49657,1.0867,0.73203,-0.4357,1.05334,0.64166,-0.30494,0.93016,0.55621,-0.23421,,,
2026-09-29T17:11:08.514897,rayexper,Y,116.75930913730005,47.812645049785125,48.13076110134845,53.205853060638006,66.02373961404912,0.0,0.0,0.0,0.28695,-0.81529,0.01362,0.56148,-1.35219,-0.10103,0.92147,-1.57707,-0.1894,1.18982,-1.33172,-0.24941,0.75616,-1.08189,-0.46418,1.22322,-0.70026,-0.44174,1.07425,-0.66953,-0.28172,0.89592,-0.77008,-0.17477,0.75272,-0.43021,-0.49833,1.16467,-0.20778,-0.43152,1.00388,-0.2051,-0.25985,0.82855,-0.24814,-0.18981,0.72372,0.18686,-0.48774,1.08697,0.27386,-0.39282,0.95114,0.24625,-0.20045,0.76942,0.2019,-0.12968,0.68373,0.74047,-0.46861,1.09188,0.74788,-0.39999,1.04991,0.65786,-0.26796,0.93168,0.56444,-0.19993,,,
2026-09-29T17:11:08.703885,rayexper,Y,145.52885343087024,65.92291285618761,67.06734930834065,70.01986244245266,85.68964607804327,0.0,0.0,0.0,0.28388,-0.77257,0.07348,0.5515,-1.24889,-0.02515,0.87351,-1.48837,-0.10165,1.15263,-1.53667,-0.15718,0.74281,-1.0423,-0.48616,1.1615,-0.64635,-0.38907,0.99587,-0.59385,-0.16629,0.83442,-0.68337,-0.02777,0.74102,-0.40278,-0.53726,1.09004,-0.18668,-0.38642,0.91172,-0.18505,-0.15729,0.73924,-0.21383,-0.07024,0.70038,0.18117,-0.53049,1.00944,0.26274,-0.34962,0.86526,0.23041,-0.12206,0.68399,0.17229,-0.061,0.66644,0.69228,-0.51137,1.03301,0.71104,-0.40574,1.03563,0.62436,-0.27211,0.96738,0.50324,-0.21905,,,
2026-09-29T17:11:08.823777,rayexper,Y,149.55400302293748,53.41646134811034,51.32795758040329,54.58875046150462,78.66788920142251,0.0,0.0,0.0,0.28456,-0.78636,0.01925,0.58108,-1.28324,-0.08378,0.91813,-1.54312,-0.16062,1.20603,-1.61879,-0.21088,0.76429,-1.0765,-0.47145,1.21325,-0.65914,-0.43596,1.03896,-0.59816,-0.26848,0.85754,-0.69754,-0.15776,0.76403,-0.39981,-0.50637,1.14101,-0.17427,-0.4202,0.96677,-0.17296,-0.24132,0.7848,-0.21204,-0.17401,0.72452,0.21601,-0.49576,1.06442,0.29178,-0.38555,0.92157,0.24798,-0.19031,0.73512,0.1854,-0.12672,0.68474,0.74958,-0.47614,1.0764,0.76277,-0.41092,1.07207,0.65823,-0.28794,0.99187,0.52302,-0.22899,,,
2026-09-29T17:11:08.981658,rayexper,Y,154.08608835412804,56.969401111228855,56.30966926773327,58.49081281932776,88.49640806386131,0.0,0.0,0.0,0.29406,-0.77016,0.02221,0.58187,-1.2473,-0.09438,0.90429,-1.50361,-0.18293,1.17882,-1.62622,-0.2455,0.74305,-1.04835,-0.52526,1.17307,-0.63099,-0.48657,1.01146,-0.56608,-0.30236,0.83971,-0.67241,-0.18034,0.72776,-0.38899,-0.56485,1.10131,-0.15998,-0.47351,0.9352,-0.16353,-0.26605,0.75911,-0.20994,-0.18061,0.68166,0.20656,-0.55637,1.03826,0.29616,-0.44256,0.90937,0.24407,-0.22572,0.72369,0.17324,-0.14996,0.64326,0.72851,-0.53868,1.03782,0.73546,-0.48302,1.06478,0.61012,-0.36127,1.00844,0.45692,-0.30261,,,
2026-09-29T17:11:09.146091,rayexper,Y,169.07540578568643,55.114451997396,58.481339549928656,61.72653717509962,102.44088122939387,0.0,0.0,0.0,0.27891,-0.75546,-0.00384,0.55116,-1.24695,-0.15006,0.82887,-1.55759,-0.26386,1.05498,-1.8417,-0.35085,0.67543,-1.03913,-0.60115,1.1152,-0.6444,-0.57807,0.96232,-0.57953,-0.39038,0.80301,-0.69596,-0.26554,0.65092,-0.41283,-0.63708,1.04703,-0.20152,-0.54642,0.87474,-0.20672,-0.30846,0.70806,-0.2641,-0.20357,0.61286,0.1485,-0.6278,0.9857,0.23619,-0.50045,0.84886,0.17854,-0.25537,0.65334,0.09276,-0.16728,0.59371,0.66033,-0.61652,0.99867,0.66087,-0.57614,1.07631,0.52667,-0.46971,1.05927,0.35364,-0.42267,,,
2026-09-29T17:11:09.307897,rayexper,Y,166.8454434352955,39.23954620560615,43.01430144863935,47.40003045506709,102.79563528878226,0.0,0.0,0.0,0.29157,-0.77559,-0.02121,0.59822,-1.34606,-0.14875,0.90767,-1.69373,-0.24226,1.15505,-1.97267,-0.30159,0.76397,-1.06327,-0.53698,1.27425,-0.64149,-0.57583,1.12329,-0.5971,-0.44694,0.9243,-0.7157,-0.3443,0.73958,-0.38159,-0.55444,1.20439,-0.13706,-0.52142,1.05941,-0.15134,-0.34603,0.87494,-0.20861,-0.26809,0.6892,0.22661,-0.53366,1.13476,0.33648,-0.47418,1.01534,0.2806,-0.27534,0.81364,0.1976,-0.18902,0.64292,0.77086,-0.50756,1.11509,0.8286,-0.4979,1.22986,0.68913,-0.40058,1.24505,0.47828,-0.34264,,,
2026-09-29T17:11:09.473613,rayexper,Y,171.73523186603697,25.049819293145603,20.384049478945904,39.45163195878885,119.29724655770276,0.0,0.0,0.0,0.29848,-0.77267,-0.08533,0.62684,-1.39294,-0.23601,0.95469,-1.80992,-0.35295,1.20862,-2.18591,-0.4286,0.82559,-1.03837,-0.53517,1.40473,-0.64114,-0.65836,1.23345,-0.59854,-0.59096,1.00361,-0.71563,-0.5125,0.77759,-0.32444,-0.53861,1.33777,-0.11407,-0.61135,1.196,-0.15685,-0.49498,1.00419,-0.23187,-0.42886,0.71204,0.3044,-0.52009,1.27691,0.42103,-0.56264,1.18251,0.30203,-0.40509,0.97922,0.16212,-0.31057,0.65421,0.84803,-0.49987,1.2005,0.9455,-0.54862,1.40477,0.82242,-0.48399,1.50341,0.61048,-0.43216,,,
2026-09-29T17:11:09.645640,rayexper,Y,176.33636958022382,32.967513387073964,25.27864345565221,36.31793742432241,134.44130721877175,0.0,0.0,0.0,0.29494,-0.74401,-0.05871,0.64966,-1.36202,-0.19155,0.94583,-1.82337,-0.29438,1.10944,-2.29069,-0.36242,0.82244,-0.98259,-0.53778,1.40126,-0.56996,-0.63037,1.22693,-0.49771,-0.5337,1.01668,-0.61314,-0.44793,0.77186,-0.31019,-0.55499,1.33413,-0.06209,-0.60951,1.17656,-0.08465,-0.47417,0.99679,-0.17924,-0.40364,0.70232,0.28491,-0.54465,1.27048,0.42312,-0.56745,1.14657,0.35833,-0.3958,0.94794,0.23454,-0.30491,0.63796,0.80225,-0.53163,1.16479,0.91248,-0.57124,1.38327,0.85722,-0.50889,1.52512,0.70077,-0.47004,,,
2026-09-29T17:11:09.804155,rayexper,Y,170.7197913652653,27.52037037350347,16.494793272582857,31.078337215400122,157.51943844534753,0.0,0.0,0.0,0.31954,-0.70209,-0.06528,0.70996,-1.28244,-0.20433,1.00294,-1.7482,-0.32076,1.15001,-2.2475,-0.40047,0.85885,-0.92322,-0.50783,1.49979,-0.47735,-0.64503,1.28794,-0.39304,-0.59654,1.06041,-0.53087,-0.53746,0.79842,-0.27439,-0.53595,1.43759,0.05023,-0.6376,1.24975,0.04553,-0.53553,1.05486,-0.07555,-0.47265,0.72307,0.31469,-0.54397,1.35798,0.5603,-0.59436,1.21641,0.5048,-0.42609,1.01416,0.35632,-0.3245,0.64833,0.82009,-0.55316,1.17456,0.99448,-0.58934,1.41503,1.05004,-0.5235,1.58322,1.0351,-0.47988,,,
2026-09-29T17:11:09.949044,rayexper,Y,171.0603567726142,34.889689118531855,15.472871440851097,23.93791693488377,28.407889154748403,0.0,0.0,0.0,0.32112,-0.69414,-0.07702,0.72258,-1.30544,-0.21383,1.02124,-1.78507,-0.33336,1.16106,-2.28106,-0.42034,0.89007,-0.96813,-0.45381,1.53812,-0.47975,-0.61487,1.32973,-0.37032,-0.60675,1.08043,-0.49749,-0.57196,0.81674,-0.29338,-0.49685,1.50337,0.1069,-0.6065,1.27882,0.11028,-0.51493,1.03158,-0.04117,-0.45556,0.72215,0.34408,-0.5293,1.41043,0.65959,-0.6057,1.19866,0.61096,-0.43348,0.94389,0.48064,-0.32355,0.61186,0.90005,-0.56327,1.14532,1.12186,-0.59825,1.01954,1.06664,-0.47242,0.83541,0.95841,-0.38403,,,
2026-09-29T17:11:10.092045,rayexper,Y,171.0096307298572,101.45677014425547,63.15224917848847,106.98802965149865,108.85314813931147,0.0,0.0,0.0,0.32709,-0.71401,-0.06228,0.70479,-1.32938,-0.2198,0.98589,-1.8333,-0.35391,1.12724,-2.35721,-0.47174,0.86902,-0.99932,-0.48643,1.56774,-0.43323,-0.63331,1.62324,-0.24139,-0.61497,1.50526,-0.28012,-0.56221,0.78921,-0.31372,-0.52795,1.56833,0.15138,-0.64675,1.62621,0.24529,-0.57318,1.51139,0.14557,-0.50226,0.6969,0.32949,-0.54926,1.42966,0.69362,-0.61494,1.61173,0.69666,-0.50993,1.62683,0.53243,-0.43906,0.59996,0.87665,-0.56329,1.11711,1.07356,-0.59038,1.24029,1.08285,-0.49341,1.2562,0.9584,-0.41873,,,
2026-09-29T17:11:10.279813,rayexper,Y,176.96440824681156,173.24155504079448,172.90495546155097,173.52225333128874,161.92033570307214,0.0,0.0,0.0,0.31512,-0.78649,-0.10315,0.67295,-1.41138,-0.25884,0.99763,-1.89398,-0.38952,1.17949,-2.40345,-0.52893,0.9266,-0.79313,-0.43249,1.55613,-0.45782,-0.60151,1.91153,-0.25693,-0.67882,2.17488,-0.05701,-0.71267,0.88156,-0.10053,-0.46124,1.58351,0.17711,-0.59513,1.98016,0.35987,-0.6411,2.26414,0.53097,-0.67596,0.81489,0.50503,-0.4737,1.48987,0.75722,-0.59037,1.87085,0.88557,-0.61176,2.13581,0.97179,-0.62687,0.7368,0.97087,-0.48095,1.22442,1.13383,-0.55726,1.45423,1.18883,-0.53066,1.62389,1.19982,-0.50613,,,
2026-09-29T17:37:56.340633,invitado,Y,167.85758247122465,64.78303870370948,50.505771473631754,44.434901191559376,22.82444197885233,0.0,0.0,0.0,-0.09146,-0.61836,0.01566,-0.32576,-1.17992,-0.00907,-0.57764,-1.51461,-0.0295,-0.74568,-1.78466,-0.04986,-0.54113,-1.18313,-0.17858,-0.95137,-0.93325,-0.21256,-0.85327,-0.7753,-0.18055,-0.73171,-0.78681,-0.15153,-0.59688,-0.77498,-0.2077,-0.95046,-0.57651,-0.22427,-0.82556,-0.45656,-0.16601,-0.68946,-0.48211,-0.13863,-0.63294,-0.33775,-0.2225,-0.9295,-0.22635,-0.2395,-0.79327,-0.12001,-0.1521,-0.65017,-0.12437,-0.10723,-0.65711,0.11241,-0.23215,-0.84999,0.12621,-0.25536,-0.70802,0.19232,-0.19613,-0.58817,0.19205,-0.14967,,,
2026-09-29T17:37:56.544860,invitado,Y,175.39477779211444,58.60215115319774,49.629143266418,43.18236555858038,24.719887832332503,0.0,0.0,0.0,-0.10308,-0.60629,0.00557,-0.34561,-1.20291,-0.03295,-0.5813,-1.59728,-0.06788,-0.71302,-1.9403,-0.10407,-0.55656,-1.18925,-0.18292,-0.9598,-0.93334,-0.24357,-0.85069,-0.78834,-0.23553,-0.71328,-0.81017,-0.21863,-0.60663,-0.76522,-0.21547,-0.97304,-0.55372,-0.2564,-0.84206,-0.43266,-0.21129,-0.69377,-0.45318,-0.1878,-0.64222,-0.31784,-0.23735,-0.94993,-0.18796,-0.27045,-0.80921,-0.08504,-0.18732,-0.65968,-0.09256,-0.14102,-0.67109,0.1361,-0.25546,-0.88617,0.16376,-0.28587,-0.73853,0.23355,-0.22622,-0.61123,0.23476,-0.17724,,,
2026-09-29T17:37:56.750149,invitado,Y,178.4948999962026,54.420244655850624,44.94792835107037,39.119752170200044,23.419834425613754,0.0,0.0,0.0,-0.10708,-0.59263,-0.01598,-0.3842,-1.21635,-0.06778,-0.63292,-1.64932,-0.11066,-0.73787,-2.06327,-0.15006,-0.60878,-1.18923,-0.21267,-1.01093,-0.8938,-0.29577,-0.87905,-0.75476,-0.29968,-0.72846,-0.80269,-0.28716,-0.65242,-0.71961,-0.23772,-1.02868,-0.48061,-0.30478,-0.87147,-0.36584,-0.26113,-0.71256,-0.40665,-0.23117,-0.68799,-0.23606,-0.25497,-1.0114,-0.08237,-0.30629,-0.84883,0.01327,-0.21724,-0.68963,-0.01363,-0.16078,-0.71679,0.25063,-0.26994,-0.94471,0.29189,-0.30578,-0.77998,0.36033,-0.24169,-0.64435,0.34638,-0.18656,,,
2026-09-29T17:37:56.948062,invitado,Y,171.91293260406633,49.55467877753182,37.21844691714835,25.843367569592534,10.673176351417093,0.0,0.0,0.0,-0.14145,-0.64821,-0.02865,-0.43501,-1.27297,-0.09752,-0.67256,-1.73733,-0.15777,-0.7244,-2.21263,-0.21594,-0.65673,-1.19202,-0.24877,-1.07328,-0.89757,-0.33549,-0.93475,-0.77064,-0.33945,-0.77922,-0.82538,-0.33068,-0.68432,-0.67312,-0.28037,-1.08508,-0.47866,-0.35948,-0.91995,-0.37769,-0.32051,-0.75194,-0.40796,-0.29359,-0.70664,-0.15826,-0.30245,-1.04844,-0.07283,-0.36647,-0.87766,0.00208,-0.27527,-0.70643,-0.01752,-0.21479,-0.71771,0.35033,-0.32338,-0.96616,0.31329,-0.37347,-0.80049,0.35238,-0.30836,-0.65575,0.34131,-0.25091,,,
2026-09-29T17:37:57.135011,invitado,Y,176.1064311332857,39.814405749617706,33.762777199034055,23.49464635024243,14.953538258283263,0.0,0.0,0.0,-0.15903,-0.67074,-0.02748,-0.48255,-1.32409,-0.09874,-0.76222,-1.78372,-0.15836,-0.86577,-2.24525,-0.21571,-0.6955,-1.18721,-0.28489,-1.12551,-0.88661,-0.37086,-0.98395,-0.78958,-0.36482,-0.82796,-0.8614,-0.34859,-0.71322,-0.6257,-0.31593,-1.13496,-0.43868,-0.39777,-0.96138,-0.34684,-0.35003,-0.7839,-0.37398,-0.31716,-0.72882,-0.084,-0.33401,-1.09235,0.00647,-0.39285,-0.91187,0.06089,-0.28841,-0.73096,0.03058,-0.22227,-0.73202,0.44065,-0.35027,-0.99855,0.40807,-0.39224,-0.82714,0.44111,-0.3164,-0.6794,0.42582,-0.25398,,,
2026-09-29T17:37:57.332665,invitado,Y,173.80278390868654,46.26904191197329,39.248628307147044,30.46485074691996,14.246001879262316,0.0,0.0,0.0,-0.16659,-0.67184,-0.02606,-0.50099,-1.27388,-0.08093,-0.81878,-1.64549,-0.12052,-1.01234,-1.99739,-0.15854,-0.69644,-1.15973,-0.27098,-1.11616,-0.86616,-0.33425,-1.00054,-0.76108,-0.31141,-0.85713,-0.81226,-0.28605,-0.71174,-0.63841,-0.29302,-1.12007,-0.42264,-0.34741,-0.97135,-0.32053,-0.29143,-0.80794,-0.36067,-0.2602,-0.71988,-0.11926,-0.3011,-1.06866,0.0139,-0.34242,-0.90794,0.07625,-0.24143,-0.73929,0.03551,-0.1839,-0.71427,0.3911,-0.30667,-0.96639,0.40215,-0.34559,-0.81112,0.43121,-0.27684,-0.67401,0.39867,-0.22205,,,
2026-09-29T17:37:57.504228,invitado,Y,171.5716919303261,44.509510104531984,37.143387065014515,29.693957743525452,21.866951327146612,0.0,0.0,0.0,-0.17631,-0.70238,-0.01764,-0.51274,-1.30274,-0.06944,-0.84148,-1.67344,-0.10416,-1.04904,-1.99619,-0.13708,-0.69788,-1.15984,-0.28155,-1.11504,-0.90517,-0.32225,-1.00235,-0.80778,-0.27794,-0.85959,-0.84969,-0.24102,-0.72229,-0.62151,-0.30335,-1.13444,-0.46554,-0.33523,-0.99565,-0.36859,-0.26651,-0.83515,-0.38926,-0.23134,-0.73828,-0.08993,-0.30665,-1.08455,-0.01609,-0.32317,-0.92996,0.0396,-0.21418,-0.76513,0.0154,-0.1591,-0.73652,0.42432,-0.30679,-0.98218,0.38491,-0.32686,-0.82954,0.40853,-0.25007,-0.69848,0.38836,-0.19498,,,
2026-09-29T17:37:57.714807,invitado,Y,153.42456483281896,53.160982147072744,42.22694593143606,27.738437563599604,23.67422424909791,0.0,0.0,0.0,-0.19292,-0.69657,-0.01647,-0.56413,-1.18645,-0.05167,-0.95816,-1.36807,-0.06961,-1.23775,-1.51872,-0.08231,-0.70977,-1.16547,-0.24845,-1.16467,-0.91221,-0.29272,-1.04972,-0.78547,-0.25568,-0.88382,-0.78635,-0.21906,-0.73699,-0.62235,-0.26369,-1.1771,-0.45305,-0.2926,-1.04589,-0.34217,-0.23213,-0.88304,-0.3463,-0.20157,-0.74797,-0.07459,-0.26264,-1.11879,0.00863,-0.28021,-0.96681,0.06005,-0.18105,-0.79997,0.03176,-0.12992,-0.73788,0.45596,-0.2579,-0.99818,0.41302,-0.27805,-0.85832,0.42983,-0.20844,-0.73421,0.3961,-0.15783,,,
2026-09-29T17:37:58.037646,invitado,Y,99.52798507097532,56.44330336669248,42.424840081148744,26.37860254622807,26.457618122231512,0.0,0.0,0.0,-0.2083,-0.6383,0.00172,-0.60952,-0.9531,-0.04818,-1.00264,-0.7403,-0.0935,-1.21484,-0.39173,-0.13347,-0.66978,-1.18563,-0.17103,-1.10949,-0.96923,-0.24768,-0.98733,-0.80735,-0.27246,-0.84848,-0.8288,-0.28141,-0.71357,-0.66799,-0.21122,-1.13343,-0.53982,-0.263,-1.00401,-0.41241,-0.23156,-0.85226,-0.40382,-0.21418,-0.75597,-0.16926,-0.24185,-1.14472,-0.10878,-0.27818,-1.00604,-0.04536,-0.19935,-0.84783,-0.0493,-0.1491,-0.789,0.2922,-0.26878,-1.11476,0.20142,-0.28152,-0.99347,0.218,-0.20473,-0.85211,0.23077,-0.14625,,,
2026-09-29T17:37:58.281073,invitado,Y,97.04814913093966,57.54564584984902,45.96202829776202,16.312265614129814,175.36112408273718,0.0,0.0,0.0,-0.15916,-0.63208,-0.00573,-0.5784,-0.92744,-0.05607,-0.99735,-0.70055,-0.09558,-1.15957,-0.27848,-0.12087,-0.61805,-1.19347,-0.23745,-1.08838,-0.99083,-0.30416,-0.96818,-0.80098,-0.28804,-0.83123,-0.81317,-0.27221,-0.66191,-0.69818,-0.27282,-1.09145,-0.54632,-0.3435,-0.94747,-0.40495,-0.29924,-0.80758,-0.4004,-0.27409,-0.69853,-0.20373,-0.29527,-1.1095,-0.1266,-0.36181,-0.95484,-0.07179,-0.30681,-0.78755,-0.10046,-0.27121,-0.74689,0.2456,-0.31067,-1.12447,0.23715,-0.35272,-1.32992,0.24349,-0.35366,-1.49831,0.22727,-0.36394,,,
2026-09-29T17:37:58.472327,invitado,Y,103.59087100588137,54.34494904629309,42.2480271685517,16.86782726230596,175.86875984912285,0.0,0.0,0.0,-0.17486,-0.61909,0.0175,-0.59036,-0.85835,-0.02154,-0.98929,-0.60693,-0.05222,-1.17593,-0.2377,-0.06742,-0.65334,-1.16875,-0.23458,-1.11918,-0.93043,-0.28454,-0.98909,-0.7673,-0.25148,-0.84757,-0.78838,-0.22821,-0.68659,-0.67278,-0.27561,-1.10849,-0.49699,-0.33133,-0.95518,-0.3823,-0.27562,-0.82132,-0.39401,-0.25088,-0.70838,-0.17279,-0.30064,-1.12967,-0.07004,-0.35552,-0.96974,-0.02615,-0.29772,-0.80946,-0.06066,-0.27115,-0.74219,0.28302,-0.31663,-1.11979,0.35218,-0.37821,-1.33689,0.41459,-0.39994,-1.52652,0.45158,-0.42709,,,
2026-09-29T17:37:58.675599,invitado,Y,103.20109379748696,57.566514396238794,48.72506510077729,22.815851597970784,176.7065687456942,0.0,0.0,0.0,-0.18399,-0.60332,0.00776,-0.59332,-0.81918,-0.03755,-0.97846,-0.54737,-0.07395,-1.14639,-0.17625,-0.09642,-0.6808,-1.16317,-0.22539,-1.12473,-0.86202,-0.28345,-0.98857,-0.70161,-0.26802,-0.84729,-0.74005,-0.25488,-0.7082,-0.65583,-0.26142,-1.10553,-0.4219,-0.31973,-0.95424,-0.30738,-0.27553,-0.81594,-0.32357,-0.25624,-0.72265,-0.15011,-0.28295,-1.12496,-0.00408,-0.33363,-0.96383,0.04908,-0.278,-0.79709,0.00737,-0.25053,-0.74286,0.30619,-0.29727,-1.11081,0.3784,-0.3415,-1.31701,0.43322,-0.34897,-1.49461,0.45276,-0.36497,,,
2026-09-29T17:37:58.916962,invitado,Y,110.3226298579088,50.39193286705974,44.794752593755035,20.518697970692752,176.02635196905862,0.0,0.0,0.0,-0.20128,-0.60133,0.01673,-0.60199,-0.79403,-0.02791,-0.98823,-0.55095,-0.05996,-1.18043,-0.23111,-0.07712,-0.68527,-1.15518,-0.26325,-1.15905,-0.87035,-0.30154,-1.01894,-0.73297,-0.25792,-0.87934,-0.77346,-0.22831,-0.7095,-0.63961,-0.29581,-1.13595,-0.43426,-0.33709,-0.98752,-0.33712,-0.27277,-0.84736,-0.33822,-0.24491,-0.72589,-0.1307,-0.30771,-1.16353,-0.01689,-0.33353,-1.01257,0.0167,-0.26129,-0.85014,-0.01553,-0.23319,-0.74781,0.32598,-0.31142,-1.11427,0.38523,-0.35281,-1.30986,0.41567,-0.36162,-1.48138,0.42193,-0.38124,,,
2026-09-29T17:37:59.134160,invitado,Y,111.7093524062939,54.089502882784764,49.19787412821158,26.21115075436668,177.65122332066966,0.0,0.0,0.0,-0.20596,-0.60203,0.03057,-0.58786,-0.80711,-0.00523,-0.96737,-0.60172,-0.03124,-1.16202,-0.32171,-0.04444,-0.69153,-1.13716,-0.25135,-1.15094,-0.88407,-0.27355,-1.02283,-0.74883,-0.21413,-0.87998,-0.76417,-0.17265,-0.7221,-0.62969,-0.28647,-1.12932,-0.43235,-0.31625,-0.98571,-0.32412,-0.24618,-0.843,-0.31544,-0.21332,-0.73839,-0.12679,-0.29839,-1.1474,6e-05,-0.31685,-0.99984,0.05116,-0.24532,-0.83852,0.02408,-0.21743,-0.75576,0.32724,-0.30019,-1.11967,0.3846,-0.33727,-1.31557,0.42673,-0.3432,-1.48455,0.4409,-0.35926,,,
2026-09-29T17:37:59.433616,invitado,Y,109.37212291928205,54.54995185915494,49.78538966580142,27.411699553420622,175.23615627909507,0.0,0.0,0.0,-0.19623,-0.59964,0.04436,-0.56276,-0.81304,0.01634,-0.92366,-0.62864,-0.00554,-1.10768,-0.34702,-0.01655,-0.68786,-1.13759,-0.22689,-1.13297,-0.88867,-0.25199,-1.00819,-0.74953,-0.20342,-0.8653,-0.76574,-0.16898,-0.72029,-0.63964,-0.26839,-1.11786,-0.44887,-0.29174,-0.97519,-0.33265,-0.22398,-0.83246,-0.32809,-0.19308,-0.73546,-0.13744,-0.28708,-1.13145,-0.01795,-0.29666,-0.98384,0.04544,-0.22441,-0.82233,0.01206,-0.19719,-0.74726,0.31878,-0.29549,-1.09956,0.3608,-0.32541,-1.2885,0.41157,-0.32644,-1.44886,0.42714,-0.33876,,,
2026-09-29T17:37:59.685372,invitado,Y,115.18168493069939,55.089367424301585,50.079384891297295,28.87405796438427,176.5027760130689,0.0,0.0,0.0,-0.20661,-0.60589,0.0335,-0.57737,-0.8501,0.00296,-0.94983,-0.71697,-0.01845,-1.15362,-0.49625,-0.02747,-0.68861,-1.13921,-0.24214,-1.153,-0.87989,-0.26707,-1.03275,-0.74632,-0.21169,-0.89143,-0.75932,-0.16998,-0.72159,-0.63458,-0.2768,-1.13002,-0.43485,-0.30557,-0.98953,-0.32227,-0.23774,-0.84522,-0.31406,-0.20513,-0.7425,-0.13432,-0.28869,-1.15405,-0.01767,-0.30323,-1.00493,0.0517,-0.22871,-0.83857,0.02958,-0.19843,-0.76033,0.31946,-0.29113,-1.11803,0.35034,-0.32392,-1.31598,0.38908,-0.32621,-1.48833,0.39463,-0.33871,,,
2026-09-29T17:37:59.965425,invitado,Y,110.4390113787786,58.69202332336699,52.26814306687053,31.574612749255753,175.25600968686393,0.0,0.0,0.0,-0.21043,-0.59961,0.04971,-0.56056,-0.8478,0.02685,-0.91723,-0.71062,0.00958,-1.11165,-0.47184,0.00285,-0.69713,-1.12707,-0.23402,-1.16409,-0.88677,-0.25091,-1.04713,-0.73584,-0.18431,-0.89996,-0.73548,-0.1349,-0.726,-0.62991,-0.27592,-1.13645,-0.43303,-0.2978,-0.99269,-0.30052,-0.22072,-0.84633,-0.29782,-0.18117,-0.73905,-0.12572,-0.29317,-1.1477,-0.0023,-0.30306,-0.99719,0.08144,-0.22208,-0.83199,0.0495,-0.18733,-0.74737,0.33993,-0.29932,-1.10352,0.38296,-0.33251,-1.29305,0.43176,-0.33032,-1.4546,0.43673,-0.3381,,,
2026-09-29T17:38:00.233269,invitado,Y,114.00256143606612,55.165330993255886,44.18306399585214,27.46469201126087,154.87757433039042,0.0,0.0,0.0,-0.23537,-0.61044,0.03821,-0.59854,-0.89077,-0.00177,-0.95735,-0.78039,-0.0403,-1.16399,-0.58157,-0.07019,-0.716,-1.11546,-0.2236,-1.19536,-0.91548,-0.26864,-1.08926,-0.76755,-0.23261,-0.94848,-0.75697,-0.19954,-0.74522,-0.60839,-0.27295,-1.1864,-0.45853,-0.31129,-1.06524,-0.34773,-0.25464,-0.92524,-0.33878,-0.2249,-0.75926,-0.10773,-0.30064,-1.20173,-0.05331,-0.3154,-1.07596,0.00768,-0.22705,-0.91741,-0.0107,-0.1819,-0.75311,0.36057,-0.32022,-1.09889,0.34045,-0.32745,-1.24799,0.29176,-0.28999,-1.3678,0.21151,-0.27157,,,
2026-09-29T17:38:00.501590,invitado,Y,129.78687980760964,61.07851410613753,41.86750870403114,32.71677183222729,45.22725301659377,0.0,0.0,0.0,-0.21875,-0.6282,0.02873,-0.56504,-0.92121,-0.00754,-0.92181,-0.92076,-0.03448,-1.14407,-0.81754,-0.05553,-0.67625,-1.12303,-0.23177,-1.13099,-0.99472,-0.23817,-1.04659,-0.836,-0.17793,-0.9151,-0.78774,-0.13533,-0.71974,-0.64078,-0.26718,-1.14038,-0.56297,-0.25828,-1.03593,-0.4683,-0.18337,-0.88523,-0.44092,-0.14704,-0.74413,-0.14827,-0.27716,-1.07325,-0.17629,-0.24647,-0.95153,-0.14494,-0.14844,-0.80679,-0.12186,-0.10931,-0.73311,0.31545,-0.28105,-0.89621,0.19388,-0.2664,-0.78101,0.19238,-0.19709,-0.67908,0.20589,-0.15318,,,
2026-09-29T17:38:00.739603,invitado,Y,134.42060794150706,47.495923062457734,34.463021823864935,30.350135274298136,52.9644328115763,0.0,0.0,0.0,-0.21762,-0.68657,0.03942,-0.55968,-1.02898,0.02665,-0.89285,-1.09932,0.0173,-1.09986,-1.02364,0.01322,-0.74591,-1.10565,-0.1577,-1.13286,-0.96393,-0.17218,-1.01787,-0.84896,-0.13648,-0.86175,-0.82757,-0.10589,-0.79048,-0.58246,-0.18942,-1.12873,-0.49712,-0.17545,-1.00829,-0.43081,-0.11481,-0.85393,-0.42606,-0.08626,-0.79867,-0.07428,-0.20133,-1.04272,-0.08125,-0.16775,-0.91336,-0.07064,-0.08593,-0.768,-0.06953,-0.05381,-0.76207,0.38529,-0.20815,-0.89759,0.25695,-0.17973,-0.77076,0.25859,-0.10967,-0.66125,0.26663,-0.06353,,,
2026-09-29T17:38:01.003633,invitado,Y,132.3128519327161,44.90667950965124,33.7524544532072,37.5687564740757,61.13859891180613,0.0,0.0,0.0,-0.19849,-0.73245,0.04932,-0.51954,-1.15011,0.05286,-0.85017,-1.25073,0.06113,-1.0478,-1.19428,0.07164,-0.76391,-1.09893,-0.13634,-1.11017,-0.9547,-0.12097,-0.98202,-0.86723,-0.06912,-0.82826,-0.86034,-0.03059,-0.81478,-0.55711,-0.16052,-1.09735,-0.512,-0.11506,-0.97384,-0.46433,-0.04904,-0.82179,-0.4579,-0.02261,-0.81758,-0.05548,-0.16189,-1.02486,-0.09475,-0.10068,-0.90151,-0.0958,-0.02428,-0.75537,-0.09278,-0.0026,-0.77371,0.39216,-0.15708,-0.89809,0.25729,-0.10912,-0.7729,0.25475,-0.03911,-0.66129,0.25695,0.00355,,,
2026-09-29T17:38:01.217137,invitado,Y,129.84993370720252,43.137578367847716,30.521117387772087,38.27271666577225,60.00788389098162,0.0,0.0,0.0,-0.18857,-0.75544,0.03796,-0.5091,-1.22412,0.03747,-0.8572,-1.33304,0.04476,-1.05866,-1.27711,0.05479,-0.76821,-1.10616,-0.14332,-1.11742,-0.96466,-0.13111,-0.98705,-0.87865,-0.08314,-0.82873,-0.87154,-0.04681,-0.82086,-0.5478,-0.16155,-1.10673,-0.52082,-0.11661,-0.98049,-0.47586,-0.05383,-0.82339,-0.46315,-0.03019,-0.82592,-0.04328,-0.15767,-1.03281,-0.0979,-0.09504,-0.90714,-0.10081,-0.01859,-0.75697,-0.09397,0.00215,-0.78428,0.40618,-0.14879,-0.91409,0.26033,-0.09868,-0.78503,0.26106,-0.0277,-0.6704,0.26832,0.01491,,,
2026-09-29T17:38:01.423486,invitado,Y,102.84204946833633,31.039635355920556,19.46762042690129,35.04987938546151,60.05752977174319,0.0,0.0,0.0,-0.17131,-0.78331,0.00902,-0.49667,-1.28301,-0.00321,-0.85077,-1.30262,-0.00381,-1.03549,-1.08456,-0.0009,-0.76723,-1.11566,-0.15234,-1.11725,-0.99143,-0.16919,-0.97439,-0.92523,-0.1509,-0.80117,-0.92805,-0.13141,-0.83002,-0.53347,-0.1627,-1.11306,-0.53021,-0.13771,-0.97679,-0.49821,-0.0915,-0.81332,-0.47994,-0.07543,-0.84036,-0.01747,-0.15642,-1.05237,-0.09855,-0.11316,-0.91845,-0.112,-0.04528,-0.76401,-0.1014,-0.02451,-0.80064,0.43436,-0.14789,-0.92998,0.26154,-0.11179,-0.79549,0.2518,-0.04528,-0.67779,0.2693,-0.00277,,,
2026-09-29T17:38:01.569664,invitado,Y,94.31755788039932,28.793972530640648,15.744236623896313,31.9774840764485,57.74286408017929,0.0,0.0,0.0,-0.16299,-0.79309,0.00105,-0.4952,-1.28646,-0.01833,-0.86322,-1.25239,-0.02684,-1.04988,-0.97043,-0.03191,-0.76381,-1.13945,-0.15006,-1.11568,-0.98602,-0.17843,-0.97958,-0.93922,-0.17292,-0.81666,-0.95843,-0.16239,-0.82014,-0.54832,-0.16342,-1.11689,-0.53427,-0.15277,-0.98708,-0.51204,-0.11562,-0.82906,-0.49429,-0.10357,-0.82816,-0.02483,-0.1621,-1.05248,-0.10661,-0.13139,-0.92607,-0.11727,-0.06429,-0.77723,-0.1038,-0.04061,-0.7897,0.42652,-0.15945,-0.92937,0.24135,-0.12569,-0.80073,0.23955,-0.05535,-0.68727,0.26178,-0.00967,,,
2026-09-29T18:02:21.367729,invitado,Y,164.04043878449713,13.712572192250688,34.03019530667434,56.81455568948532,80.71016098704112,0.0,0.0,0.0,-0.22224,-0.79302,-0.04157,-0.48007,-1.30351,-0.13019,-0.67966,-1.80563,-0.21707,-0.66376,-2.2803,-0.30003,-0.95406,-0.78775,-0.14636,-1.25111,-0.75853,-0.18162,-1.07858,-0.79078,-0.208,-0.90754,-0.80486,-0.22308,-0.96434,-0.22063,-0.1462,-1.2087,-0.32247,-0.12107,-1.06508,-0.38416,-0.10228,-0.90641,-0.37928,-0.11078,-0.91062,0.26941,-0.13652,-1.12342,0.08464,-0.08184,-1.00473,0.02235,-0.03611,-0.84624,0.02515,-0.03152,-0.83803,0.65062,-0.13201,-0.98385,0.44805,-0.07105,-0.87147,0.37758,-0.00386,-0.7431,0.36427,0.03783,,,
2026-09-29T18:02:21.689126,invitado,Y,163.818540302052,10.818967236288616,34.886025476323695,58.478748687191,81.76931825639996,0.0,0.0,0.0,-0.22435,-0.78897,-0.027,-0.47549,-1.29624,-0.10587,-0.66423,-1.80377,-0.18537,-0.64513,-2.25671,-0.26143,-0.95623,-0.78642,-0.12583,-1.23484,-0.7517,-0.15,-1.06278,-0.78282,-0.17187,-0.89667,-0.79341,-0.1852,-0.96558,-0.22488,-0.13069,-1.19451,-0.32285,-0.09495,-1.05123,-0.38131,-0.07433,-0.89443,-0.37703,-0.08323,-0.90913,0.25794,-0.12465,-1.10777,0.08398,-0.06083,-0.99176,0.02027,-0.01429,-0.83483,0.02267,-0.01081,-0.83276,0.63258,-0.1229,-0.97297,0.44256,-0.05484,-0.86088,0.37361,0.01631,-0.7325,0.35803,0.06,,,
2026-09-29T18:02:21.988238,invitado,Y,164.58827731703187,12.833249955617681,29.7706677299121,55.09838615852391,80.93592590492182,0.0,0.0,0.0,-0.22286,-0.79246,-0.03336,-0.47286,-1.3053,-0.11833,-0.66601,-1.81729,-0.20297,-0.65275,-2.28388,-0.28388,-0.94695,-0.80371,-0.14476,-1.24218,-0.76638,-0.17624,-1.06633,-0.7797,-0.19905,-0.89318,-0.77926,-0.21138,-0.96018,-0.23754,-0.14707,-1.19871,-0.32818,-0.11878,-1.05229,-0.378,-0.09784,-0.89278,-0.36941,-0.1054,-0.91109,0.25344,-0.13845,-1.11225,0.08227,-0.07843,-0.99281,0.02566,-0.03005,-0.83339,0.03397,-0.02517,-0.84198,0.63828,-0.13461,-0.97556,0.44678,-0.0686,-0.86075,0.38199,0.00167,-0.73163,0.37146,0.04476,,,
2026-09-29T18:02:22.297365,invitado,Y,165.28085291635244,15.851342832608408,27.812084396351118,53.49167297862656,79.10591376272038,0.0,0.0,0.0,-0.21906,-0.7647,-0.04871,-0.47662,-1.27816,-0.14487,-0.6798,-1.75416,-0.23839,-0.67772,-2.24706,-0.32808,-0.95096,-0.79789,-0.15185,-1.24249,-0.74346,-0.19185,-1.06864,-0.75935,-0.22036,-0.89901,-0.7746,-0.2356,-0.96044,-0.23396,-0.15106,-1.1955,-0.31202,-0.1318,-1.04926,-0.35941,-0.11286,-0.89174,-0.35792,-0.11863,-0.90863,0.26346,-0.14204,-1.11123,0.10131,-0.09117,-0.98909,0.0507,-0.04468,-0.83158,0.04927,-0.03816,-0.83803,0.65643,-0.13886,-0.97783,0.47335,-0.07713,-0.86215,0.41003,-0.00936,-0.7384,0.39533,0.03299,,,
2026-09-29T18:02:22.602970,invitado,Y,166.6831622210755,14.743607046720484,29.6086161781667,53.79100673236533,78.4526674619803,0.0,0.0,0.0,-0.21461,-0.79412,-0.04827,-0.46412,-1.33153,-0.14312,-0.66726,-1.81846,-0.23447,-0.66312,-2.31558,-0.3207,-0.94175,-0.82033,-0.16297,-1.24934,-0.78242,-0.20581,-1.07368,-0.7995,-0.23301,-0.89897,-0.8058,-0.24595,-0.95595,-0.24483,-0.16194,-1.20649,-0.3442,-0.14507,-1.05949,-0.39241,-0.1246,-0.9003,-0.38337,-0.12989,-0.91001,0.25497,-0.15176,-1.12566,0.07135,-0.10286,-1.00307,0.01905,-0.05228,-0.84351,0.0258,-0.0433,-0.84532,0.64609,-0.14715,-0.99312,0.44665,-0.08754,-0.87742,0.3829,-0.01675,-0.75201,0.37353,0.02799,,,
2026-09-29T18:02:22.906510,invitado,Y,176.81575749492583,11.617523125755142,28.087832392941756,53.81301875874758,74.34446058866452,0.0,0.0,0.0,-0.19969,-0.8086,-0.05155,-0.43067,-1.38106,-0.13116,-0.67253,-1.83162,-0.20265,-0.82471,-2.22322,-0.26488,-0.93527,-0.83476,-0.14609,-1.23174,-0.77664,-0.17634,-1.05884,-0.79647,-0.19506,-0.89216,-0.80748,-0.20193,-0.95393,-0.26698,-0.13688,-1.19107,-0.34835,-0.11306,-1.04253,-0.39882,-0.09572,-0.88676,-0.39266,-0.10438,-0.90658,0.22414,-0.11898,-1.10982,0.05554,-0.07357,-0.98899,0.0061,-0.02118,-0.83461,0.009,-0.01107,-0.84094,0.60902,-0.10552,-0.98804,0.42512,-0.05888,-0.87183,0.36805,0.01059,-0.74632,0.35875,0.05779,,,
2026-09-29T18:02:23.201164,invitado,Y,148.53555913899083,5.935623675614772,29.14151039713705,52.8417411167203,70.66828155952318,0.0,0.0,0.0,-0.19086,-0.8557,-0.05933,-0.44769,-1.47309,-0.11844,-0.78279,-1.81369,-0.15968,-1.05943,-1.91455,-0.18953,-0.91932,-0.88525,-0.16678,-1.23985,-0.8332,-0.17568,-1.07181,-0.85549,-0.16629,-0.91391,-0.85432,-0.15411,-0.94205,-0.30214,-0.14579,-1.204,-0.40011,-0.11125,-1.05796,-0.44943,-0.08366,-0.9049,-0.43261,-0.08632,-0.90368,0.20699,-0.11324,-1.12389,0.03547,-0.05954,-1.0073,-0.01848,-0.00063,-0.85438,-0.00694,0.01002,-0.84314,0.61066,-0.08416,-1.01086,0.41399,-0.03811,-0.89666,0.35644,0.03114,-0.76991,0.35622,0.07707,,,
2026-09-29T18:02:23.510709,invitado,Y,84.8025036975565,6.476540481825846,44.07158827130246,53.31319754388952,72.1296881493015,0.0,0.0,0.0,-0.1214,-0.93187,-0.05271,-0.43537,-1.52066,-0.08006,-0.81988,-1.55305,-0.08075,-0.93372,-1.194,-0.07337,-0.88813,-0.91235,-0.17032,-1.21042,-0.94249,-0.17541,-1.04215,-0.97231,-0.16566,-0.87368,-0.94577,-0.15435,-0.93787,-0.31643,-0.14236,-1.20427,-0.49639,-0.09431,-1.04228,-0.57602,-0.05533,-0.88688,-0.53583,-0.05104,-0.91785,0.17097,-0.1008,-1.16505,-0.0449,-0.04757,-1.03175,-0.12787,0.00427,-0.86985,-0.08782,0.01325,-0.86228,0.54422,-0.06041,-1.10436,0.29197,-0.02023,-1.00182,0.1974,0.04209,-0.87479,0.20192,0.08105,,,
2026-09-29T18:02:23.807080,invitado,Y,86.91526280000906,9.464401374543716,21.369399212381257,30.18533785062553,169.88173751597986,0.0,0.0,0.0,-0.14294,-0.93042,-0.03902,-0.44924,-1.52707,-0.066,-0.82113,-1.56531,-0.07223,-0.94841,-1.23555,-0.07201,-0.89915,-0.92317,-0.17963,-1.25576,-0.8828,-0.19253,-1.11063,-0.89309,-0.1803,-0.94313,-0.86925,-0.16395,-0.93281,-0.32205,-0.16174,-1.22043,-0.38948,-0.12261,-1.07656,-0.42966,-0.08961,-0.92901,-0.40612,-0.09128,-0.8967,0.18225,-0.12982,-1.15938,0.08766,-0.094,-1.04914,0.03863,-0.06155,-0.90151,0.05539,-0.06464,-0.82522,0.59326,-0.09515,-1.16546,0.56385,-0.0672,-1.34194,0.56109,-0.04384,-1.46549,0.59113,-0.03919,,,
2026-09-29T18:02:24.078530,invitado,Y,83.20966015540846,18.611345574385933,12.520360390384814,17.99429788775753,169.76914186490012,0.0,0.0,0.0,-0.14708,-0.88991,-0.03086,-0.46352,-1.44878,-0.05458,-0.82896,-1.4386,-0.06025,-0.96117,-1.08268,-0.06192,-0.89456,-0.93661,-0.18149,-1.25262,-0.82216,-0.19793,-1.10802,-0.81519,-0.18879,-0.94012,-0.81746,-0.17657,-0.92462,-0.34026,-0.17117,-1.21001,-0.32809,-0.1367,-1.06205,-0.34717,-0.10399,-0.91468,-0.34088,-0.10751,-0.88475,0.17371,-0.14652,-1.1486,0.14554,-0.1175,-1.03388,0.11367,-0.08336,-0.88186,0.11534,-0.08609,-0.80686,0.60958,-0.11827,-1.15392,0.60797,-0.10193,-1.34283,0.62727,-0.08397,-1.47708,0.66475,-0.0834,,,
2026-09-29T18:02:24.394888,invitado,Y,82.19552528171894,18.366926582131672,14.114495915449465,20.6360573179966,171.60236204741744,0.0,0.0,0.0,-0.15729,-0.89574,-0.01718,-0.47419,-1.44926,-0.04137,-0.84277,-1.42668,-0.04973,-0.9756,-1.06242,-0.05488,-0.87769,-0.96851,-0.18987,-1.25151,-0.84153,-0.20924,-1.10305,-0.83898,-0.19818,-0.93204,-0.84395,-0.18415,-0.91328,-0.36153,-0.18768,-1.21449,-0.33957,-0.15212,-1.06836,-0.3576,-0.11358,-0.92188,-0.35478,-0.11433,-0.88148,0.16245,-0.16918,-1.15799,0.13147,-0.13533,-1.04998,0.09835,-0.09433,-0.90243,0.10075,-0.09492,-0.80641,0.607,-0.14606,-1.15199,0.60177,-0.12461,-1.33562,0.61103,-0.10055,-1.46238,0.64216,-0.0968,,,
2026-09-29T18:02:24.692984,invitado,Y,81.100102294417,23.91315050569542,13.170987551073095,15.504168592035992,167.98011835164297,0.0,0.0,0.0,-0.16154,-0.86002,-0.03983,-0.47335,-1.41327,-0.08342,-0.8502,-1.36281,-0.10794,-1.00412,-0.98948,-0.12764,-0.87846,-0.97847,-0.21838,-1.2447,-0.81066,-0.25216,-1.09443,-0.79536,-0.24832,-0.92692,-0.81491,-0.23843,-0.90632,-0.36538,-0.21234,-1.2092,-0.30664,-0.19618,-1.06228,-0.30992,-0.16235,-0.91517,-0.31632,-0.16242,-0.86961,0.16526,-0.19155,-1.15266,0.17049,-0.17626,-1.03904,0.14811,-0.13167,-0.88902,0.13584,-0.12443,-0.7927,0.61636,-0.16797,-1.13357,0.59878,-0.15809,-1.31668,0.61206,-0.13276,-1.44745,0.6444,-0.12457,,,
2026-09-29T18:02:24.966290,invitado,Y,80.73088475685499,19.93265608801586,8.478042306944138,16.53382112425134,168.82828308763433,0.0,0.0,0.0,-0.16761,-0.86733,-0.0414,-0.48192,-1.42548,-0.08637,-0.86113,-1.37827,-0.11331,-1.0113,-0.99696,-0.13463,-0.89224,-0.95414,-0.20596,-1.25378,-0.80998,-0.24156,-1.09986,-0.80727,-0.24272,-0.93091,-0.82252,-0.23588,-0.91903,-0.33953,-0.20027,-1.22016,-0.30646,-0.18568,-1.07217,-0.32046,-0.15806,-0.9221,-0.31756,-0.16144,-0.8822,0.18503,-0.18099,-1.16143,0.16809,-0.1657,-1.04826,0.13795,-0.12606,-0.89769,0.13428,-0.12148,-0.80682,0.623,-0.15945,-1.1448,0.60193,-0.14776,-1.32641,0.60837,-0.12411,-1.45601,0.64033,-0.11713,,,
2026-09-29T18:02:25.258384,invitado,Y,81.06575446513597,17.725080282074124,12.441899910749314,20.972922743339467,167.4530643753523,0.0,0.0,0.0,-0.16081,-0.87984,-0.04183,-0.48356,-1.4406,-0.08029,-0.86629,-1.39686,-0.09763,-1.00582,-1.01734,-0.10792,-0.89131,-0.93582,-0.20711,-1.25981,-0.82333,-0.23069,-1.10542,-0.81809,-0.21999,-0.93269,-0.81897,-0.20482,-0.92511,-0.32638,-0.19402,-1.2266,-0.31726,-0.16466,-1.07754,-0.33445,-0.1291,-0.92796,-0.32616,-0.12861,-0.89311,0.19039,-0.16614,-1.16646,0.15792,-0.13737,-1.04933,0.11976,-0.0977,-0.89815,0.11914,-0.09569,-0.82147,0.62014,-0.13565,-1.15831,0.59621,-0.11481,-1.33744,0.60425,-0.09107,-1.46533,0.64148,-0.08564,,,
2026-09-29T18:02:25.572712,invitado,Y,81.43107989615557,22.08758532591367,14.079101212990196,17.35722413139495,171.13186399502817,0.0,0.0,0.0,-0.16585,-0.89194,-0.03772,-0.49113,-1.44249,-0.07275,-0.87415,-1.3735,-0.0876,-1.0224,-1.00809,-0.09639,-0.89242,-0.95911,-0.21219,-1.26144,-0.79166,-0.23295,-1.10768,-0.7862,-0.21495,-0.93273,-0.80626,-0.19496,-0.91955,-0.33678,-0.20251,-1.21803,-0.29116,-0.17494,-1.06592,-0.30125,-0.13645,-0.91463,-0.30649,-0.1343,-0.8817,0.19365,-0.17741,-1.15675,0.18195,-0.15347,-1.03556,0.15504,-0.11304,-0.8829,0.14315,-0.11028,-0.80468,0.64133,-0.14895,-1.15402,0.64717,-0.13405,-1.34146,0.6691,-0.11301,-1.47492,0.70163,-0.10925,,,
2026-09-29T18:02:25.856963,invitado,Y,79.49596050022933,20.56031328826585,15.42250866331689,20.53554405189426,168.50219139306284,0.0,0.0,0.0,-0.16651,-0.88227,-0.02427,-0.48855,-1.42773,-0.05421,-0.8563,-1.36597,-0.06681,-0.98985,-0.98934,-0.07602,-0.8927,-0.93797,-0.20072,-1.25333,-0.79572,-0.22399,-1.10244,-0.78951,-0.21591,-0.92865,-0.80098,-0.20384,-0.92004,-0.3386,-0.19717,-1.20911,-0.29935,-0.16032,-1.05905,-0.30863,-0.12038,-0.91504,-0.31718,-0.12088,-0.87891,0.18054,-0.17759,-1.14141,0.16938,-0.14462,-1.0259,0.14231,-0.09897,-0.8769,0.12968,-0.09632,-0.79474,0.62503,-0.154,-1.14035,0.62401,-0.13496,-1.32557,0.64681,-0.10714,-1.45611,0.68509,-0.09986,,,
2026-09-29T18:02:26.122745,invitado,Y,79.95851616519019,6.768633606477909,28.884919539516176,49.59816916984319,67.36864459770703,0.0,0.0,0.0,-0.14787,-0.88716,-0.04357,-0.46457,-1.44655,-0.07656,-0.83328,-1.42055,-0.0853,-0.94312,-1.05019,-0.08901,-0.89299,-0.90851,-0.19447,-1.22672,-0.87862,-0.21583,-1.06334,-0.88671,-0.20785,-0.88268,-0.86865,-0.19523,-0.93446,-0.30802,-0.1786,-1.20053,-0.39018,-0.14439,-1.04644,-0.44881,-0.10394,-0.88066,-0.43102,-0.0961,-0.90512,0.20275,-0.14782,-1.13788,0.06133,-0.10036,-1.00326,-0.01602,-0.04079,-0.83607,-0.00783,-0.02736,-0.82858,0.61935,-0.11811,-0.99894,0.44214,-0.08175,-0.87675,0.36588,-0.01847,-0.74531,0.37206,0.0216,,,
2026-09-29T18:02:26.355975,invitado,Y,79.86603577593954,25.157459328665677,17.681105356517385,43.99671625909233,72.37035944169499,0.0,0.0,0.0,-0.15485,-0.82756,-0.00845,-0.46286,-1.36015,-0.02881,-0.82286,-1.3237,-0.03595,-0.94325,-0.9538,-0.04259,-0.8961,-0.9249,-0.13597,-1.19545,-0.79853,-0.14152,-1.04852,-0.77843,-0.1342,-0.88111,-0.78633,-0.12639,-0.92974,-0.34098,-0.13897,-1.14596,-0.3389,-0.09445,-0.99912,-0.35905,-0.06295,-0.84204,-0.35503,-0.06315,-0.89235,0.17,-0.12572,-1.07573,0.08016,-0.07258,-0.94624,0.0277,-0.0233,-0.78453,0.02673,-0.01797,-0.81077,0.60439,-0.11119,-0.93287,0.4466,-0.07197,-0.8052,0.38581,-0.01334,-0.67459,0.38111,0.02396,,,
